# WaveFront *.obj file (generated by Autodesk ATF)

mtllib Starling_propeller_CW.mtl

g Body1

v -5.000000 -0.200000 -0.900000
v -4.633937 -0.200000 -0.822191
v -4.331170 -0.200000 -0.602218
v -4.144049 -0.200000 -0.278115
v -4.104930 -0.200000 0.094076
v -4.220577 -0.200000 0.450000
v -4.470993 -0.200000 0.728115
v -4.812879 -0.200000 0.880333
v -5.187121 -0.200000 0.880333
v -5.529007 -0.200000 0.728115
v -5.779423 -0.200000 0.450000
v -5.895070 -0.200000 0.094076
v -5.855951 -0.200000 -0.278115
v -5.668830 -0.200000 -0.602218
v -5.366063 -0.200000 -0.822191
v -5.000000 -1.700000 -0.900000
v -5.366063 -1.700000 -0.822191
v -5.668830 -1.700000 -0.602218
v -5.855951 -1.700000 -0.278115
v -5.895070 -1.700000 0.094076
v -5.779423 -1.700000 0.450000
v -5.529007 -1.700000 0.728115
v -5.187121 -1.700000 0.880333
v -4.812879 -1.700000 0.880333
v -4.470993 -1.700000 0.728115
v -4.220577 -1.700000 0.450000
v -4.104930 -1.700000 0.094076
v -4.144049 -1.700000 -0.278115
v -4.331170 -1.700000 -0.602218
v -4.633937 -1.700000 -0.822191
v -5.000000 0.000000 -0.700000
v -4.674694 0.000000 -0.619819
v -4.423911 0.000000 -0.397645
v -4.305104 0.000000 -0.084376
v -4.345489 0.000000 0.248223
v -4.535814 0.000000 0.523958
v -4.832479 0.000000 0.679659
v -5.167521 0.000000 0.679659
v -5.464186 0.000000 0.523958
v -5.654511 0.000000 0.248223
v -5.694896 0.000000 -0.084376
v -5.576089 0.000000 -0.397645
v -5.325306 0.000000 -0.619819
v -5.000000 -0.200000 -0.700000
v -5.325306 -0.200000 -0.619819
v -5.576089 -0.200000 -0.397645
v -5.694896 -0.200000 -0.084376
v -5.654511 -0.200000 0.248223
v -5.464186 -0.200000 0.523958
v -5.167521 -0.200000 0.679659
v -4.832479 -0.200000 0.679659
v -4.535814 -0.200000 0.523958
v -4.345489 -0.200000 0.248223
v -4.305104 -0.200000 -0.084376
v -4.423911 -0.200000 -0.397645
v -4.674694 -0.200000 -0.619819
v -5.000000 5.100000 -1.185000
v -4.571929 5.100000 -1.104980
v -4.201671 5.100000 -0.875726
v -3.939231 5.100000 -0.528200
v -3.820055 5.100000 -0.109338
v -3.860237 5.100000 0.324291
v -4.054350 5.100000 0.714122
v -4.376178 5.100000 1.007507
v -4.782257 5.100000 1.164823
v -5.217743 5.100000 1.164823
v -5.623822 5.100000 1.007507
v -5.945650 5.100000 0.714122
v -6.139763 5.100000 0.324291
v -6.179945 5.100000 -0.109338
v -6.060769 5.100000 -0.528200
v -5.798329 5.100000 -0.875726
v -5.428071 5.100000 -1.104980
v -5.000000 0.000000 -1.185000
v -5.428071 0.000000 -1.104980
v -5.798329 0.000000 -0.875726
v -6.060769 0.000000 -0.528200
v -6.179945 0.000000 -0.109338
v -6.139763 0.000000 0.324291
v -5.945650 0.000000 0.714122
v -5.623822 0.000000 1.007507
v -5.217743 0.000000 1.164823
v -4.782257 0.000000 1.164823
v -4.376178 0.000000 1.007507
v -4.054350 0.000000 0.714122
v -3.860237 0.000000 0.324291
v -3.820055 0.000000 -0.109338
v -3.939231 0.000000 -0.528200
v -4.201671 0.000000 -0.875726
v -4.571929 0.000000 -1.104980
v -5.000000 5.700000 -1.950000
v -4.450622 5.700000 -1.871011
v -3.945750 5.700000 -1.640444
v -3.526288 5.700000 -1.276978
v -3.226218 5.700000 -0.810059
v -3.069848 5.700000 -0.277514
v -3.069848 5.700000 0.277514
v -3.226218 5.700000 0.810059
v -3.526288 5.700000 1.276978
v -3.945750 5.700000 1.640444
v -4.450622 5.700000 1.871011
v -5.000000 5.700000 1.950000
v -5.549378 5.700000 1.871011
v -6.054250 5.700000 1.640444
v -6.473712 5.700000 1.276978
v -6.773782 5.700000 0.810059
v -6.930152 5.700000 0.277514
v -6.930152 5.700000 -0.277514
v -6.773782 5.700000 -0.810059
v -6.473712 5.700000 -1.276978
v -6.054250 5.700000 -1.640444
v -5.549378 5.700000 -1.871011
v -5.000000 5.100000 -1.950000
v -5.549378 5.100000 -1.871011
v -6.054250 5.100000 -1.640444
v -6.473712 5.100000 -1.276978
v -6.773782 5.100000 -0.810059
v -6.930152 5.100000 -0.277514
v -6.930152 5.100000 0.277514
v -6.773782 5.100000 0.810059
v -6.473712 5.100000 1.276978
v -6.054250 5.100000 1.640444
v -5.549378 5.100000 1.871011
v -5.000000 5.100000 1.950000
v -4.450622 5.100000 1.871011
v -3.945750 5.100000 1.640444
v -3.526288 5.100000 1.276978
v -3.226218 5.100000 0.810059
v -3.069848 5.100000 0.277514
v -3.069848 5.100000 -0.277514
v -3.226218 5.100000 -0.810059
v -3.526288 5.100000 -1.276978
v -3.945750 5.100000 -1.640444
v -4.450622 5.100000 -1.871011
v -4.700000 5.700000 -0.300000
v -4.100000 5.700000 -0.300000
v -4.100000 5.700000 0.300000
v -4.700000 5.700000 0.300000
v -4.700000 5.700000 0.900000
v -5.300000 5.700000 0.900000
v -5.300000 5.700000 0.300000
v -5.900000 5.700000 0.300000
v -5.900000 5.700000 -0.300000
v -5.300000 5.700000 -0.300000
v -5.300000 5.700000 -0.900000
v -4.700000 5.700000 -0.900000
v -4.967949 4.700000 -0.032051
v -4.367949 4.700000 -0.032051
v -4.367949 4.700000 0.032051
v -4.967949 4.700000 0.032051
v -4.967949 4.700000 0.632051
v -5.032051 4.700000 0.632051
v -5.032051 4.700000 0.032051
v -5.632051 4.700000 0.032051
v -5.632051 4.700000 -0.032051
v -5.032051 4.700000 -0.032051
v -5.032051 4.700000 -0.632051
v -4.967949 4.700000 -0.632051
vt 16.937540 0.037699 0.000000
vt 16.787540 0.000000 0.000000
vt 16.937540 0.000000 0.000000
vt 16.787540 -0.037699 0.000000
vt 16.937540 -0.037699 0.000000
vt 16.787540 -0.075398 0.000000
vt 16.937540 -0.075398 0.000000
vt 16.787540 -0.113097 0.000000
vt 16.937540 -0.113097 0.000000
vt 16.787540 -0.150796 0.000000
vt 16.937540 -0.150796 0.000000
vt 16.787540 -0.188496 0.000000
vt 16.937540 -0.188496 0.000000
vt 16.787540 -0.226195 0.000000
vt 16.937540 -0.226195 0.000000
vt 16.787540 -0.263894 0.000000
vt 16.937540 -0.263894 0.000000
vt 16.937540 0.301593 0.000000
vt 16.787540 0.301593 0.000000
vt 16.787540 0.263894 0.000000
vt 16.937540 0.263894 0.000000
vt 16.787540 0.226195 0.000000
vt 16.937540 0.226195 0.000000
vt 16.787540 0.188496 0.000000
vt 16.937540 0.188496 0.000000
vt 16.787540 0.150796 0.000000
vt 16.937540 0.150796 0.000000
vt 16.787540 0.113097 0.000000
vt 16.937540 0.113097 0.000000
vt 16.787540 0.075398 0.000000
vt 16.937540 0.075398 0.000000
vt 16.787540 0.037699 0.000000
vt 16.957540 0.033833 0.000000
vt 16.937540 0.000000 0.000000
vt 16.957540 0.000000 0.000000
vt 16.937540 -0.033833 0.000000
vt 16.957540 -0.033833 0.000000
vt 16.937540 -0.067665 0.000000
vt 16.957540 -0.067665 0.000000
vt 16.937540 -0.101498 0.000000
vt 16.957540 -0.101498 0.000000
vt 16.937540 -0.135330 0.000000
vt 16.957540 -0.135330 0.000000
vt 16.937540 -0.169163 0.000000
vt 16.957540 -0.169163 0.000000
vt 16.937540 -0.202995 0.000000
vt 16.957540 -0.202995 0.000000
vt 16.957540 0.236828 0.000000
vt 16.937540 0.236828 0.000000
vt 16.937540 0.202995 0.000000
vt 16.957540 0.202995 0.000000
vt 16.937540 0.169163 0.000000
vt 16.957540 0.169163 0.000000
vt 16.937540 0.135330 0.000000
vt 16.957540 0.135330 0.000000
vt 16.937540 0.101498 0.000000
vt 16.957540 0.101498 0.000000
vt 16.937540 0.067665 0.000000
vt 16.957540 0.067665 0.000000
vt 16.937540 0.033833 0.000000
vt 17.467540 0.043797 0.000000
vt 16.957540 0.000000 0.000000
vt 17.467540 0.000000 0.000000
vt 16.957540 -0.043797 0.000000
vt 17.467540 -0.043797 0.000000
vt 16.957540 -0.087595 0.000000
vt 17.467540 -0.087595 0.000000
vt 16.957540 -0.131392 0.000000
vt 17.467540 -0.131392 0.000000
vt 16.957540 -0.175190 0.000000
vt 17.467540 -0.175190 0.000000
vt 16.957540 -0.218987 0.000000
vt 17.467540 -0.218987 0.000000
vt 16.957540 -0.262785 0.000000
vt 17.467540 -0.262785 0.000000
vt 16.957540 -0.306582 0.000000
vt 17.467540 -0.306582 0.000000
vt 16.957540 -0.350380 0.000000
vt 17.467540 -0.350380 0.000000
vt 17.467540 0.394177 0.000000
vt 16.957540 0.394177 0.000000
vt 16.957540 0.350380 0.000000
vt 17.467540 0.350380 0.000000
vt 16.957540 0.306582 0.000000
vt 17.467540 0.306582 0.000000
vt 16.957540 0.262785 0.000000
vt 17.467540 0.262785 0.000000
vt 16.957540 0.218987 0.000000
vt 17.467540 0.218987 0.000000
vt 16.957540 0.175190 0.000000
vt 17.467540 0.175190 0.000000
vt 16.957540 0.131392 0.000000
vt 17.467540 0.131392 0.000000
vt 16.957540 0.087595 0.000000
vt 17.467540 0.087595 0.000000
vt 16.957540 0.043797 0.000000
vt 17.527540 0.055692 0.000000
vt 17.467540 0.055692 0.000000
vt 17.527540 0.000000 0.000000
vt 17.467540 0.000000 0.000000
vt 17.527540 -0.055692 0.000000
vt 17.467540 -0.055692 0.000000
vt 17.527540 -0.111384 0.000000
vt 17.467540 -0.111384 0.000000
vt 17.527540 -0.167076 0.000000
vt 17.467540 -0.167076 0.000000
vt 17.527540 -0.222767 0.000000
vt 17.467540 -0.222767 0.000000
vt 17.527540 -0.278459 0.000000
vt 17.467540 -0.278459 0.000000
vt 17.527540 -0.334151 0.000000
vt 17.467540 -0.334151 0.000000
vt 17.527540 -0.389843 0.000000
vt 17.467540 -0.389843 0.000000
vt 17.527540 -0.445535 0.000000
vt 17.467540 -0.445535 0.000000
vt 17.527540 -0.501227 0.000000
vt 17.467540 -0.501227 0.000000
vt 17.527540 -0.556919 0.000000
vt 17.467540 -0.556919 0.000000
vt 17.527540 -0.612611 0.000000
vt 17.467540 -0.612611 0.000000
vt 17.527540 0.612611 0.000000
vt 17.467540 0.612611 0.000000
vt 17.527540 0.556919 0.000000
vt 17.467540 0.556919 0.000000
vt 17.527540 0.501227 0.000000
vt 17.467540 0.501227 0.000000
vt 17.527540 0.445535 0.000000
vt 17.467540 0.445535 0.000000
vt 17.527540 0.389843 0.000000
vt 17.467540 0.389843 0.000000
vt 17.527540 0.334151 0.000000
vt 17.467540 0.334151 0.000000
vt 17.527540 0.278459 0.000000
vt 17.467540 0.278459 0.000000
vt 17.527540 0.222767 0.000000
vt 17.467540 0.222767 0.000000
vt 17.527540 0.167076 0.000000
vt 17.467540 0.167076 0.000000
vt 17.527540 0.111384 0.000000
vt 17.467540 0.111384 0.000000
vt 0.000000 0.000000 0.000000
vt -0.007781 0.036606 0.000000
vt -0.007781 -0.036606 0.000000
vt -0.029778 0.066883 0.000000
vt -0.029778 -0.066883 0.000000
vt -0.062188 0.085595 0.000000
vt -0.062188 -0.085595 0.000000
vt -0.099408 0.089507 0.000000
vt -0.099408 -0.089507 0.000000
vt -0.135000 0.077942 0.000000
vt -0.135000 -0.077942 0.000000
vt -0.162812 0.052901 0.000000
vt -0.162812 -0.052901 0.000000
vt -0.178033 0.018712 0.000000
vt -0.178033 -0.018712 0.000000
vt -0.187101 -0.054938 0.000000
vt -0.090000 -0.030000 0.000000
vt -0.195000 0.000000 0.000000
vt -0.090000 0.030000 0.000000
vt -0.187101 0.054938 0.000000
vt -0.164044 0.105425 0.000000
vt -0.127698 0.147371 0.000000
vt -0.030000 0.090000 0.000000
vt -0.081006 0.177378 0.000000
vt -0.027751 0.193015 0.000000
vt 0.030000 0.090000 0.000000
vt 0.027751 0.193015 0.000000
vt 0.081006 0.177378 0.000000
vt 0.127698 0.147371 0.000000
vt 0.090000 0.030000 0.000000
vt 0.164044 0.105425 0.000000
vt 0.187101 0.054938 0.000000
vt 0.195000 0.000000 0.000000
vt 0.090000 -0.030000 0.000000
vt 0.187101 -0.054938 0.000000
vt 0.164044 -0.105425 0.000000
vt 0.127698 -0.147371 0.000000
vt 0.030000 -0.090000 0.000000
vt 0.081006 -0.177378 0.000000
vt 0.027751 -0.193015 0.000000
vt -0.030000 -0.090000 0.000000
vt -0.027751 -0.193015 0.000000
vt -0.081006 -0.177378 0.000000
vt -0.127698 -0.147371 0.000000
vt -0.164044 -0.105425 0.000000
vt -0.030000 0.030000 0.000000
vt 0.030000 0.030000 0.000000
vt 0.030000 -0.030000 0.000000
vt -0.030000 -0.030000 0.000000
vt -0.007899 -0.054938 0.000000
vt -0.000000 0.000000 0.000000
vt -0.076500 0.000000 0.000000
vt -0.007899 0.054938 0.000000
vt -0.084502 0.042807 0.000000
vt -0.030956 0.105425 0.000000
vt -0.107427 0.079833 0.000000
vt -0.067302 0.147371 0.000000
vt -0.142180 0.106077 0.000000
vt -0.113994 0.177378 0.000000
vt -0.167249 0.193015 0.000000
vt -0.184066 0.117994 0.000000
vt -0.222751 0.193015 0.000000
vt -0.227429 0.113976 0.000000
vt -0.276006 0.177378 0.000000
vt -0.266412 0.094565 0.000000
vt -0.322698 0.147371 0.000000
vt -0.295751 0.062382 0.000000
vt -0.359044 0.105425 0.000000
vt -0.382101 0.054938 0.000000
vt -0.311482 0.021774 0.000000
vt -0.390000 0.000000 0.000000
vt -0.311482 -0.021774 0.000000
vt -0.382101 -0.054938 0.000000
vt -0.295751 -0.062382 0.000000
vt -0.359044 -0.105425 0.000000
vt -0.322698 -0.147371 0.000000
vt -0.266412 -0.094565 0.000000
vt -0.276006 -0.177378 0.000000
vt -0.227429 -0.113976 0.000000
vt -0.222751 -0.193015 0.000000
vt -0.184066 -0.117994 0.000000
vt -0.167249 -0.193015 0.000000
vt -0.142180 -0.106077 0.000000
vt -0.113994 -0.177378 0.000000
vt -0.067302 -0.147371 0.000000
vt -0.107427 -0.079833 0.000000
vt -0.030956 -0.105425 0.000000
vt -0.084502 -0.042807 0.000000
vt -0.008002 -0.042807 0.000000
vt 0.000000 0.000000 0.000000
vt -0.048500 0.000000 0.000000
vt -0.008002 0.042807 0.000000
vt -0.056518 0.032531 0.000000
vt -0.030927 0.079833 0.000000
vt -0.078735 0.057609 0.000000
vt -0.065680 0.106077 0.000000
vt -0.110062 0.069490 0.000000
vt -0.107566 0.117994 0.000000
vt -0.150929 0.113976 0.000000
vt -0.143322 0.065451 0.000000
vt -0.189912 0.094565 0.000000
vt -0.170896 0.046419 0.000000
vt -0.219251 0.062382 0.000000
vt -0.186466 0.016752 0.000000
vt -0.234982 0.021774 0.000000
vt -0.234982 -0.021774 0.000000
vt -0.186466 -0.016752 0.000000
vt -0.219251 -0.062382 0.000000
vt -0.170896 -0.046419 0.000000
vt -0.189912 -0.094565 0.000000
vt -0.143322 -0.065451 0.000000
vt -0.150929 -0.113976 0.000000
vt -0.110062 -0.069490 0.000000
vt -0.107566 -0.117994 0.000000
vt -0.065680 -0.106077 0.000000
vt -0.078735 -0.057609 0.000000
vt -0.030927 -0.079833 0.000000
vt -0.056518 -0.032531 0.000000
vt -0.012219 0.036606 0.000000
vt -0.020000 0.000000 0.000000
vt -0.000000 0.000000 0.000000
vt -0.012219 -0.036606 0.000000
vt 0.008018 -0.032531 0.000000
vt 0.009778 -0.066883 0.000000
vt 0.030235 -0.057609 0.000000
vt 0.042188 -0.085595 0.000000
vt 0.061562 -0.069490 0.000000
vt 0.079408 -0.089507 0.000000
vt 0.094822 -0.065451 0.000000
vt 0.115000 -0.077942 0.000000
vt 0.122396 -0.046419 0.000000
vt 0.142812 -0.052901 0.000000
vt 0.137966 -0.016752 0.000000
vt 0.158033 -0.018712 0.000000
vt 0.137966 0.016752 0.000000
vt 0.158033 0.018712 0.000000
vt 0.142812 0.052901 0.000000
vt 0.122396 0.046419 0.000000
vt 0.115000 0.077942 0.000000
vt 0.094822 0.065451 0.000000
vt 0.079408 0.089507 0.000000
vt 0.061562 0.069490 0.000000
vt 0.042188 0.085595 0.000000
vt 0.030235 0.057609 0.000000
vt 0.009778 0.066883 0.000000
vt 0.008018 0.032531 0.000000
vt -0.000000 0.060000 0.000000
vt 0.000000 0.000000 0.000000
vt 0.103528 0.033205 0.000000
vt 0.103528 -0.026795 0.000000
vt -0.000000 0.000000 0.000000
vt -0.103528 -0.026795 0.000000
vt -0.000000 -0.060000 0.000000
vt -0.103528 -0.033205 0.000000
vt -0.000000 0.000000 0.000000
vt -0.103528 -0.026795 0.000000
vt -0.000000 -0.060000 0.000000
vt -0.103528 -0.086795 0.000000
vt -0.000000 -0.060000 0.000000
vt -0.000000 0.000000 0.000000
vt -0.103528 -0.033205 0.000000
vt -0.103528 0.026795 0.000000
vt -0.000000 0.000000 0.000000
vt -0.103528 -0.026795 0.000000
vt -0.000000 -0.060000 0.000000
vt -0.103528 -0.033205 0.000000
vt -0.000000 0.000000 0.000000
vt 0.103528 0.026795 0.000000
vt -0.000000 0.060000 0.000000
vt 0.103528 0.086795 0.000000
vt -0.000000 -0.060000 0.000000
vt -0.000000 0.000000 0.000000
vt -0.103528 -0.033205 0.000000
vt -0.103528 0.026795 0.000000
vt -0.000000 0.060000 0.000000
vt -0.000000 0.000000 0.000000
vt 0.103528 0.033205 0.000000
vt 0.103528 0.026795 0.000000
vt -0.000000 0.000000 0.000000
vt 0.103528 0.026795 0.000000
vt -0.000000 0.060000 0.000000
vt 0.103528 0.086795 0.000000
vt -0.000000 0.060000 0.000000
vt -0.000000 0.000000 0.000000
vt 0.103528 0.033205 0.000000
vt 0.103528 -0.026795 0.000000
vt 0.000000 0.060000 0.000000
vt -0.000000 0.000000 0.000000
vt 0.103528 0.033205 0.000000
vt 0.103528 0.026795 0.000000
vt -0.000000 0.000000 0.000000
vt -0.103528 -0.026795 0.000000
vt -0.000000 -0.060000 0.000000
vt -0.103528 -0.086795 0.000000
vt 0.003205 0.063205 0.000000
vt -0.003205 0.063205 0.000000
vt 0.003205 0.003205 0.000000
vt -0.003205 0.003205 0.000000
vt 0.003205 -0.003205 0.000000
vt -0.003205 -0.003205 0.000000
vt 0.003205 -0.063205 0.000000
vt -0.003205 -0.063205 0.000000
vt -0.063205 0.003205 0.000000
vt -0.063205 -0.003205 0.000000
vt 0.063205 -0.003205 0.000000
vt 0.063205 0.003205 0.000000
vn 0.040674 0.000000 -0.091355
vn -0.000000 0.000000 -0.100000
vn -0.000000 0.000000 -0.100000
vn -0.040674 0.000000 -0.091355
vn -0.040674 0.000000 -0.091355
vn -0.074314 0.000000 -0.066913
vn -0.074314 0.000000 -0.066913
vn -0.095106 0.000000 -0.030902
vn -0.095106 0.000000 -0.030902
vn -0.099452 0.000000 0.010453
vn -0.099452 0.000000 0.010453
vn -0.086603 0.000000 0.050000
vn -0.086603 0.000000 0.050000
vn -0.058779 -0.000000 0.080902
vn -0.058779 -0.000000 0.080902
vn -0.020791 -0.000000 0.097815
vn -0.020791 -0.000000 0.097815
vn 0.020791 -0.000000 0.097815
vn 0.020791 -0.000000 0.097815
vn 0.058779 -0.000000 0.080902
vn 0.058779 -0.000000 0.080902
vn 0.086603 -0.000000 0.050000
vn 0.086603 -0.000000 0.050000
vn 0.099452 -0.000000 0.010453
vn 0.099452 -0.000000 0.010453
vn 0.095106 -0.000000 -0.030902
vn 0.095106 -0.000000 -0.030902
vn 0.074314 -0.000000 -0.066913
vn 0.074314 -0.000000 -0.066913
vn 0.040674 0.000000 -0.091355
vn 0.046472 0.000000 -0.088546
vn -0.000000 0.000000 -0.100000
vn -0.000000 0.000000 -0.100000
vn -0.046472 0.000000 -0.088546
vn -0.046472 0.000000 -0.088546
vn -0.082298 0.000000 -0.056806
vn -0.082298 0.000000 -0.056806
vn -0.099271 0.000000 -0.012054
vn -0.099271 0.000000 -0.012054
vn -0.093502 0.000000 0.035460
vn -0.093502 0.000000 0.035460
vn -0.066312 0.000000 0.074851
vn -0.066312 0.000000 0.074851
vn -0.023932 -0.000000 0.097094
vn -0.023932 -0.000000 0.097094
vn 0.023932 -0.000000 0.097094
vn 0.023932 -0.000000 0.097094
vn 0.066312 -0.000000 0.074851
vn 0.066312 -0.000000 0.074851
vn 0.093502 -0.000000 0.035460
vn 0.093502 -0.000000 0.035460
vn 0.099271 -0.000000 -0.012054
vn 0.099271 -0.000000 -0.012054
vn 0.082298 -0.000000 -0.056806
vn 0.082298 -0.000000 -0.056806
vn 0.046472 0.000000 -0.088546
vn 0.036124 0.000000 -0.093247
vn -0.000000 0.000000 -0.100000
vn -0.000000 0.000000 -0.100000
vn -0.036124 0.000000 -0.093247
vn -0.036124 0.000000 -0.093247
vn -0.067370 0.000000 -0.073901
vn -0.067370 0.000000 -0.073901
vn -0.089516 0.000000 -0.044574
vn -0.089516 0.000000 -0.044574
vn -0.099573 0.000000 -0.009227
vn -0.099573 0.000000 -0.009227
vn -0.096183 0.000000 0.027366
vn -0.096183 0.000000 0.027366
vn -0.079802 0.000000 0.060263
vn -0.079802 0.000000 0.060263
vn -0.052643 -0.000000 0.085022
vn -0.052643 -0.000000 0.085022
vn -0.018375 -0.000000 0.098297
vn -0.018375 -0.000000 0.098297
vn 0.018375 -0.000000 0.098297
vn 0.018375 -0.000000 0.098297
vn 0.052643 -0.000000 0.085022
vn 0.052643 -0.000000 0.085022
vn 0.079802 -0.000000 0.060263
vn 0.079802 -0.000000 0.060263
vn 0.096183 -0.000000 0.027366
vn 0.096183 -0.000000 0.027366
vn 0.099573 -0.000000 -0.009227
vn 0.099573 -0.000000 -0.009227
vn 0.089516 -0.000000 -0.044574
vn 0.089516 -0.000000 -0.044574
vn 0.067370 -0.000000 -0.073901
vn 0.067370 -0.000000 -0.073901
vn 0.036124 0.000000 -0.093247
vn 0.028173 0.000000 -0.095949
vn 0.028173 0.000000 -0.095949
vn -0.000000 0.000000 -0.100000
vn -0.000000 0.000000 -0.100000
vn -0.028173 0.000000 -0.095949
vn -0.028173 0.000000 -0.095949
vn -0.054064 0.000000 -0.084125
vn -0.054064 0.000000 -0.084125
vn -0.075575 0.000000 -0.065486
vn -0.075575 0.000000 -0.065486
vn -0.090963 0.000000 -0.041542
vn -0.090963 0.000000 -0.041542
vn -0.098982 0.000000 -0.014231
vn -0.098982 0.000000 -0.014231
vn -0.098982 0.000000 0.014231
vn -0.098982 0.000000 0.014231
vn -0.090963 0.000000 0.041542
vn -0.090963 0.000000 0.041542
vn -0.075575 0.000000 0.065486
vn -0.075575 0.000000 0.065486
vn -0.054064 -0.000000 0.084125
vn -0.054064 -0.000000 0.084125
vn -0.028173 -0.000000 0.095949
vn -0.028173 -0.000000 0.095949
vn -0.000000 -0.000000 0.100000
vn -0.000000 -0.000000 0.100000
vn 0.028173 -0.000000 0.095949
vn 0.028173 -0.000000 0.095949
vn 0.054064 -0.000000 0.084125
vn 0.054064 -0.000000 0.084125
vn 0.075575 -0.000000 0.065486
vn 0.075575 -0.000000 0.065486
vn 0.090963 -0.000000 0.041542
vn 0.090963 -0.000000 0.041542
vn 0.098982 -0.000000 0.014231
vn 0.098982 -0.000000 0.014231
vn 0.098982 -0.000000 -0.014231
vn 0.098982 -0.000000 -0.014231
vn 0.090963 -0.000000 -0.041542
vn 0.090963 -0.000000 -0.041542
vn 0.075575 -0.000000 -0.065486
vn 0.075575 -0.000000 -0.065486
vn 0.054064 0.000000 -0.084125
vn 0.054064 0.000000 -0.084125
vn -0.000000 -0.100000 -0.000000
vn -0.000000 -0.100000 -0.000000
vn -0.000000 -0.100000 -0.000000
vn -0.000000 -0.100000 -0.000000
vn -0.000000 -0.100000 -0.000000
vn -0.000000 -0.100000 -0.000000
vn -0.000000 -0.100000 -0.000000
vn -0.000000 -0.100000 -0.000000
vn -0.000000 -0.100000 -0.000000
vn -0.000000 -0.100000 -0.000000
vn -0.000000 -0.100000 -0.000000
vn -0.000000 -0.100000 -0.000000
vn -0.000000 -0.100000 -0.000000
vn -0.000000 -0.100000 -0.000000
vn -0.000000 -0.100000 -0.000000
vn 0.000000 0.100000 0.000000
vn 0.000000 0.100000 0.000000
vn 0.000000 0.100000 0.000000
vn 0.000000 0.100000 0.000000
vn 0.000000 0.100000 0.000000
vn 0.000000 0.100000 0.000000
vn 0.000000 0.100000 0.000000
vn 0.000000 0.100000 0.000000
vn 0.000000 0.100000 0.000000
vn 0.000000 0.100000 0.000000
vn 0.000000 0.100000 0.000000
vn 0.000000 0.100000 0.000000
vn 0.000000 0.100000 0.000000
vn 0.000000 0.100000 0.000000
vn 0.000000 0.100000 0.000000
vn 0.000000 0.100000 0.000000
vn 0.000000 0.100000 0.000000
vn 0.000000 0.100000 0.000000
vn 0.000000 0.100000 0.000000
vn 0.000000 0.100000 0.000000
vn 0.000000 0.100000 0.000000
vn 0.000000 0.100000 0.000000
vn 0.000000 0.100000 0.000000
vn 0.000000 0.100000 0.000000
vn 0.000000 0.100000 0.000000
vn 0.000000 0.100000 0.000000
vn 0.000000 0.100000 0.000000
vn 0.000000 0.100000 0.000000
vn 0.000000 0.100000 0.000000
vn 0.000000 0.100000 0.000000
vn 0.000000 0.100000 0.000000
vn 0.000000 0.100000 0.000000
vn 0.000000 0.100000 0.000000
vn 0.000000 0.100000 0.000000
vn -0.000000 -0.100000 -0.000000
vn -0.000000 -0.100000 -0.000000
vn -0.000000 -0.100000 -0.000000
vn -0.000000 -0.100000 -0.000000
vn -0.000000 -0.100000 -0.000000
vn -0.000000 -0.100000 -0.000000
vn -0.000000 -0.100000 -0.000000
vn -0.000000 -0.100000 -0.000000
vn -0.000000 -0.100000 -0.000000
vn -0.000000 -0.100000 -0.000000
vn -0.000000 -0.100000 -0.000000
vn -0.000000 -0.100000 -0.000000
vn -0.000000 -0.100000 -0.000000
vn -0.000000 -0.100000 -0.000000
vn -0.000000 -0.100000 -0.000000
vn -0.000000 -0.100000 -0.000000
vn -0.000000 -0.100000 -0.000000
vn -0.000000 -0.100000 -0.000000
vn -0.000000 -0.100000 -0.000000
vn -0.000000 -0.100000 -0.000000
vn -0.000000 -0.100000 -0.000000
vn -0.000000 -0.100000 -0.000000
vn -0.000000 -0.100000 -0.000000
vn -0.000000 -0.100000 -0.000000
vn -0.000000 -0.100000 -0.000000
vn -0.000000 -0.100000 -0.000000
vn -0.000000 -0.100000 -0.000000
vn -0.000000 -0.100000 -0.000000
vn -0.000000 -0.100000 -0.000000
vn -0.000000 -0.100000 -0.000000
vn -0.000000 -0.100000 -0.000000
vn -0.000000 -0.100000 -0.000000
vn -0.000000 -0.100000 -0.000000
vn -0.000000 -0.100000 -0.000000
vn -0.000000 -0.100000 -0.000000
vn -0.000000 -0.100000 -0.000000
vn -0.000000 -0.100000 -0.000000
vn -0.000000 -0.100000 -0.000000
vn -0.000000 -0.100000 -0.000000
vn -0.000000 -0.100000 -0.000000
vn -0.000000 -0.100000 -0.000000
vn -0.000000 -0.100000 -0.000000
vn -0.000000 -0.100000 -0.000000
vn -0.000000 -0.100000 -0.000000
vn -0.000000 -0.100000 -0.000000
vn -0.000000 -0.100000 -0.000000
vn -0.000000 -0.100000 -0.000000
vn -0.000000 -0.100000 -0.000000
vn -0.000000 -0.100000 -0.000000
vn -0.000000 -0.100000 -0.000000
vn -0.000000 -0.100000 -0.000000
vn -0.000000 -0.100000 -0.000000
vn -0.000000 -0.100000 -0.000000
vn -0.000000 -0.100000 -0.000000
vn -0.000000 -0.100000 -0.000000
vn -0.000000 -0.100000 -0.000000
vn -0.000000 -0.100000 -0.000000
vn -0.000000 -0.100000 -0.000000
vn -0.000000 -0.100000 -0.000000
vn -0.000000 -0.100000 -0.000000
vn -0.000000 -0.100000 -0.000000
vn -0.000000 -0.100000 -0.000000
vn -0.000000 -0.100000 -0.000000
vn -0.000000 -0.100000 -0.000000
vn -0.000000 -0.100000 -0.000000
vn -0.000000 -0.100000 -0.000000
vn -0.000000 -0.100000 -0.000000
vn -0.000000 -0.100000 -0.000000
vn -0.000000 -0.100000 -0.000000
vn 0.000000 0.100000 0.000000
vn 0.000000 0.100000 0.000000
vn 0.000000 0.100000 0.000000
vn 0.000000 0.100000 0.000000
vn 0.000000 0.100000 0.000000
vn 0.000000 0.100000 0.000000
vn 0.000000 0.100000 0.000000
vn 0.000000 0.100000 0.000000
vn 0.000000 0.100000 0.000000
vn 0.000000 0.100000 0.000000
vn 0.000000 0.100000 0.000000
vn 0.000000 0.100000 0.000000
vn 0.000000 0.100000 0.000000
vn 0.000000 0.100000 0.000000
vn 0.000000 0.100000 0.000000
vn 0.000000 0.100000 0.000000
vn 0.000000 0.100000 0.000000
vn 0.000000 0.100000 0.000000
vn 0.000000 0.100000 0.000000
vn 0.000000 0.100000 0.000000
vn 0.000000 0.100000 0.000000
vn 0.000000 0.100000 0.000000
vn 0.000000 0.100000 0.000000
vn 0.000000 0.100000 0.000000
vn 0.000000 0.100000 0.000000
vn 0.000000 0.100000 0.000000
vn 0.000000 0.100000 0.000000
vn 0.000000 0.100000 0.000000
vn 0.000000 0.025882 0.096593
vn 0.000000 0.025882 0.096593
vn 0.000000 0.025882 0.096593
vn 0.000000 0.025882 0.096593
vn -0.096593 0.025882 -0.000000
vn -0.096593 0.025882 -0.000000
vn -0.096593 0.025882 -0.000000
vn -0.096593 0.025882 -0.000000
vn -0.000000 0.025882 -0.096593
vn -0.000000 0.025882 -0.096593
vn -0.000000 0.025882 -0.096593
vn -0.000000 0.025882 -0.096593
vn -0.096593 0.025882 0.000000
vn -0.096593 0.025882 0.000000
vn -0.096593 0.025882 0.000000
vn -0.096593 0.025882 0.000000
vn 0.000000 0.025882 -0.096593
vn 0.000000 0.025882 -0.096593
vn 0.000000 0.025882 -0.096593
vn 0.000000 0.025882 -0.096593
vn 0.096593 0.025882 0.000000
vn 0.096593 0.025882 0.000000
vn 0.096593 0.025882 0.000000
vn 0.096593 0.025882 0.000000
vn -0.000000 0.025882 -0.096593
vn -0.000000 0.025882 -0.096593
vn -0.000000 0.025882 -0.096593
vn -0.000000 0.025882 -0.096593
vn 0.096593 0.025882 -0.000000
vn 0.096593 0.025882 -0.000000
vn 0.096593 0.025882 -0.000000
vn 0.096593 0.025882 -0.000000
vn 0.000000 0.025882 0.096593
vn 0.000000 0.025882 0.096593
vn 0.000000 0.025882 0.096593
vn 0.000000 0.025882 0.096593
vn 0.096593 0.025882 0.000000
vn 0.096593 0.025882 0.000000
vn 0.096593 0.025882 0.000000
vn 0.096593 0.025882 0.000000
vn 0.000000 0.025882 0.096593
vn 0.000000 0.025882 0.096593
vn 0.000000 0.025882 0.096593
vn 0.000000 0.025882 0.096593
vn -0.096593 0.025882 0.000000
vn -0.096593 0.025882 0.000000
vn -0.096593 0.025882 0.000000
vn -0.096593 0.025882 0.000000
vn 0.000000 0.100000 -0.000000
vn 0.000000 0.100000 -0.000000
vn 0.000000 0.100000 -0.000000
vn 0.000000 0.100000 -0.000000
vn 0.000000 0.100000 -0.000000
vn 0.000000 0.100000 -0.000000
vn 0.000000 0.100000 -0.000000
vn 0.000000 0.100000 -0.000000
vn 0.000000 0.100000 -0.000000
vn 0.000000 0.100000 -0.000000
vn 0.000000 0.100000 -0.000000
vn 0.000000 0.100000 -0.000000
usemtl Steel_-_Cast
f 2/1/1 16/2/2 1/3/3
f 1/3/3 16/2/2 17/4/4
f 1/3/3 17/4/4 15/5/5
f 15/5/5 17/4/4 18/6/6
f 15/5/5 18/6/6 14/7/7
f 14/7/7 18/6/6 19/8/8
f 14/7/7 19/8/8 13/9/9
f 13/9/9 19/8/8 20/10/10
f 13/9/9 20/10/10 12/11/11
f 12/11/11 20/10/10 21/12/12
f 12/11/11 21/12/12 11/13/13
f 11/13/13 21/12/12 22/14/14
f 11/13/13 22/14/14 10/15/15
f 10/15/15 22/14/14 23/16/16
f 10/15/15 23/16/16 9/17/17
f 9/18/17 23/19/16 24/20/18
f 9/18/17 24/20/18 8/21/19
f 8/21/19 24/20/18 25/22/20
f 8/21/19 25/22/20 7/23/21
f 7/23/21 25/22/20 26/24/22
f 7/23/21 26/24/22 6/25/23
f 6/25/23 26/24/22 27/26/24
f 6/25/23 27/26/24 5/27/25
f 5/27/25 27/26/24 28/28/26
f 5/27/25 28/28/26 4/29/27
f 4/29/27 28/28/26 29/30/28
f 4/29/27 29/30/28 3/31/29
f 3/31/29 29/30/28 30/32/30
f 3/31/29 30/32/30 2/1/1
f 2/1/1 30/32/30 16/2/2
f 32/33/31 44/34/32 31/35/33
f 31/35/33 44/34/32 45/36/34
f 31/35/33 45/36/34 43/37/35
f 43/37/35 45/36/34 46/38/36
f 43/37/35 46/38/36 42/39/37
f 42/39/37 46/38/36 47/40/38
f 42/39/37 47/40/38 41/41/39
f 41/41/39 47/40/38 48/42/40
f 41/41/39 48/42/40 40/43/41
f 40/43/41 48/42/40 49/44/42
f 40/43/41 49/44/42 39/45/43
f 39/45/43 49/44/42 50/46/44
f 39/45/43 50/46/44 38/47/45
f 38/48/45 50/49/44 51/50/46
f 38/48/45 51/50/46 37/51/47
f 37/51/47 51/50/46 52/52/48
f 37/51/47 52/52/48 36/53/49
f 36/53/49 52/52/48 53/54/50
f 36/53/49 53/54/50 35/55/51
f 35/55/51 53/54/50 54/56/52
f 35/55/51 54/56/52 34/57/53
f 34/57/53 54/56/52 55/58/54
f 34/57/53 55/58/54 33/59/55
f 33/59/55 55/58/54 56/60/56
f 33/59/55 56/60/56 32/33/31
f 32/33/31 56/60/56 44/34/32
f 58/61/57 74/62/58 57/63/59
f 57/63/59 74/62/58 75/64/60
f 57/63/59 75/64/60 73/65/61
f 73/65/61 75/64/60 76/66/62
f 73/65/61 76/66/62 72/67/63
f 72/67/63 76/66/62 77/68/64
f 72/67/63 77/68/64 71/69/65
f 71/69/65 77/68/64 78/70/66
f 71/69/65 78/70/66 70/71/67
f 70/71/67 78/70/66 79/72/68
f 70/71/67 79/72/68 69/73/69
f 69/73/69 79/72/68 80/74/70
f 69/73/69 80/74/70 68/75/71
f 68/75/71 80/74/70 81/76/72
f 68/75/71 81/76/72 67/77/73
f 67/77/73 81/76/72 82/78/74
f 67/77/73 82/78/74 66/79/75
f 66/80/75 82/81/74 83/82/76
f 66/80/75 83/82/76 65/83/77
f 65/83/77 83/82/76 84/84/78
f 65/83/77 84/84/78 64/85/79
f 64/85/79 84/84/78 85/86/80
f 64/85/79 85/86/80 63/87/81
f 63/87/81 85/86/80 86/88/82
f 63/87/81 86/88/82 62/89/83
f 62/89/83 86/88/82 87/90/84
f 62/89/83 87/90/84 61/91/85
f 61/91/85 87/90/84 88/92/86
f 61/91/85 88/92/86 60/93/87
f 60/93/87 88/92/86 89/94/88
f 60/93/87 89/94/88 59/95/89
f 59/95/89 89/94/88 90/96/90
f 59/95/89 90/96/90 58/61/57
f 58/61/57 90/96/90 74/62/58
f 92/97/91 134/98/92 91/99/93
f 91/99/93 134/98/92 113/100/94
f 91/99/93 113/100/94 112/101/95
f 112/101/95 113/100/94 114/102/96
f 112/101/95 114/102/96 111/103/97
f 111/103/97 114/102/96 115/104/98
f 111/103/97 115/104/98 110/105/99
f 110/105/99 115/104/98 116/106/100
f 110/105/99 116/106/100 109/107/101
f 109/107/101 116/106/100 117/108/102
f 109/107/101 117/108/102 108/109/103
f 108/109/103 117/108/102 118/110/104
f 108/109/103 118/110/104 107/111/105
f 107/111/105 118/110/104 119/112/106
f 107/111/105 119/112/106 106/113/107
f 106/113/107 119/112/106 120/114/108
f 106/113/107 120/114/108 105/115/109
f 105/115/109 120/114/108 121/116/110
f 105/115/109 121/116/110 104/117/111
f 104/117/111 121/116/110 122/118/112
f 104/117/111 122/118/112 103/119/113
f 103/119/113 122/118/112 123/120/114
f 103/119/113 123/120/114 102/121/115
f 102/121/115 123/120/114 124/122/116
f 102/123/115 124/124/116 101/125/117
f 101/125/117 124/124/116 125/126/118
f 101/125/117 125/126/118 100/127/119
f 100/127/119 125/126/118 126/128/120
f 100/127/119 126/128/120 99/129/121
f 99/129/121 126/128/120 127/130/122
f 99/129/121 127/130/122 98/131/123
f 98/131/123 127/130/122 128/132/124
f 98/131/123 128/132/124 97/133/125
f 97/133/125 128/132/124 129/134/126
f 97/133/125 129/134/126 96/135/127
f 96/135/127 129/134/126 130/136/128
f 96/135/127 130/136/128 95/137/129
f 95/137/129 130/136/128 131/138/130
f 95/137/129 131/138/130 94/139/131
f 94/139/131 131/138/130 132/140/132
f 94/139/131 132/140/132 93/141/133
f 93/141/133 132/140/132 133/142/134
f 93/141/133 133/142/134 92/97/91
f 92/97/91 133/142/134 134/98/92
f 16/143/135 30/144/136 17/145/137
f 17/145/137 30/144/136 29/146/138
f 17/145/137 29/146/138 18/147/139
f 18/147/139 29/146/138 28/148/140
f 18/147/139 28/148/140 19/149/141
f 19/149/141 28/148/140 27/150/142
f 19/149/141 27/150/142 20/151/143
f 20/151/143 27/150/142 26/152/144
f 20/151/143 26/152/144 21/153/145
f 21/153/145 26/152/144 25/154/146
f 21/153/145 25/154/146 22/155/147
f 22/155/147 25/154/146 24/156/148
f 22/155/147 24/156/148 23/157/149
f 112/158/150 145/159/151 91/160/152
f 91/160/152 145/159/151 146/161/153
f 91/160/152 146/161/153 92/162/154
f 92/162/154 146/161/153 93/163/155
f 93/163/155 146/161/153 94/164/156
f 94/164/156 146/161/153 136/165/157
f 94/164/156 136/165/157 95/166/158
f 95/166/158 136/165/157 96/167/159
f 96/167/159 136/165/157 137/168/160
f 96/167/159 137/168/160 97/169/161
f 97/169/161 137/168/160 98/170/162
f 98/170/162 137/168/160 99/171/163
f 99/171/163 137/168/160 139/172/164
f 99/171/163 139/172/164 100/173/165
f 100/173/165 139/172/164 101/174/166
f 101/174/166 139/172/164 102/175/167
f 102/175/167 139/172/164 140/176/168
f 102/175/167 140/176/168 103/177/169
f 103/177/169 140/176/168 104/178/170
f 104/178/170 140/176/168 105/179/171
f 105/179/171 140/176/168 142/180/172
f 105/179/171 142/180/172 106/181/173
f 106/181/173 142/180/172 107/182/174
f 107/182/174 142/180/172 143/183/175
f 107/182/174 143/183/175 108/184/176
f 108/184/176 143/183/175 109/185/177
f 109/185/177 143/183/175 110/186/178
f 110/186/178 143/183/175 145/159/151
f 110/186/178 145/159/151 111/187/179
f 111/187/179 145/159/151 112/158/150
f 135/188/180 136/165/157 146/161/153
f 137/168/160 138/189/181 139/172/164
f 140/176/168 141/190/182 142/180/172
f 143/183/175 144/191/183 145/159/151
f 114/192/184 113/193/185 57/194/186
f 57/194/186 113/193/185 134/195/187
f 57/194/186 134/195/187 58/196/188
f 58/196/188 134/195/187 133/197/189
f 58/196/188 133/197/189 59/198/190
f 59/198/190 133/197/189 132/199/191
f 59/198/190 132/199/191 60/200/192
f 60/200/192 132/199/191 131/201/193
f 60/200/192 131/201/193 130/202/194
f 60/200/192 130/202/194 61/203/195
f 61/203/195 130/202/194 129/204/196
f 61/203/195 129/204/196 62/205/197
f 62/205/197 129/204/196 128/206/198
f 62/205/197 128/206/198 63/207/199
f 63/207/199 128/206/198 127/208/200
f 63/207/199 127/208/200 64/209/201
f 64/209/201 127/208/200 126/210/202
f 64/209/201 126/210/202 125/211/203
f 64/209/201 125/211/203 65/212/204
f 65/212/204 125/211/203 124/213/205
f 65/212/204 124/213/205 66/214/206
f 66/214/206 124/213/205 123/215/207
f 66/214/206 123/215/207 67/216/208
f 67/216/208 123/215/207 122/217/209
f 67/216/208 122/217/209 121/218/210
f 67/216/208 121/218/210 68/219/211
f 68/219/211 121/218/210 120/220/212
f 68/219/211 120/220/212 69/221/213
f 69/221/213 120/220/212 119/222/214
f 69/221/213 119/222/214 70/223/215
f 70/223/215 119/222/214 118/224/216
f 70/223/215 118/224/216 71/225/217
f 71/225/217 118/224/216 117/226/218
f 71/225/217 117/226/218 116/227/219
f 71/225/217 116/227/219 72/228/220
f 72/228/220 116/227/219 115/229/221
f 72/228/220 115/229/221 73/230/222
f 73/230/222 115/229/221 114/192/184
f 73/230/222 114/192/184 57/194/186
f 75/231/223 74/232/224 31/233/225
f 31/233/225 74/232/224 90/234/226
f 31/233/225 90/234/226 32/235/227
f 32/235/227 90/234/226 89/236/228
f 32/235/227 89/236/228 33/237/229
f 33/237/229 89/236/228 88/238/230
f 33/237/229 88/238/230 34/239/231
f 34/239/231 88/238/230 87/240/232
f 34/239/231 87/240/232 86/241/233
f 34/239/231 86/241/233 35/242/234
f 35/242/234 86/241/233 85/243/235
f 35/242/234 85/243/235 36/244/236
f 36/244/236 85/243/235 84/245/237
f 36/244/236 84/245/237 37/246/238
f 37/246/238 84/245/237 83/247/239
f 37/246/238 83/247/239 82/248/240
f 37/246/238 82/248/240 38/249/241
f 38/249/241 82/248/240 81/250/242
f 38/249/241 81/250/242 39/251/243
f 39/251/243 81/250/242 80/252/244
f 39/251/243 80/252/244 40/253/245
f 40/253/245 80/252/244 79/254/246
f 40/253/245 79/254/246 41/255/247
f 41/255/247 79/254/246 78/256/248
f 41/255/247 78/256/248 77/257/249
f 41/255/247 77/257/249 42/258/250
f 42/258/250 77/257/249 76/259/251
f 42/258/250 76/259/251 43/260/252
f 43/260/252 76/259/251 75/231/223
f 43/260/252 75/231/223 31/233/225
f 2/261/253 1/262/254 44/263/255
f 44/263/255 1/262/254 15/264/256
f 44/263/255 15/264/256 45/265/257
f 45/265/257 15/264/256 14/266/258
f 45/265/257 14/266/258 46/267/259
f 46/267/259 14/266/258 13/268/260
f 46/267/259 13/268/260 47/269/261
f 47/269/261 13/268/260 12/270/262
f 47/269/261 12/270/262 48/271/263
f 48/271/263 12/270/262 11/272/264
f 48/271/263 11/272/264 49/273/265
f 49/273/265 11/272/264 10/274/266
f 49/273/265 10/274/266 50/275/267
f 50/275/267 10/274/266 9/276/268
f 50/275/267 9/276/268 51/277/269
f 51/277/269 9/276/268 8/278/270
f 51/277/269 8/278/270 7/279/271
f 51/277/269 7/279/271 52/280/272
f 52/280/272 7/279/271 6/281/273
f 52/280/272 6/281/273 53/282/274
f 53/282/274 6/281/273 5/283/275
f 53/282/274 5/283/275 54/284/276
f 54/284/276 5/283/275 4/285/277
f 54/284/276 4/285/277 55/286/278
f 55/286/278 4/285/277 3/287/279
f 55/286/278 3/287/279 56/288/280
f 56/288/280 3/287/279 2/261/253
f 56/288/280 2/261/253 44/263/255
f 136/289/281 135/290/282 148/291/283
f 148/291/283 135/290/282 147/292/284
f 136/293/285 148/294/286 137/295/287
f 137/295/287 148/294/286 149/296/288
f 137/297/289 149/298/290 138/299/291
f 138/299/291 149/298/290 150/300/292
f 139/301/293 138/302/294 151/303/295
f 151/303/295 138/302/294 150/304/296
f 139/305/297 151/306/298 140/307/299
f 140/307/299 151/306/298 152/308/300
f 140/309/301 152/310/302 141/311/303
f 141/311/303 152/310/302 153/312/304
f 142/313/305 141/314/306 154/315/307
f 154/315/307 141/314/306 153/316/308
f 143/317/309 142/318/310 155/319/311
f 155/319/311 142/318/310 154/320/312
f 143/321/313 155/322/314 144/323/315
f 144/323/315 155/322/314 156/324/316
f 145/325/317 144/326/318 157/327/319
f 157/327/319 144/326/318 156/328/320
f 146/329/321 145/330/322 158/331/323
f 158/331/323 145/330/322 157/332/324
f 146/333/325 158/334/326 135/335/327
f 135/335/327 158/334/326 147/336/328
f 149/337/329 148/338/330 150/339/331
f 150/339/331 148/338/330 147/340/332
f 150/339/331 147/340/332 153/341/333
f 153/341/333 147/340/332 156/342/334
f 153/341/333 156/342/334 154/343/335
f 154/343/335 156/342/334 155/344/336
f 147/340/332 158/345/337 156/342/334
f 156/342/334 158/345/337 157/346/338
f 153/341/333 152/347/339 150/339/331
f 150/339/331 152/347/339 151/348/340
g Body1:1

v 5.000000 -0.200000 -0.900000
v 5.366063 -0.200000 -0.822191
v 5.668830 -0.200000 -0.602218
v 5.855951 -0.200000 -0.278115
v 5.895070 -0.200000 0.094076
v 5.779423 -0.200000 0.450000
v 5.529007 -0.200000 0.728115
v 5.187121 -0.200000 0.880333
v 4.812879 -0.200000 0.880333
v 4.470993 -0.200000 0.728115
v 4.220577 -0.200000 0.450000
v 4.104930 -0.200000 0.094076
v 4.144049 -0.200000 -0.278115
v 4.331170 -0.200000 -0.602218
v 4.633937 -0.200000 -0.822191
v 5.000000 -1.700000 -0.900000
v 4.633937 -1.700000 -0.822191
v 4.331170 -1.700000 -0.602218
v 4.144049 -1.700000 -0.278115
v 4.104930 -1.700000 0.094076
v 4.220577 -1.700000 0.450000
v 4.470993 -1.700000 0.728115
v 4.812879 -1.700000 0.880333
v 5.187121 -1.700000 0.880333
v 5.529007 -1.700000 0.728115
v 5.779423 -1.700000 0.450000
v 5.895070 -1.700000 0.094076
v 5.855951 -1.700000 -0.278115
v 5.668830 -1.700000 -0.602218
v 5.366063 -1.700000 -0.822191
v 5.000000 0.000000 -0.700000
v 5.325306 0.000000 -0.619819
v 5.576089 0.000000 -0.397645
v 5.694896 0.000000 -0.084376
v 5.654511 0.000000 0.248223
v 5.464186 0.000000 0.523958
v 5.167521 0.000000 0.679659
v 4.832479 0.000000 0.679659
v 4.535814 0.000000 0.523958
v 4.345489 0.000000 0.248223
v 4.305104 0.000000 -0.084376
v 4.423911 0.000000 -0.397645
v 4.674694 0.000000 -0.619819
v 5.000000 -0.200000 -0.700000
v 4.674694 -0.200000 -0.619819
v 4.423911 -0.200000 -0.397645
v 4.305104 -0.200000 -0.084376
v 4.345489 -0.200000 0.248223
v 4.535814 -0.200000 0.523958
v 4.832479 -0.200000 0.679659
v 5.167521 -0.200000 0.679659
v 5.464186 -0.200000 0.523958
v 5.654511 -0.200000 0.248223
v 5.694896 -0.200000 -0.084376
v 5.576089 -0.200000 -0.397645
v 5.325306 -0.200000 -0.619819
v 5.000000 5.100000 -1.185000
v 5.428071 5.100000 -1.104980
v 5.798329 5.100000 -0.875726
v 6.060769 5.100000 -0.528200
v 6.179945 5.100000 -0.109338
v 6.139763 5.100000 0.324291
v 5.945650 5.100000 0.714122
v 5.623822 5.100000 1.007507
v 5.217743 5.100000 1.164823
v 4.782257 5.100000 1.164823
v 4.376178 5.100000 1.007507
v 4.054350 5.100000 0.714122
v 3.860237 5.100000 0.324291
v 3.820055 5.100000 -0.109338
v 3.939231 5.100000 -0.528200
v 4.201671 5.100000 -0.875726
v 4.571929 5.100000 -1.104980
v 5.000000 0.000000 -1.185000
v 4.571929 0.000000 -1.104980
v 4.201671 0.000000 -0.875726
v 3.939231 0.000000 -0.528200
v 3.820055 0.000000 -0.109338
v 3.860237 0.000000 0.324291
v 4.054350 0.000000 0.714122
v 4.376178 0.000000 1.007507
v 4.782257 0.000000 1.164823
v 5.217743 0.000000 1.164823
v 5.623822 0.000000 1.007507
v 5.945650 0.000000 0.714122
v 6.139763 0.000000 0.324291
v 6.179945 0.000000 -0.109338
v 6.060769 0.000000 -0.528200
v 5.798329 0.000000 -0.875726
v 5.428071 0.000000 -1.104980
v 5.000000 5.700000 -1.950000
v 5.549378 5.700000 -1.871011
v 6.054250 5.700000 -1.640444
v 6.473712 5.700000 -1.276978
v 6.773782 5.700000 -0.810059
v 6.930152 5.700000 -0.277514
v 6.930152 5.700000 0.277514
v 6.773782 5.700000 0.810059
v 6.473712 5.700000 1.276978
v 6.054250 5.700000 1.640444
v 5.549378 5.700000 1.871011
v 5.000000 5.700000 1.950000
v 4.450622 5.700000 1.871011
v 3.945750 5.700000 1.640444
v 3.526288 5.700000 1.276978
v 3.226218 5.700000 0.810059
v 3.069848 5.700000 0.277514
v 3.069848 5.700000 -0.277514
v 3.226218 5.700000 -0.810059
v 3.526288 5.700000 -1.276978
v 3.945750 5.700000 -1.640444
v 4.450622 5.700000 -1.871011
v 5.000000 5.100000 -1.950000
v 4.450622 5.100000 -1.871011
v 3.945750 5.100000 -1.640444
v 3.526288 5.100000 -1.276978
v 3.226218 5.100000 -0.810059
v 3.069848 5.100000 -0.277514
v 3.069848 5.100000 0.277514
v 3.226218 5.100000 0.810059
v 3.526288 5.100000 1.276978
v 3.945750 5.100000 1.640444
v 4.450622 5.100000 1.871011
v 5.000000 5.100000 1.950000
v 5.549378 5.100000 1.871011
v 6.054250 5.100000 1.640444
v 6.473712 5.100000 1.276978
v 6.773782 5.100000 0.810059
v 6.930152 5.100000 0.277514
v 6.930152 5.100000 -0.277514
v 6.773782 5.100000 -0.810059
v 6.473712 5.100000 -1.276978
v 6.054250 5.100000 -1.640444
v 5.549378 5.100000 -1.871011
v 5.300000 5.700000 -0.300000
v 5.900000 5.700000 -0.300000
v 5.900000 5.700000 0.300000
v 5.300000 5.700000 0.300000
v 5.300000 5.700000 0.900000
v 4.700000 5.700000 0.900000
v 4.700000 5.700000 0.300000
v 4.100000 5.700000 0.300000
v 4.100000 5.700000 -0.300000
v 4.700000 5.700000 -0.300000
v 4.700000 5.700000 -0.900000
v 5.300000 5.700000 -0.900000
v 5.032051 4.700000 -0.032051
v 5.632051 4.700000 -0.032051
v 5.632051 4.700000 0.032051
v 5.032051 4.700000 0.032051
v 5.032051 4.700000 0.632051
v 4.967949 4.700000 0.632051
v 4.967949 4.700000 0.032051
v 4.367949 4.700000 0.032051
v 4.367949 4.700000 -0.032051
v 4.967949 4.700000 -0.032051
v 4.967949 4.700000 -0.632051
v 5.032051 4.700000 -0.632051
vt 16.937540 0.037699 0.000000
vt 16.787540 0.000000 0.000000
vt 16.937540 0.000000 0.000000
vt 16.787540 -0.037699 0.000000
vt 16.937540 -0.037699 0.000000
vt 16.787540 -0.075398 0.000000
vt 16.937540 -0.075398 0.000000
vt 16.787540 -0.113097 0.000000
vt 16.937540 -0.113097 0.000000
vt 16.787540 -0.150796 0.000000
vt 16.937540 -0.150796 0.000000
vt 16.787540 -0.188496 0.000000
vt 16.937540 -0.188496 0.000000
vt 16.787540 -0.226195 0.000000
vt 16.937540 -0.226195 0.000000
vt 16.787540 -0.263894 0.000000
vt 16.937540 -0.263894 0.000000
vt 16.937540 0.301593 0.000000
vt 16.787540 0.301593 0.000000
vt 16.787540 0.263894 0.000000
vt 16.937540 0.263894 0.000000
vt 16.787540 0.226195 0.000000
vt 16.937540 0.226195 0.000000
vt 16.787540 0.188496 0.000000
vt 16.937540 0.188496 0.000000
vt 16.787540 0.150796 0.000000
vt 16.937540 0.150796 0.000000
vt 16.787540 0.113097 0.000000
vt 16.937540 0.113097 0.000000
vt 16.787540 0.075398 0.000000
vt 16.937540 0.075398 0.000000
vt 16.787540 0.037699 0.000000
vt 16.957540 0.033833 0.000000
vt 16.937540 0.000000 0.000000
vt 16.957540 0.000000 0.000000
vt 16.937540 -0.033833 0.000000
vt 16.957540 -0.033833 0.000000
vt 16.937540 -0.067665 0.000000
vt 16.957540 -0.067665 0.000000
vt 16.937540 -0.101498 0.000000
vt 16.957540 -0.101498 0.000000
vt 16.937540 -0.135330 0.000000
vt 16.957540 -0.135330 0.000000
vt 16.937540 -0.169163 0.000000
vt 16.957540 -0.169163 0.000000
vt 16.937540 -0.202995 0.000000
vt 16.957540 -0.202995 0.000000
vt 16.957540 0.236828 0.000000
vt 16.937540 0.236828 0.000000
vt 16.937540 0.202995 0.000000
vt 16.957540 0.202995 0.000000
vt 16.937540 0.169163 0.000000
vt 16.957540 0.169163 0.000000
vt 16.937540 0.135330 0.000000
vt 16.957540 0.135330 0.000000
vt 16.937540 0.101498 0.000000
vt 16.957540 0.101498 0.000000
vt 16.937540 0.067665 0.000000
vt 16.957540 0.067665 0.000000
vt 16.937540 0.033833 0.000000
vt 17.467540 0.043797 0.000000
vt 16.957540 0.000000 0.000000
vt 17.467540 0.000000 0.000000
vt 16.957540 -0.043797 0.000000
vt 17.467540 -0.043797 0.000000
vt 16.957540 -0.087595 0.000000
vt 17.467540 -0.087595 0.000000
vt 16.957540 -0.131392 0.000000
vt 17.467540 -0.131392 0.000000
vt 16.957540 -0.175190 0.000000
vt 17.467540 -0.175190 0.000000
vt 16.957540 -0.218987 0.000000
vt 17.467540 -0.218987 0.000000
vt 16.957540 -0.262785 0.000000
vt 17.467540 -0.262785 0.000000
vt 16.957540 -0.306582 0.000000
vt 17.467540 -0.306582 0.000000
vt 16.957540 -0.350380 0.000000
vt 17.467540 -0.350380 0.000000
vt 17.467540 0.394177 0.000000
vt 16.957540 0.394177 0.000000
vt 16.957540 0.350380 0.000000
vt 17.467540 0.350380 0.000000
vt 16.957540 0.306582 0.000000
vt 17.467540 0.306582 0.000000
vt 16.957540 0.262785 0.000000
vt 17.467540 0.262785 0.000000
vt 16.957540 0.218987 0.000000
vt 17.467540 0.218987 0.000000
vt 16.957540 0.175190 0.000000
vt 17.467540 0.175190 0.000000
vt 16.957540 0.131392 0.000000
vt 17.467540 0.131392 0.000000
vt 16.957540 0.087595 0.000000
vt 17.467540 0.087595 0.000000
vt 16.957540 0.043797 0.000000
vt 17.527540 0.055692 0.000000
vt 17.467540 0.055692 0.000000
vt 17.527540 0.000000 0.000000
vt 17.467540 0.000000 0.000000
vt 17.527540 -0.055692 0.000000
vt 17.467540 -0.055692 0.000000
vt 17.527540 -0.111384 0.000000
vt 17.467540 -0.111384 0.000000
vt 17.527540 -0.167076 0.000000
vt 17.467540 -0.167076 0.000000
vt 17.527540 -0.222767 0.000000
vt 17.467540 -0.222767 0.000000
vt 17.527540 -0.278459 0.000000
vt 17.467540 -0.278459 0.000000
vt 17.527540 -0.334151 0.000000
vt 17.467540 -0.334151 0.000000
vt 17.527540 -0.389843 0.000000
vt 17.467540 -0.389843 0.000000
vt 17.527540 -0.445535 0.000000
vt 17.467540 -0.445535 0.000000
vt 17.527540 -0.501227 0.000000
vt 17.467540 -0.501227 0.000000
vt 17.527540 -0.556919 0.000000
vt 17.467540 -0.556919 0.000000
vt 17.527540 -0.612611 0.000000
vt 17.467540 -0.612611 0.000000
vt 17.527540 0.612611 0.000000
vt 17.467540 0.612611 0.000000
vt 17.527540 0.556919 0.000000
vt 17.467540 0.556919 0.000000
vt 17.527540 0.501227 0.000000
vt 17.467540 0.501227 0.000000
vt 17.527540 0.445535 0.000000
vt 17.467540 0.445535 0.000000
vt 17.527540 0.389843 0.000000
vt 17.467540 0.389843 0.000000
vt 17.527540 0.334151 0.000000
vt 17.467540 0.334151 0.000000
vt 17.527540 0.278459 0.000000
vt 17.467540 0.278459 0.000000
vt 17.527540 0.222767 0.000000
vt 17.467540 0.222767 0.000000
vt 17.527540 0.167076 0.000000
vt 17.467540 0.167076 0.000000
vt 17.527540 0.111384 0.000000
vt 17.467540 0.111384 0.000000
vt 0.000000 0.000000 0.000000
vt -0.007781 0.036606 0.000000
vt -0.007781 -0.036606 0.000000
vt -0.029778 0.066883 0.000000
vt -0.029778 -0.066883 0.000000
vt -0.062188 0.085595 0.000000
vt -0.062188 -0.085595 0.000000
vt -0.099408 0.089507 0.000000
vt -0.099408 -0.089507 0.000000
vt -0.135000 0.077942 0.000000
vt -0.135000 -0.077942 0.000000
vt -0.162812 0.052901 0.000000
vt -0.162812 -0.052901 0.000000
vt -0.178033 0.018712 0.000000
vt -0.178033 -0.018712 0.000000
vt -0.187101 -0.054938 0.000000
vt -0.090000 -0.030000 0.000000
vt -0.195000 0.000000 0.000000
vt -0.090000 0.030000 0.000000
vt -0.187101 0.054938 0.000000
vt -0.164044 0.105425 0.000000
vt -0.127698 0.147371 0.000000
vt -0.030000 0.090000 0.000000
vt -0.081006 0.177378 0.000000
vt -0.027751 0.193015 0.000000
vt 0.030000 0.090000 0.000000
vt 0.027751 0.193015 0.000000
vt 0.081006 0.177378 0.000000
vt 0.127698 0.147371 0.000000
vt 0.090000 0.030000 0.000000
vt 0.164044 0.105425 0.000000
vt 0.187101 0.054938 0.000000
vt 0.195000 0.000000 0.000000
vt 0.090000 -0.030000 0.000000
vt 0.187101 -0.054938 0.000000
vt 0.164044 -0.105425 0.000000
vt 0.127698 -0.147371 0.000000
vt 0.030000 -0.090000 0.000000
vt 0.081006 -0.177378 0.000000
vt 0.027751 -0.193015 0.000000
vt -0.030000 -0.090000 0.000000
vt -0.027751 -0.193015 0.000000
vt -0.081006 -0.177378 0.000000
vt -0.127698 -0.147371 0.000000
vt -0.164044 -0.105425 0.000000
vt -0.030000 0.030000 0.000000
vt 0.030000 0.030000 0.000000
vt 0.030000 -0.030000 0.000000
vt -0.030000 -0.030000 0.000000
vt -0.007899 -0.054938 0.000000
vt -0.000000 0.000000 0.000000
vt -0.076500 0.000000 0.000000
vt -0.007899 0.054938 0.000000
vt -0.084502 0.042807 0.000000
vt -0.030956 0.105425 0.000000
vt -0.107427 0.079833 0.000000
vt -0.067302 0.147371 0.000000
vt -0.142180 0.106077 0.000000
vt -0.113994 0.177378 0.000000
vt -0.167249 0.193015 0.000000
vt -0.184066 0.117994 0.000000
vt -0.222751 0.193015 0.000000
vt -0.227429 0.113976 0.000000
vt -0.276006 0.177378 0.000000
vt -0.266412 0.094565 0.000000
vt -0.322698 0.147371 0.000000
vt -0.295751 0.062382 0.000000
vt -0.359044 0.105425 0.000000
vt -0.382101 0.054938 0.000000
vt -0.311482 0.021774 0.000000
vt -0.390000 0.000000 0.000000
vt -0.311482 -0.021774 0.000000
vt -0.382101 -0.054938 0.000000
vt -0.295751 -0.062382 0.000000
vt -0.359044 -0.105425 0.000000
vt -0.322698 -0.147371 0.000000
vt -0.266412 -0.094565 0.000000
vt -0.276006 -0.177378 0.000000
vt -0.227429 -0.113976 0.000000
vt -0.222751 -0.193015 0.000000
vt -0.184066 -0.117994 0.000000
vt -0.167249 -0.193015 0.000000
vt -0.142180 -0.106077 0.000000
vt -0.113994 -0.177378 0.000000
vt -0.067302 -0.147371 0.000000
vt -0.107427 -0.079833 0.000000
vt -0.030956 -0.105425 0.000000
vt -0.084502 -0.042807 0.000000
vt -0.008002 -0.042807 0.000000
vt 0.000000 0.000000 0.000000
vt -0.048500 0.000000 0.000000
vt -0.008002 0.042807 0.000000
vt -0.056518 0.032531 0.000000
vt -0.030927 0.079833 0.000000
vt -0.078735 0.057609 0.000000
vt -0.065680 0.106077 0.000000
vt -0.110062 0.069490 0.000000
vt -0.107566 0.117994 0.000000
vt -0.150929 0.113976 0.000000
vt -0.143322 0.065451 0.000000
vt -0.189912 0.094565 0.000000
vt -0.170896 0.046419 0.000000
vt -0.219251 0.062382 0.000000
vt -0.186466 0.016752 0.000000
vt -0.234982 0.021774 0.000000
vt -0.234982 -0.021774 0.000000
vt -0.186466 -0.016752 0.000000
vt -0.219251 -0.062382 0.000000
vt -0.170896 -0.046419 0.000000
vt -0.189912 -0.094565 0.000000
vt -0.143322 -0.065451 0.000000
vt -0.150929 -0.113976 0.000000
vt -0.110062 -0.069490 0.000000
vt -0.107566 -0.117994 0.000000
vt -0.065680 -0.106077 0.000000
vt -0.078735 -0.057609 0.000000
vt -0.030927 -0.079833 0.000000
vt -0.056518 -0.032531 0.000000
vt -0.012219 0.036606 0.000000
vt -0.020000 0.000000 0.000000
vt -0.000000 0.000000 0.000000
vt -0.012219 -0.036606 0.000000
vt 0.008018 -0.032531 0.000000
vt 0.009778 -0.066883 0.000000
vt 0.030235 -0.057609 0.000000
vt 0.042188 -0.085595 0.000000
vt 0.061562 -0.069490 0.000000
vt 0.079408 -0.089507 0.000000
vt 0.094822 -0.065451 0.000000
vt 0.115000 -0.077942 0.000000
vt 0.122396 -0.046419 0.000000
vt 0.142812 -0.052901 0.000000
vt 0.137966 -0.016752 0.000000
vt 0.158033 -0.018712 0.000000
vt 0.137966 0.016752 0.000000
vt 0.158033 0.018712 0.000000
vt 0.142812 0.052901 0.000000
vt 0.122396 0.046419 0.000000
vt 0.115000 0.077942 0.000000
vt 0.094822 0.065451 0.000000
vt 0.079408 0.089507 0.000000
vt 0.061562 0.069490 0.000000
vt 0.042188 0.085595 0.000000
vt 0.030235 0.057609 0.000000
vt 0.009778 0.066883 0.000000
vt 0.008018 0.032531 0.000000
vt -0.000000 0.060000 0.000000
vt 0.000000 0.000000 0.000000
vt 0.103528 0.033205 0.000000
vt 0.103528 -0.026795 0.000000
vt -0.000000 0.000000 0.000000
vt -0.103528 -0.026795 0.000000
vt -0.000000 -0.060000 0.000000
vt -0.103528 -0.033205 0.000000
vt -0.000000 0.000000 0.000000
vt -0.103528 -0.026795 0.000000
vt -0.000000 -0.060000 0.000000
vt -0.103528 -0.086795 0.000000
vt -0.000000 -0.060000 0.000000
vt -0.000000 0.000000 0.000000
vt -0.103528 -0.033205 0.000000
vt -0.103528 0.026795 0.000000
vt -0.000000 0.000000 0.000000
vt -0.103528 -0.026795 0.000000
vt -0.000000 -0.060000 0.000000
vt -0.103528 -0.033205 0.000000
vt -0.000000 0.000000 0.000000
vt 0.103528 0.026795 0.000000
vt -0.000000 0.060000 0.000000
vt 0.103528 0.086795 0.000000
vt -0.000000 -0.060000 0.000000
vt -0.000000 0.000000 0.000000
vt -0.103528 -0.033205 0.000000
vt -0.103528 0.026795 0.000000
vt -0.000000 0.060000 0.000000
vt -0.000000 0.000000 0.000000
vt 0.103528 0.033205 0.000000
vt 0.103528 0.026795 0.000000
vt -0.000000 0.000000 0.000000
vt 0.103528 0.026795 0.000000
vt -0.000000 0.060000 0.000000
vt 0.103528 0.086795 0.000000
vt -0.000000 0.060000 0.000000
vt -0.000000 0.000000 0.000000
vt 0.103528 0.033205 0.000000
vt 0.103528 -0.026795 0.000000
vt 0.000000 0.060000 0.000000
vt -0.000000 0.000000 0.000000
vt 0.103528 0.033205 0.000000
vt 0.103528 0.026795 0.000000
vt -0.000000 0.000000 0.000000
vt -0.103528 -0.026795 0.000000
vt -0.000000 -0.060000 0.000000
vt -0.103528 -0.086795 0.000000
vt 0.003205 0.063205 0.000000
vt -0.003205 0.063205 0.000000
vt 0.003205 0.003205 0.000000
vt -0.003205 0.003205 0.000000
vt 0.003205 -0.003205 0.000000
vt -0.003205 -0.003205 0.000000
vt 0.003205 -0.063205 0.000000
vt -0.003205 -0.063205 0.000000
vt -0.063205 0.003205 0.000000
vt -0.063205 -0.003205 0.000000
vt 0.063205 -0.003205 0.000000
vt 0.063205 0.003205 0.000000
vn 0.040674 0.000000 -0.091355
vn -0.000000 0.000000 -0.100000
vn -0.000000 0.000000 -0.100000
vn -0.040674 0.000000 -0.091355
vn -0.040674 0.000000 -0.091355
vn -0.074314 0.000000 -0.066913
vn -0.074314 0.000000 -0.066913
vn -0.095106 0.000000 -0.030902
vn -0.095106 0.000000 -0.030902
vn -0.099452 0.000000 0.010453
vn -0.099452 0.000000 0.010453
vn -0.086603 0.000000 0.050000
vn -0.086603 0.000000 0.050000
vn -0.058779 -0.000000 0.080902
vn -0.058779 -0.000000 0.080902
vn -0.020791 -0.000000 0.097815
vn -0.020791 -0.000000 0.097815
vn 0.020791 -0.000000 0.097815
vn 0.020791 -0.000000 0.097815
vn 0.058779 -0.000000 0.080902
vn 0.058779 -0.000000 0.080902
vn 0.086603 -0.000000 0.050000
vn 0.086603 -0.000000 0.050000
vn 0.099452 -0.000000 0.010453
vn 0.099452 -0.000000 0.010453
vn 0.095106 -0.000000 -0.030902
vn 0.095106 -0.000000 -0.030902
vn 0.074314 0.000000 -0.066913
vn 0.074314 0.000000 -0.066913
vn 0.040674 0.000000 -0.091355
vn 0.046472 0.000000 -0.088546
vn -0.000000 0.000000 -0.100000
vn -0.000000 0.000000 -0.100000
vn -0.046472 0.000000 -0.088546
vn -0.046472 0.000000 -0.088546
vn -0.082298 0.000000 -0.056806
vn -0.082298 0.000000 -0.056806
vn -0.099271 0.000000 -0.012054
vn -0.099271 0.000000 -0.012054
vn -0.093502 0.000000 0.035460
vn -0.093502 0.000000 0.035460
vn -0.066312 -0.000000 0.074851
vn -0.066312 -0.000000 0.074851
vn -0.023932 -0.000000 0.097094
vn -0.023932 -0.000000 0.097094
vn 0.023932 -0.000000 0.097094
vn 0.023932 -0.000000 0.097094
vn 0.066312 -0.000000 0.074851
vn 0.066312 -0.000000 0.074851
vn 0.093502 -0.000000 0.035460
vn 0.093502 -0.000000 0.035460
vn 0.099271 -0.000000 -0.012054
vn 0.099271 -0.000000 -0.012054
vn 0.082298 -0.000000 -0.056806
vn 0.082298 -0.000000 -0.056806
vn 0.046472 0.000000 -0.088546
vn 0.036124 0.000000 -0.093247
vn -0.000000 0.000000 -0.100000
vn -0.000000 0.000000 -0.100000
vn -0.036124 0.000000 -0.093247
vn -0.036124 0.000000 -0.093247
vn -0.067370 0.000000 -0.073901
vn -0.067370 0.000000 -0.073901
vn -0.089516 0.000000 -0.044574
vn -0.089516 0.000000 -0.044574
vn -0.099573 0.000000 -0.009227
vn -0.099573 0.000000 -0.009227
vn -0.096183 0.000000 0.027366
vn -0.096183 0.000000 0.027366
vn -0.079802 -0.000000 0.060263
vn -0.079802 -0.000000 0.060263
vn -0.052643 -0.000000 0.085022
vn -0.052643 -0.000000 0.085022
vn -0.018375 -0.000000 0.098297
vn -0.018375 -0.000000 0.098297
vn 0.018375 -0.000000 0.098297
vn 0.018375 -0.000000 0.098297
vn 0.052643 -0.000000 0.085022
vn 0.052643 -0.000000 0.085022
vn 0.079802 -0.000000 0.060263
vn 0.079802 -0.000000 0.060263
vn 0.096183 -0.000000 0.027366
vn 0.096183 -0.000000 0.027366
vn 0.099573 -0.000000 -0.009227
vn 0.099573 -0.000000 -0.009227
vn 0.089516 -0.000000 -0.044574
vn 0.089516 -0.000000 -0.044574
vn 0.067370 0.000000 -0.073901
vn 0.067370 0.000000 -0.073901
vn 0.036124 0.000000 -0.093247
vn 0.028173 0.000000 -0.095949
vn 0.028173 0.000000 -0.095949
vn -0.000000 0.000000 -0.100000
vn -0.000000 0.000000 -0.100000
vn -0.028173 0.000000 -0.095949
vn -0.028173 0.000000 -0.095949
vn -0.054064 0.000000 -0.084125
vn -0.054064 0.000000 -0.084125
vn -0.075575 0.000000 -0.065486
vn -0.075575 0.000000 -0.065486
vn -0.090963 0.000000 -0.041542
vn -0.090963 0.000000 -0.041542
vn -0.098982 0.000000 -0.014231
vn -0.098982 0.000000 -0.014231
vn -0.098982 0.000000 0.014231
vn -0.098982 0.000000 0.014231
vn -0.090963 0.000000 0.041542
vn -0.090963 0.000000 0.041542
vn -0.075575 -0.000000 0.065486
vn -0.075575 -0.000000 0.065486
vn -0.054064 -0.000000 0.084125
vn -0.054064 -0.000000 0.084125
vn -0.028173 -0.000000 0.095949
vn -0.028173 -0.000000 0.095949
vn -0.000000 -0.000000 0.100000
vn -0.000000 -0.000000 0.100000
vn 0.028173 -0.000000 0.095949
vn 0.028173 -0.000000 0.095949
vn 0.054064 -0.000000 0.084125
vn 0.054064 -0.000000 0.084125
vn 0.075575 -0.000000 0.065486
vn 0.075575 -0.000000 0.065486
vn 0.090963 -0.000000 0.041542
vn 0.090963 -0.000000 0.041542
vn 0.098982 -0.000000 0.014231
vn 0.098982 -0.000000 0.014231
vn 0.098982 -0.000000 -0.014231
vn 0.098982 -0.000000 -0.014231
vn 0.090963 -0.000000 -0.041542
vn 0.090963 -0.000000 -0.041542
vn 0.075575 0.000000 -0.065486
vn 0.075575 0.000000 -0.065486
vn 0.054064 0.000000 -0.084125
vn 0.054064 0.000000 -0.084125
vn -0.000000 -0.100000 -0.000000
vn -0.000000 -0.100000 -0.000000
vn -0.000000 -0.100000 -0.000000
vn -0.000000 -0.100000 -0.000000
vn -0.000000 -0.100000 -0.000000
vn -0.000000 -0.100000 -0.000000
vn -0.000000 -0.100000 -0.000000
vn -0.000000 -0.100000 -0.000000
vn -0.000000 -0.100000 -0.000000
vn -0.000000 -0.100000 -0.000000
vn -0.000000 -0.100000 -0.000000
vn -0.000000 -0.100000 -0.000000
vn -0.000000 -0.100000 -0.000000
vn -0.000000 -0.100000 -0.000000
vn -0.000000 -0.100000 -0.000000
vn 0.000000 0.100000 0.000000
vn 0.000000 0.100000 0.000000
vn 0.000000 0.100000 0.000000
vn 0.000000 0.100000 0.000000
vn 0.000000 0.100000 0.000000
vn 0.000000 0.100000 0.000000
vn 0.000000 0.100000 0.000000
vn 0.000000 0.100000 0.000000
vn 0.000000 0.100000 0.000000
vn 0.000000 0.100000 0.000000
vn 0.000000 0.100000 0.000000
vn 0.000000 0.100000 0.000000
vn 0.000000 0.100000 0.000000
vn 0.000000 0.100000 0.000000
vn 0.000000 0.100000 0.000000
vn 0.000000 0.100000 0.000000
vn 0.000000 0.100000 0.000000
vn 0.000000 0.100000 0.000000
vn 0.000000 0.100000 0.000000
vn 0.000000 0.100000 0.000000
vn 0.000000 0.100000 0.000000
vn 0.000000 0.100000 0.000000
vn 0.000000 0.100000 0.000000
vn 0.000000 0.100000 0.000000
vn 0.000000 0.100000 0.000000
vn 0.000000 0.100000 0.000000
vn 0.000000 0.100000 0.000000
vn 0.000000 0.100000 0.000000
vn 0.000000 0.100000 0.000000
vn 0.000000 0.100000 0.000000
vn 0.000000 0.100000 0.000000
vn 0.000000 0.100000 0.000000
vn 0.000000 0.100000 0.000000
vn 0.000000 0.100000 0.000000
vn -0.000000 -0.100000 -0.000000
vn -0.000000 -0.100000 -0.000000
vn -0.000000 -0.100000 -0.000000
vn -0.000000 -0.100000 -0.000000
vn -0.000000 -0.100000 -0.000000
vn -0.000000 -0.100000 -0.000000
vn -0.000000 -0.100000 -0.000000
vn -0.000000 -0.100000 -0.000000
vn -0.000000 -0.100000 -0.000000
vn -0.000000 -0.100000 -0.000000
vn -0.000000 -0.100000 -0.000000
vn -0.000000 -0.100000 -0.000000
vn -0.000000 -0.100000 -0.000000
vn -0.000000 -0.100000 -0.000000
vn -0.000000 -0.100000 -0.000000
vn -0.000000 -0.100000 -0.000000
vn -0.000000 -0.100000 -0.000000
vn -0.000000 -0.100000 -0.000000
vn -0.000000 -0.100000 -0.000000
vn -0.000000 -0.100000 -0.000000
vn -0.000000 -0.100000 -0.000000
vn -0.000000 -0.100000 -0.000000
vn -0.000000 -0.100000 -0.000000
vn -0.000000 -0.100000 -0.000000
vn -0.000000 -0.100000 -0.000000
vn -0.000000 -0.100000 -0.000000
vn -0.000000 -0.100000 -0.000000
vn -0.000000 -0.100000 -0.000000
vn -0.000000 -0.100000 -0.000000
vn -0.000000 -0.100000 -0.000000
vn -0.000000 -0.100000 -0.000000
vn -0.000000 -0.100000 -0.000000
vn -0.000000 -0.100000 -0.000000
vn -0.000000 -0.100000 -0.000000
vn -0.000000 -0.100000 -0.000000
vn -0.000000 -0.100000 -0.000000
vn -0.000000 -0.100000 -0.000000
vn -0.000000 -0.100000 -0.000000
vn -0.000000 -0.100000 -0.000000
vn -0.000000 -0.100000 -0.000000
vn -0.000000 -0.100000 -0.000000
vn -0.000000 -0.100000 -0.000000
vn -0.000000 -0.100000 -0.000000
vn -0.000000 -0.100000 -0.000000
vn -0.000000 -0.100000 -0.000000
vn -0.000000 -0.100000 -0.000000
vn -0.000000 -0.100000 -0.000000
vn -0.000000 -0.100000 -0.000000
vn -0.000000 -0.100000 -0.000000
vn -0.000000 -0.100000 -0.000000
vn -0.000000 -0.100000 -0.000000
vn -0.000000 -0.100000 -0.000000
vn -0.000000 -0.100000 -0.000000
vn -0.000000 -0.100000 -0.000000
vn -0.000000 -0.100000 -0.000000
vn -0.000000 -0.100000 -0.000000
vn -0.000000 -0.100000 -0.000000
vn -0.000000 -0.100000 -0.000000
vn -0.000000 -0.100000 -0.000000
vn -0.000000 -0.100000 -0.000000
vn -0.000000 -0.100000 -0.000000
vn -0.000000 -0.100000 -0.000000
vn -0.000000 -0.100000 -0.000000
vn -0.000000 -0.100000 -0.000000
vn -0.000000 -0.100000 -0.000000
vn -0.000000 -0.100000 -0.000000
vn -0.000000 -0.100000 -0.000000
vn -0.000000 -0.100000 -0.000000
vn -0.000000 -0.100000 -0.000000
vn 0.000000 0.100000 0.000000
vn 0.000000 0.100000 0.000000
vn 0.000000 0.100000 0.000000
vn 0.000000 0.100000 0.000000
vn 0.000000 0.100000 0.000000
vn 0.000000 0.100000 0.000000
vn 0.000000 0.100000 0.000000
vn 0.000000 0.100000 0.000000
vn 0.000000 0.100000 0.000000
vn 0.000000 0.100000 0.000000
vn 0.000000 0.100000 0.000000
vn 0.000000 0.100000 0.000000
vn 0.000000 0.100000 0.000000
vn 0.000000 0.100000 0.000000
vn 0.000000 0.100000 0.000000
vn 0.000000 0.100000 0.000000
vn 0.000000 0.100000 0.000000
vn 0.000000 0.100000 0.000000
vn 0.000000 0.100000 0.000000
vn 0.000000 0.100000 0.000000
vn 0.000000 0.100000 0.000000
vn 0.000000 0.100000 0.000000
vn 0.000000 0.100000 0.000000
vn 0.000000 0.100000 0.000000
vn 0.000000 0.100000 0.000000
vn 0.000000 0.100000 0.000000
vn 0.000000 0.100000 0.000000
vn 0.000000 0.100000 0.000000
vn 0.000000 0.025882 0.096593
vn 0.000000 0.025882 0.096593
vn 0.000000 0.025882 0.096593
vn 0.000000 0.025882 0.096593
vn -0.096593 0.025882 -0.000000
vn -0.096593 0.025882 -0.000000
vn -0.096593 0.025882 -0.000000
vn -0.096593 0.025882 -0.000000
vn -0.000000 0.025882 -0.096593
vn -0.000000 0.025882 -0.096593
vn -0.000000 0.025882 -0.096593
vn -0.000000 0.025882 -0.096593
vn -0.096593 0.025882 0.000000
vn -0.096593 0.025882 0.000000
vn -0.096593 0.025882 0.000000
vn -0.096593 0.025882 0.000000
vn 0.000000 0.025882 -0.096593
vn 0.000000 0.025882 -0.096593
vn 0.000000 0.025882 -0.096593
vn 0.000000 0.025882 -0.096593
vn 0.096593 0.025882 0.000000
vn 0.096593 0.025882 0.000000
vn 0.096593 0.025882 0.000000
vn 0.096593 0.025882 0.000000
vn -0.000000 0.025882 -0.096593
vn -0.000000 0.025882 -0.096593
vn -0.000000 0.025882 -0.096593
vn -0.000000 0.025882 -0.096593
vn 0.096593 0.025882 -0.000000
vn 0.096593 0.025882 -0.000000
vn 0.096593 0.025882 -0.000000
vn 0.096593 0.025882 -0.000000
vn 0.000000 0.025882 0.096593
vn 0.000000 0.025882 0.096593
vn 0.000000 0.025882 0.096593
vn 0.000000 0.025882 0.096593
vn 0.096593 0.025882 0.000000
vn 0.096593 0.025882 0.000000
vn 0.096593 0.025882 0.000000
vn 0.096593 0.025882 0.000000
vn 0.000000 0.025882 0.096593
vn 0.000000 0.025882 0.096593
vn 0.000000 0.025882 0.096593
vn 0.000000 0.025882 0.096593
vn -0.096593 0.025882 0.000000
vn -0.096593 0.025882 0.000000
vn -0.096593 0.025882 0.000000
vn -0.096593 0.025882 0.000000
vn 0.000000 0.100000 -0.000000
vn 0.000000 0.100000 -0.000000
vn 0.000000 0.100000 -0.000000
vn 0.000000 0.100000 -0.000000
vn 0.000000 0.100000 -0.000000
vn 0.000000 0.100000 -0.000000
vn 0.000000 0.100000 -0.000000
vn 0.000000 0.100000 -0.000000
vn 0.000000 0.100000 -0.000000
vn 0.000000 0.100000 -0.000000
vn 0.000000 0.100000 -0.000000
vn 0.000000 0.100000 -0.000000
f 160/349/341 174/350/342 159/351/343
f 159/351/343 174/350/342 175/352/344
f 159/351/343 175/352/344 173/353/345
f 173/353/345 175/352/344 176/354/346
f 173/353/345 176/354/346 172/355/347
f 172/355/347 176/354/346 177/356/348
f 172/355/347 177/356/348 171/357/349
f 171/357/349 177/356/348 178/358/350
f 171/357/349 178/358/350 170/359/351
f 170/359/351 178/358/350 179/360/352
f 170/359/351 179/360/352 169/361/353
f 169/361/353 179/360/352 180/362/354
f 169/361/353 180/362/354 168/363/355
f 168/363/355 180/362/354 181/364/356
f 168/363/355 181/364/356 167/365/357
f 167/366/357 181/367/356 182/368/358
f 167/366/357 182/368/358 166/369/359
f 166/369/359 182/368/358 183/370/360
f 166/369/359 183/370/360 165/371/361
f 165/371/361 183/370/360 184/372/362
f 165/371/361 184/372/362 164/373/363
f 164/373/363 184/372/362 185/374/364
f 164/373/363 185/374/364 163/375/365
f 163/375/365 185/374/364 186/376/366
f 163/375/365 186/376/366 162/377/367
f 162/377/367 186/376/366 187/378/368
f 162/377/367 187/378/368 161/379/369
f 161/379/369 187/378/368 188/380/370
f 161/379/369 188/380/370 160/349/341
f 160/349/341 188/380/370 174/350/342
f 190/381/371 202/382/372 189/383/373
f 189/383/373 202/382/372 203/384/374
f 189/383/373 203/384/374 201/385/375
f 201/385/375 203/384/374 204/386/376
f 201/385/375 204/386/376 200/387/377
f 200/387/377 204/386/376 205/388/378
f 200/387/377 205/388/378 199/389/379
f 199/389/379 205/388/378 206/390/380
f 199/389/379 206/390/380 198/391/381
f 198/391/381 206/390/380 207/392/382
f 198/391/381 207/392/382 197/393/383
f 197/393/383 207/392/382 208/394/384
f 197/393/383 208/394/384 196/395/385
f 196/396/385 208/397/384 209/398/386
f 196/396/385 209/398/386 195/399/387
f 195/399/387 209/398/386 210/400/388
f 195/399/387 210/400/388 194/401/389
f 194/401/389 210/400/388 211/402/390
f 194/401/389 211/402/390 193/403/391
f 193/403/391 211/402/390 212/404/392
f 193/403/391 212/404/392 192/405/393
f 192/405/393 212/404/392 213/406/394
f 192/405/393 213/406/394 191/407/395
f 191/407/395 213/406/394 214/408/396
f 191/407/395 214/408/396 190/381/371
f 190/381/371 214/408/396 202/382/372
f 216/409/397 232/410/398 215/411/399
f 215/411/399 232/410/398 233/412/400
f 215/411/399 233/412/400 231/413/401
f 231/413/401 233/412/400 234/414/402
f 231/413/401 234/414/402 230/415/403
f 230/415/403 234/414/402 235/416/404
f 230/415/403 235/416/404 229/417/405
f 229/417/405 235/416/404 236/418/406
f 229/417/405 236/418/406 228/419/407
f 228/419/407 236/418/406 237/420/408
f 228/419/407 237/420/408 227/421/409
f 227/421/409 237/420/408 238/422/410
f 227/421/409 238/422/410 226/423/411
f 226/423/411 238/422/410 239/424/412
f 226/423/411 239/424/412 225/425/413
f 225/425/413 239/424/412 240/426/414
f 225/425/413 240/426/414 224/427/415
f 224/428/415 240/429/414 241/430/416
f 224/428/415 241/430/416 223/431/417
f 223/431/417 241/430/416 242/432/418
f 223/431/417 242/432/418 222/433/419
f 222/433/419 242/432/418 243/434/420
f 222/433/419 243/434/420 221/435/421
f 221/435/421 243/434/420 244/436/422
f 221/435/421 244/436/422 220/437/423
f 220/437/423 244/436/422 245/438/424
f 220/437/423 245/438/424 219/439/425
f 219/439/425 245/438/424 246/440/426
f 219/439/425 246/440/426 218/441/427
f 218/441/427 246/440/426 247/442/428
f 218/441/427 247/442/428 217/443/429
f 217/443/429 247/442/428 248/444/430
f 217/443/429 248/444/430 216/409/397
f 216/409/397 248/444/430 232/410/398
f 250/445/431 292/446/432 249/447/433
f 249/447/433 292/446/432 271/448/434
f 249/447/433 271/448/434 270/449/435
f 270/449/435 271/448/434 272/450/436
f 270/449/435 272/450/436 269/451/437
f 269/451/437 272/450/436 273/452/438
f 269/451/437 273/452/438 268/453/439
f 268/453/439 273/452/438 274/454/440
f 268/453/439 274/454/440 267/455/441
f 267/455/441 274/454/440 275/456/442
f 267/455/441 275/456/442 266/457/443
f 266/457/443 275/456/442 276/458/444
f 266/457/443 276/458/444 265/459/445
f 265/459/445 276/458/444 277/460/446
f 265/459/445 277/460/446 264/461/447
f 264/461/447 277/460/446 278/462/448
f 264/461/447 278/462/448 263/463/449
f 263/463/449 278/462/448 279/464/450
f 263/463/449 279/464/450 262/465/451
f 262/465/451 279/464/450 280/466/452
f 262/465/451 280/466/452 261/467/453
f 261/467/453 280/466/452 281/468/454
f 261/467/453 281/468/454 260/469/455
f 260/469/455 281/468/454 282/470/456
f 260/471/455 282/472/456 259/473/457
f 259/473/457 282/472/456 283/474/458
f 259/473/457 283/474/458 258/475/459
f 258/475/459 283/474/458 284/476/460
f 258/475/459 284/476/460 257/477/461
f 257/477/461 284/476/460 285/478/462
f 257/477/461 285/478/462 256/479/463
f 256/479/463 285/478/462 286/480/464
f 256/479/463 286/480/464 255/481/465
f 255/481/465 286/480/464 287/482/466
f 255/481/465 287/482/466 254/483/467
f 254/483/467 287/482/466 288/484/468
f 254/483/467 288/484/468 253/485/469
f 253/485/469 288/484/468 289/486/470
f 253/485/469 289/486/470 252/487/471
f 252/487/471 289/486/470 290/488/472
f 252/487/471 290/488/472 251/489/473
f 251/489/473 290/488/472 291/490/474
f 251/489/473 291/490/474 250/445/431
f 250/445/431 291/490/474 292/446/432
f 174/491/475 188/492/476 175/493/477
f 175/493/477 188/492/476 187/494/478
f 175/493/477 187/494/478 176/495/479
f 176/495/479 187/494/478 186/496/480
f 176/495/479 186/496/480 177/497/481
f 177/497/481 186/496/480 185/498/482
f 177/497/481 185/498/482 178/499/483
f 178/499/483 185/498/482 184/500/484
f 178/499/483 184/500/484 179/501/485
f 179/501/485 184/500/484 183/502/486
f 179/501/485 183/502/486 180/503/487
f 180/503/487 183/502/486 182/504/488
f 180/503/487 182/504/488 181/505/489
f 270/506/490 303/507/491 249/508/492
f 249/508/492 303/507/491 304/509/493
f 249/508/492 304/509/493 250/510/494
f 250/510/494 304/509/493 251/511/495
f 251/511/495 304/509/493 252/512/496
f 252/512/496 304/509/493 294/513/497
f 252/512/496 294/513/497 253/514/498
f 253/514/498 294/513/497 254/515/499
f 254/515/499 294/513/497 295/516/500
f 254/515/499 295/516/500 255/517/501
f 255/517/501 295/516/500 256/518/502
f 256/518/502 295/516/500 257/519/503
f 257/519/503 295/516/500 297/520/504
f 257/519/503 297/520/504 258/521/505
f 258/521/505 297/520/504 259/522/506
f 259/522/506 297/520/504 260/523/507
f 260/523/507 297/520/504 298/524/508
f 260/523/507 298/524/508 261/525/509
f 261/525/509 298/524/508 262/526/510
f 262/526/510 298/524/508 263/527/511
f 263/527/511 298/524/508 300/528/512
f 263/527/511 300/528/512 264/529/513
f 264/529/513 300/528/512 265/530/514
f 265/530/514 300/528/512 301/531/515
f 265/530/514 301/531/515 266/532/516
f 266/532/516 301/531/515 267/533/517
f 267/533/517 301/531/515 268/534/518
f 268/534/518 301/531/515 303/507/491
f 268/534/518 303/507/491 269/535/519
f 269/535/519 303/507/491 270/506/490
f 293/536/520 294/513/497 304/509/493
f 295/516/500 296/537/521 297/520/504
f 298/524/508 299/538/522 300/528/512
f 301/531/515 302/539/523 303/507/491
f 272/540/524 271/541/525 215/542/526
f 215/542/526 271/541/525 292/543/527
f 215/542/526 292/543/527 216/544/528
f 216/544/528 292/543/527 291/545/529
f 216/544/528 291/545/529 217/546/530
f 217/546/530 291/545/529 290/547/531
f 217/546/530 290/547/531 218/548/532
f 218/548/532 290/547/531 289/549/533
f 218/548/532 289/549/533 288/550/534
f 218/548/532 288/550/534 219/551/535
f 219/551/535 288/550/534 287/552/536
f 219/551/535 287/552/536 220/553/537
f 220/553/537 287/552/536 286/554/538
f 220/553/537 286/554/538 221/555/539
f 221/555/539 286/554/538 285/556/540
f 221/555/539 285/556/540 222/557/541
f 222/557/541 285/556/540 284/558/542
f 222/557/541 284/558/542 283/559/543
f 222/557/541 283/559/543 223/560/544
f 223/560/544 283/559/543 282/561/545
f 223/560/544 282/561/545 224/562/546
f 224/562/546 282/561/545 281/563/547
f 224/562/546 281/563/547 225/564/548
f 225/564/548 281/563/547 280/565/549
f 225/564/548 280/565/549 279/566/550
f 225/564/548 279/566/550 226/567/551
f 226/567/551 279/566/550 278/568/552
f 226/567/551 278/568/552 227/569/553
f 227/569/553 278/568/552 277/570/554
f 227/569/553 277/570/554 228/571/555
f 228/571/555 277/570/554 276/572/556
f 228/571/555 276/572/556 229/573/557
f 229/573/557 276/572/556 275/574/558
f 229/573/557 275/574/558 274/575/559
f 229/573/557 274/575/559 230/576/560
f 230/576/560 274/575/559 273/577/561
f 230/576/560 273/577/561 231/578/562
f 231/578/562 273/577/561 272/540/524
f 231/578/562 272/540/524 215/542/526
f 233/579/563 232/580/564 189/581/565
f 189/581/565 232/580/564 248/582/566
f 189/581/565 248/582/566 190/583/567
f 190/583/567 248/582/566 247/584/568
f 190/583/567 247/584/568 191/585/569
f 191/585/569 247/584/568 246/586/570
f 191/585/569 246/586/570 192/587/571
f 192/587/571 246/586/570 245/588/572
f 192/587/571 245/588/572 244/589/573
f 192/587/571 244/589/573 193/590/574
f 193/590/574 244/589/573 243/591/575
f 193/590/574 243/591/575 194/592/576
f 194/592/576 243/591/575 242/593/577
f 194/592/576 242/593/577 195/594/578
f 195/594/578 242/593/577 241/595/579
f 195/594/578 241/595/579 240/596/580
f 195/594/578 240/596/580 196/597/581
f 196/597/581 240/596/580 239/598/582
f 196/597/581 239/598/582 197/599/583
f 197/599/583 239/598/582 238/600/584
f 197/599/583 238/600/584 198/601/585
f 198/601/585 238/600/584 237/602/586
f 198/601/585 237/602/586 199/603/587
f 199/603/587 237/602/586 236/604/588
f 199/603/587 236/604/588 235/605/589
f 199/603/587 235/605/589 200/606/590
f 200/606/590 235/605/589 234/607/591
f 200/606/590 234/607/591 201/608/592
f 201/608/592 234/607/591 233/579/563
f 201/608/592 233/579/563 189/581/565
f 160/609/593 159/610/594 202/611/595
f 202/611/595 159/610/594 173/612/596
f 202/611/595 173/612/596 203/613/597
f 203/613/597 173/612/596 172/614/598
f 203/613/597 172/614/598 204/615/599
f 204/615/599 172/614/598 171/616/600
f 204/615/599 171/616/600 205/617/601
f 205/617/601 171/616/600 170/618/602
f 205/617/601 170/618/602 206/619/603
f 206/619/603 170/618/602 169/620/604
f 206/619/603 169/620/604 207/621/605
f 207/621/605 169/620/604 168/622/606
f 207/621/605 168/622/606 208/623/607
f 208/623/607 168/622/606 167/624/608
f 208/623/607 167/624/608 209/625/609
f 209/625/609 167/624/608 166/626/610
f 209/625/609 166/626/610 165/627/611
f 209/625/609 165/627/611 210/628/612
f 210/628/612 165/627/611 164/629/613
f 210/628/612 164/629/613 211/630/614
f 211/630/614 164/629/613 163/631/615
f 211/630/614 163/631/615 212/632/616
f 212/632/616 163/631/615 162/633/617
f 212/632/616 162/633/617 213/634/618
f 213/634/618 162/633/617 161/635/619
f 213/634/618 161/635/619 214/636/620
f 214/636/620 161/635/619 160/609/593
f 214/636/620 160/609/593 202/611/595
f 294/637/621 293/638/622 306/639/623
f 306/639/623 293/638/622 305/640/624
f 294/641/625 306/642/626 295/643/627
f 295/643/627 306/642/626 307/644/628
f 295/645/629 307/646/630 296/647/631
f 296/647/631 307/646/630 308/648/632
f 297/649/633 296/650/634 309/651/635
f 309/651/635 296/650/634 308/652/636
f 297/653/637 309/654/638 298/655/639
f 298/655/639 309/654/638 310/656/640
f 298/657/641 310/658/642 299/659/643
f 299/659/643 310/658/642 311/660/644
f 300/661/645 299/662/646 312/663/647
f 312/663/647 299/662/646 311/664/648
f 301/665/649 300/666/650 313/667/651
f 313/667/651 300/666/650 312/668/652
f 301/669/653 313/670/654 302/671/655
f 302/671/655 313/670/654 314/672/656
f 303/673/657 302/674/658 315/675/659
f 315/675/659 302/674/658 314/676/660
f 304/677/661 303/678/662 316/679/663
f 316/679/663 303/678/662 315/680/664
f 304/681/665 316/682/666 293/683/667
f 293/683/667 316/682/666 305/684/668
f 307/685/669 306/686/670 308/687/671
f 308/687/671 306/686/670 305/688/672
f 308/687/671 305/688/672 311/689/673
f 311/689/673 305/688/672 314/690/674
f 311/689/673 314/690/674 312/691/675
f 312/691/675 314/690/674 313/692/676
f 305/688/672 316/693/677 314/690/674
f 314/690/674 316/693/677 315/694/678
f 311/689/673 310/695/679 308/687/671
f 308/687/671 310/695/679 309/696/680
g Body1:2

v 4.518662 5.100000 2.910466
v 5.202836 5.100000 2.943018
v 5.876075 5.100000 2.816912
v 6.502085 5.100000 2.538945
v 7.047117 5.100000 2.124102
v 7.481789 5.100000 1.594749
v 7.782666 5.100000 0.979423
v 7.933529 5.100000 0.311295
v 7.926245 5.100000 -0.373614
v 7.761207 5.100000 -1.038382
v 7.447311 5.100000 -1.647170
v 7.001479 5.100000 -2.167159
v 6.447748 5.100000 -2.570316
v 5.815968 5.100000 -2.834907
v 5.140199 5.100000 -2.946667
v 4.456872 5.100000 -2.899571
v 3.802825 5.100000 -2.696159
v 3.213318 5.100000 -2.347396
v 2.720131 5.100000 -1.872084
v 2.349853 5.100000 -1.295848
v 2.122445 5.100000 -0.649752
v 2.050167 5.100000 0.031372
v 2.136915 5.100000 0.710804
v 2.378012 5.100000 1.351917
v 2.760462 5.100000 1.920148
v 3.263646 5.100000 2.384863
v 3.860437 5.100000 2.721010
v 4.600245 5.600000 2.417167
v 4.011679 5.600000 2.241812
v 3.485213 5.600000 1.925596
v 3.053926 5.600000 1.488387
v 2.744919 5.600000 0.957658
v 2.577606 5.600000 0.366756
v 2.562502 5.600000 -0.247191
v 2.700555 5.600000 -0.845607
v 2.983090 5.600000 -1.390889
v 3.392355 5.600000 -1.848777
v 3.902634 5.600000 -2.190499
v 4.481865 5.600000 -2.394585
v 5.093652 5.600000 -2.448209
v 5.699555 5.600000 -2.348004
v 6.261502 5.600000 -2.100265
v 6.744184 5.600000 -1.720559
v 7.117273 5.600000 -1.232743
v 7.357326 5.600000 -0.667470
v 7.449259 5.600000 -0.060257
v 7.387296 5.600000 0.550742
v 7.175331 5.600000 1.127136
v 6.826682 5.600000 1.632707
v 6.363255 5.600000 2.035690
v 5.814171 5.600000 2.310763
v 5.213929 5.600000 2.440642
v 5.470408 5.350000 -2.844377
v 5.440547 5.533013 -2.663817
v 2.453153 5.533013 -0.896421
v 7.699847 5.533013 -0.028713
v 4.862985 5.350000 2.879755
v 4.871682 5.533013 2.696949
v 4.253182 5.533013 2.594660
v 4.202561 5.350000 2.770533
v 5.530795 5.350000 2.833729
v 5.497100 5.533013 2.653845
v 6.169990 5.350000 2.634936
v 6.095720 5.533013 2.467671
v 6.746111 5.350000 2.294092
v 6.635268 5.533013 2.148464
v 7.228098 5.350000 1.829574
v 7.086659 5.533013 1.713433
v 7.589968 5.350000 1.266423
v 7.425558 5.533013 1.186030
v 7.812213 5.350000 0.634998
v 7.633694 5.533013 0.594689
v 7.882850 5.350000 -0.030659
v 7.798072 5.350000 -0.694664
v 7.620451 5.533013 -0.650567
v 7.562449 5.350000 -1.321219
v 7.399785 5.533013 -1.237348
v 7.188684 5.350000 -1.876546
v 7.049747 5.533013 -1.757424
v 6.696926 5.350000 -2.330709
v 6.589206 5.533013 -2.182756
v 6.113687 5.350000 -2.659222
v 6.042990 5.533013 -2.490416
v 4.801770 5.350000 -2.876190
v 4.814353 5.533013 -2.693610
v 4.143818 5.350000 -2.752947
v 4.198168 5.533013 -2.578190
v 3.532024 5.350000 -2.481291
v 3.625210 5.533013 -2.323780
v 2.999368 5.350000 -2.075869
v 3.126367 5.533013 -1.944094
v 2.574567 5.350000 -1.558536
v 2.728532 5.533013 -1.459601
v 2.280521 5.350000 -0.957182
v 2.133084 5.350000 -0.304227
v 2.315075 5.533013 -0.284914
v 2.140202 5.350000 0.365130
v 2.321741 5.533013 0.341952
v 2.301494 5.350000 1.014803
v 2.472794 5.533013 0.950384
v 2.608262 5.350000 1.609767
v 2.760089 5.533013 1.507580
v 3.043969 5.350000 2.117948
v 3.168137 5.533013 1.983502
v 3.585127 5.350000 2.511951
v 3.674943 5.533013 2.352493
v 4.722619 5.600000 1.677218
v 5.229311 5.600000 1.684463
v 5.715627 5.600000 1.542037
v 6.138357 5.600000 1.262594
v 6.459939 5.600000 0.870963
v 6.651799 5.600000 0.401944
v 6.696890 5.600000 -0.102789
v 6.591204 5.600000 -0.598390
v 6.344133 5.600000 -1.040820
v 5.977629 5.600000 -1.390770
v 5.524260 5.600000 -1.617143
v 5.024307 5.600000 -1.699826
v 4.522194 5.600000 -1.631472
v 4.062537 5.600000 -1.418155
v 3.686177 5.600000 -1.078828
v 3.426557 5.600000 -0.643643
v 3.306743 5.600000 -0.151267
v 3.337383 5.600000 0.354549
v 3.515754 5.600000 0.828863
v 3.826006 5.600000 1.229528
v 4.240573 5.600000 1.520944
v 4.804201 5.100000 1.183918
v 4.389743 5.100000 1.033240
v 4.057702 5.100000 0.743018
v 3.852925 5.100000 0.352446
v 3.803066 5.100000 -0.085725
v 3.914860 5.100000 -0.512319
v 4.173208 5.100000 -0.869721
v 4.543219 5.100000 -1.109662
v 4.974920 5.100000 -1.199738
v 5.410009 5.100000 -1.127782
v 5.789724 5.100000 -0.903513
v 6.062782 5.100000 -0.557220
v 6.192306 5.100000 -0.135671
v 6.160802 5.100000 0.304202
v 5.972525 5.100000 0.702990
v 5.652904 5.100000 1.006835
v 5.245104 5.100000 1.174702
v 5.236590 5.533013 -1.430568
v 5.206729 5.350000 -1.250008
v 4.527149 5.350000 -1.175444
v 3.738798 5.350000 -0.120943
v 3.647489 5.533013 -0.522699
v 4.312382 5.350000 1.064161
v 5.628503 5.350000 1.100109
v 6.265923 5.350000 -0.051917
v 6.448782 5.533013 -0.059416
v 5.536311 5.350000 -1.147880
v 4.960409 5.533013 1.449459
v 4.965406 5.350000 1.266515
v 4.624987 5.350000 1.210216
v 4.570818 5.533013 1.385028
v 5.352937 5.533013 1.406391
v 5.308391 5.350000 1.228882
v 5.719289 5.533013 1.259017
v 6.032294 5.533013 1.018267
v 5.902003 5.350000 0.889746
v 6.268739 5.533013 0.701998
v 6.108605 5.350000 0.613394
v 6.411088 5.533013 0.333664
v 6.232986 5.350000 0.291550
v 6.379027 5.533013 -0.448090
v 6.204972 5.350000 -0.391534
v 6.206996 5.533013 -0.803530
v 6.054654 5.350000 -0.702112
v 5.945447 5.533013 -1.099377
v 5.826117 5.350000 -0.960618
v 5.613779 5.533013 -1.313688
v 4.841854 5.533013 -1.441350
v 4.861814 5.350000 -1.259429
v 4.458847 5.533013 -1.345234
v 4.115975 5.533013 -1.149347
v 4.227552 5.350000 -1.004282
v 3.838666 5.533013 -0.868219
v 3.985245 5.350000 -0.758636
v 3.818197 5.350000 -0.456726
v 3.572802 5.533013 0.256139
v 3.752937 5.350000 0.223810
v 3.556621 5.533013 -0.138413
v 3.694832 5.533013 0.631694
v 3.859565 5.350000 0.551964
v 3.913660 5.533013 0.960399
v 4.050773 5.350000 0.839181
v 4.213057 5.533013 1.217876
v 5.195799 0.000000 -1.183918
v 5.610257 0.000000 -1.033240
v 5.942298 0.000000 -0.743018
v 6.147075 0.000000 -0.352446
v 6.196934 0.000000 0.085725
v 6.085140 0.000000 0.512319
v 5.826792 0.000000 0.869721
v 5.456781 0.000000 1.109662
v 5.025080 0.000000 1.199738
v 4.589991 0.000000 1.127782
v 4.210276 0.000000 0.903513
v 3.937218 0.000000 0.557220
v 3.807694 0.000000 0.135671
v 3.839198 0.000000 -0.304202
v 4.027475 0.000000 -0.702990
v 4.347096 0.000000 -1.006835
v 4.754896 0.000000 -1.174702
v 5.481338 0.000000 -2.910466
v 4.797164 0.000000 -2.943018
v 4.123925 0.000000 -2.816912
v 3.497915 0.000000 -2.538945
v 2.952883 0.000000 -2.124102
v 2.518211 0.000000 -1.594749
v 2.217334 0.000000 -0.979423
v 2.066471 0.000000 -0.311295
v 2.073755 0.000000 0.373614
v 2.238793 0.000000 1.038382
v 2.552689 0.000000 1.647170
v 2.998521 0.000000 2.167159
v 3.552252 0.000000 2.570316
v 4.184032 0.000000 2.834907
v 4.859801 0.000000 2.946667
v 5.543128 0.000000 2.899571
v 6.197175 0.000000 2.696159
v 6.786682 0.000000 2.347396
v 7.279869 0.000000 1.872084
v 7.650147 0.000000 1.295848
v 7.877555 0.000000 0.649752
v 7.949833 0.000000 -0.031372
v 7.863085 0.000000 -0.710804
v 7.621988 0.000000 -1.351917
v 7.239538 0.000000 -1.920148
v 6.736354 0.000000 -2.384863
v 6.139563 0.000000 -2.721010
v 7.132125 2.315383 -2.038760
v 7.250803 2.380194 -1.906931
v 7.361344 2.448220 -1.768206
v 7.463348 2.519215 -1.623089
v 7.466706 2.521380 -1.617980
v 7.470055 2.523548 -1.612864
v 7.473392 2.525719 -1.607741
v 7.564712 2.596891 -1.457654
v 7.646935 2.670591 -1.302396
v 7.719770 2.746557 -1.142520
v 7.721976 2.748995 -1.137255
v 7.724171 2.751434 -1.131985
v 7.726357 2.753876 -1.126712
v 7.787992 2.829486 -0.964158
v 7.839945 2.906740 -0.798255
v 7.882036 2.985367 -0.629580
v 7.883223 2.987856 -0.624121
v 7.909338 3.049671 -0.488110
v 7.929041 3.112019 -0.351023
v 7.942288 3.174763 -0.213163
v 7.942480 3.175988 -0.210508
v 7.942668 3.177214 -0.207854
v 7.942855 3.178439 -0.205199
v 7.949153 3.237312 -0.070656
v 7.949306 3.296247 0.064007
v 7.943310 3.355142 0.198554
v 7.943133 3.356227 0.201170
v 7.942953 3.357313 0.203787
v 7.942770 3.358399 0.206403
v 7.930540 3.412886 0.338281
v 7.912403 3.467091 0.469476
v 7.888396 3.520905 0.599726
v 7.887790 3.522068 0.602634
v 7.887182 3.523230 0.605542
v 7.886571 3.524392 0.608449
v 7.858033 3.570755 0.730853
v 7.824308 3.616580 0.851930
v 7.785456 3.661786 0.971461
v 7.784505 3.662746 0.974184
v 7.783551 3.663706 0.976906
v 7.782594 3.664666 0.979626
v 7.781267 3.665950 0.983389
v 7.779934 3.667233 0.987150
v 7.778597 3.668515 0.990909
v 7.698228 3.730593 1.192505
v 7.603255 3.790193 1.387647
v 7.494193 3.846994 1.575278
v 7.491704 3.847925 1.579212
v 7.489209 3.848854 1.583141
v 7.486708 3.849783 1.587067
v 7.431870 3.865414 1.669886
v 7.374219 3.880488 1.750878
v 7.313823 3.894986 1.829952
v 7.310873 3.895357 1.833676
v 7.307917 3.895728 1.837395
v 7.304955 3.896097 1.841109
v 7.240510 3.901090 1.919015
v 7.173415 3.905568 1.994684
v 7.103752 3.909525 2.068025
v 7.101640 3.909308 2.070171
v 7.099526 3.909091 2.072315
v 7.097410 3.908873 2.074457
v 7.028030 3.902711 2.142334
v 6.956470 3.896227 2.207878
v 6.882810 3.889430 2.271019
v 6.879871 3.889006 2.273452
v 6.876929 3.888582 2.275882
v 6.873984 3.888157 2.278308
v 6.775341 3.867841 2.355983
v 6.673520 3.847264 2.429370
v 6.568698 3.826464 2.498337
v 6.565365 3.825637 2.500426
v 6.562029 3.824809 2.502512
v 6.558691 3.823982 2.504593
v 6.553635 3.822680 2.507732
v 6.548572 3.821379 2.510861
v 6.543504 3.820078 2.513980
v 6.392446 3.777008 2.600691
v 6.236535 3.734252 2.678336
v 6.076313 3.691958 2.746644
v 6.069633 3.690085 2.749252
v 6.062947 3.688214 2.751844
v 6.056254 3.686344 2.754420
v 6.052721 3.685374 2.755772
v 6.049185 3.684405 2.757120
v 6.045648 3.683436 2.758463
v 6.005661 3.672344 2.773292
v 5.965463 3.661308 2.787540
v 5.925063 3.650332 2.801207
v 5.918845 3.649285 2.803252
v 5.912622 3.648238 2.805284
v 5.906395 3.647191 2.807303
v 5.901669 3.647144 2.808824
v 5.896941 3.647096 2.810338
v 5.892210 3.647047 2.811843
v 5.889166 3.647776 2.812807
v 5.886122 3.648503 2.813768
v 5.883076 3.649230 2.814725
v 5.877360 3.652422 2.816512
v 5.875334 3.654139 2.817142
v 5.873555 3.656111 2.817694
v 5.872113 3.658362 2.818141
v 5.870910 3.660812 2.818513
v 5.869653 3.666126 2.818901
v 5.869474 3.671383 2.818956
v 5.870833 3.680585 2.818537
v 5.873234 3.689492 2.817794
v 5.870407 3.690871 2.818668
v 5.904005 3.741473 2.808073
v 5.951003 3.786881 2.792507
v 5.992495 3.813405 2.778031
v 6.002771 3.817761 2.774338
v 6.013033 3.822127 2.770607
v 6.023281 3.826504 2.766839
v 6.036136 3.832613 2.762050
v 6.157109 3.865886 2.713595
v 6.275824 3.899575 2.659844
v 6.392050 3.933614 2.600903
v 6.396128 3.934290 2.598716
v 6.400203 3.934966 2.596523
v 6.404275 3.935641 2.594323
v 6.538624 3.953222 2.516972
v 6.668771 3.970262 2.432631
v 6.794359 3.986714 2.341533
v 6.797629 3.986827 2.339023
v 6.800896 3.986940 2.336509
v 6.804159 3.987051 2.333990
v 6.899162 3.988316 2.257362
v 6.990917 3.988926 2.176867
v 7.079264 3.988880 2.092644
v 7.082095 3.988592 2.089827
v 7.084923 3.988304 2.087007
v 7.087746 3.988014 2.084182
v 7.202888 3.972834 1.962087
v 7.310900 3.956087 1.833641
v 7.411433 3.937827 1.699261
v 7.413845 3.937022 1.695834
v 7.416252 3.936215 1.692403
v 7.418653 3.935407 1.688969
v 7.529731 3.889433 1.517551
v 7.628681 3.841029 1.338857
v 7.715028 3.790430 1.153744
v 7.716643 3.789112 1.149935
v 7.718253 3.787794 1.146124
v 7.719858 3.786475 1.142310
v 7.791656 3.715107 0.953498
v 7.850364 3.641988 0.760215
v 7.895707 3.567460 0.563368
v 7.896468 3.565856 0.559440
v 7.897224 3.564252 0.555510
v 7.897975 3.562647 0.551580
v 7.928460 3.477312 0.355843
v 7.945739 3.391355 0.158502
v 7.949735 3.305161 -0.039553
v 7.949672 3.303225 -0.043961
v 7.949603 3.301289 -0.048369
v 7.949528 3.299353 -0.052777
v 7.939482 3.209408 -0.248888
v 7.916412 3.120071 -0.443896
v 7.880418 3.031737 -0.636938
v 7.879493 3.029753 -0.641109
v 7.878562 3.027769 -0.645278
v 7.877624 3.025786 -0.649446
v 7.833949 2.947084 -0.819290
v 7.780258 2.869865 -0.986238
v 7.716742 2.794401 -1.149701
v 7.714101 2.791630 -1.155922
v 7.711446 2.788861 -1.162136
v 7.708777 2.786095 -1.168345
v 7.633772 2.710600 -1.328814
v 7.549271 2.637426 -1.484492
v 7.455580 2.566839 -1.634817
v 7.122784 2.366466 -2.048484
v 7.117810 2.364218 -2.053626
v 7.112824 2.361974 -2.058755
v 7.107826 2.359736 -2.063873
v 6.698946 2.182433 -2.411656
v 6.706935 2.170514 -2.406008
v 6.706553 2.169787 -2.406278
v 6.714506 2.157810 -2.400619
v 6.722430 2.145804 -2.394939
v 6.723063 2.145989 -2.394484
v 6.730899 2.133983 -2.388826
v 59.164343 3.907399 7.964256
v 62.771078 3.876888 9.206933
v 62.775511 3.865255 9.179179
v 56.611759 3.729307 6.580521
v 62.887820 3.682430 8.447755
v 62.901841 3.600325 8.108633
v 62.844720 3.525069 7.774063
v 62.718975 3.459982 7.458803
v 59.503499 3.501073 6.540136
v 62.794040 3.836761 9.062326
v 62.825967 3.785289 8.857578
v 62.857228 3.733845 8.652720
v 62.641509 3.428721 7.327194
v 62.551964 3.400959 7.203484
v 62.451142 3.376943 7.088780
v 56.884636 2.957791 3.834087
v 62.781712 3.855756 9.140232
v 62.787888 3.846258 9.101281
v 59.508069 4.006465 12.610170
v 61.430160 3.937811 12.884982
v 61.425942 3.938210 12.886643
v 62.437511 3.377004 7.074846
v 62.423713 3.377005 7.061076
v 62.409749 3.376945 7.047475
v 59.812469 3.189290 5.485441
v 62.415469 3.369588 7.053007
v 62.458212 3.365716 7.096143
v 56.887979 2.940823 3.841135
v 61.439298 3.937819 12.881330
v 61.436255 3.937816 12.882555
v 61.433209 3.937813 12.883772
v 61.422032 3.938940 12.888169
v 62.718996 3.447543 7.458843
v 62.844728 3.512853 7.774092
v 62.901842 3.588248 8.108648
v 62.887820 3.670402 8.447755
v 62.856985 3.722226 8.654330
v 62.825471 3.774078 8.860796
v 62.793279 3.825957 9.067150
v 59.418925 3.482332 6.503342
v 62.556209 3.389511 7.208823
v 62.643385 3.416864 7.330068
v 61.448972 3.938599 12.877382
v 61.445751 3.938337 12.878706
v 61.442526 3.938077 12.880022
v 61.418503 3.940045 12.889534
v 62.787232 3.835321 9.105421
v 62.781162 3.844686 9.143689
v 62.775069 3.854052 9.181952
v 56.611869 3.712184 6.585614
v 62.770396 3.863861 9.211194
v 62.763702 3.877864 9.252933
v 59.862096 3.989559 8.592357
v 61.468125 3.941013 12.869317
v 61.461754 3.940199 12.872037
v 61.455370 3.939394 12.874725
v 61.415431 3.941555 12.890713
v 62.719169 3.942008 9.526203
v 62.673448 4.006210 9.799263
v 62.626538 4.070470 10.072107
v 62.622412 4.076110 10.095770
v 62.610646 4.092128 10.162960
v 62.609010 4.094349 10.172270
v 59.538704 4.195455 9.386486
v 62.559783 4.140235 10.448671
v 62.509335 4.186174 10.724842
v 62.457669 4.232166 11.000779
v 61.532773 3.950758 12.839560
v 61.511393 3.947398 12.849843
v 61.489841 3.944149 12.859763
v 61.410273 3.945540 12.892676
v 61.409346 4.025914 12.893026
v 61.422118 4.033329 12.888135
v 59.045976 4.166807 12.573772
v 61.480264 4.059054 12.864030
v 62.212688 4.209095 12.110955
v 62.154536 4.170325 12.235553
v 62.084461 4.133383 12.353859
v 62.003140 4.098621 12.464734
v 59.376041 4.284194 11.784402
v 62.334244 4.273370 11.634384
v 62.319081 4.263681 11.709930
v 62.303826 4.253997 11.785459
v 62.288480 4.244316 11.860969
v 62.274720 4.236574 11.921571
v 62.258284 4.228969 11.981519
v 62.239202 4.221516 12.040699
v 59.339025 4.383084 11.233192
v 62.430363 4.254776 11.143954
v 62.403366 4.260973 11.283786
v 62.376055 4.267184 11.423557
v 62.348431 4.273407 11.563266
v 59.186905 4.393420 10.587459
v 62.452416 4.236634 11.028461
v 62.447151 4.241102 11.056141
v 62.441874 4.245572 11.083818
v 58.087981 4.337647 9.666458
v 61.978559 4.088787 12.494183
v 61.953148 4.079151 12.522985
v 61.926924 4.069721 12.551118
v 58.732036 4.135638 12.218271
v 61.651538 3.978773 12.773883
v 61.612749 3.968963 12.797002
v 61.573146 3.959622 12.818902
v 61.869946 4.046275 12.607285
v 61.809859 4.024090 12.660113
v 61.746857 4.003237 12.709428
v 61.405888 3.950215 12.894325
v 61.398866 4.017746 12.896932
v 61.602760 4.100566 12.802683
v 59.815697 4.042382 8.705421
v 62.761816 3.893527 9.264655
v 62.764909 3.887980 9.245415
v 62.767996 3.882434 9.226175
v 62.438043 4.248640 11.103865
v 62.434206 4.251708 11.123910
v 62.230783 4.217345 12.064274
v 62.221944 4.213204 12.087695
v 62.343711 4.273394 11.586974
v 62.338982 4.273382 11.610680
v 58.857740 4.312553 12.185684
v 61.720514 4.129704 12.728396
v 61.784532 4.148828 12.680638
v 61.845727 4.169307 12.629313
v 61.903902 4.191074 12.574588
v 61.715727 3.994793 12.731745
v 61.683946 3.986637 12.753236
v 61.331573 3.941747 12.919793
v 61.255949 3.934485 12.941060
v 61.179253 3.928453 12.958060
v 55.452603 3.978288 12.511804
v 61.384842 3.999308 12.902012
v 61.642906 4.109810 12.779173
v 61.682172 4.119527 12.754401
v 58.961559 4.403588 11.716519
v 61.973681 4.204797 12.499836
v 62.063370 4.226825 12.384876
v 62.140639 4.250775 12.261227
v 62.204653 4.276391 12.130224
v 62.237726 4.281862 12.044928
v 62.257423 4.281885 11.984397
v 62.274352 4.282057 11.923035
v 62.288480 4.282378 11.860969
v 62.334231 4.283833 11.634449
v 62.348417 4.284299 11.563335
v 62.416814 4.286644 11.214341
v 59.408576 4.435752 11.116345
v 62.443915 4.272371 11.073122
v 62.497453 4.223378 10.788907
v 62.549697 4.174447 10.504440
v 62.600647 4.125578 10.219728
v 58.861147 4.333915 9.681079
v 62.623219 4.096092 10.091148
v 62.627360 4.090254 10.067389
v 61.927765 4.195528 12.550239
v 61.951030 4.200103 12.525316
v 62.216295 4.278178 12.102034
v 62.227321 4.280002 12.073598
v 62.421520 4.285045 11.189942
v 62.426217 4.283445 11.165541
v 62.430903 4.281846 11.141138
v 58.506584 4.437335 10.312039
v 62.435249 4.278688 11.118468
v 62.439586 4.275529 11.095796
v 62.609765 4.113789 10.167975
v 62.611438 4.111620 10.158451
v 58.571182 4.197965 8.923800
v 62.615373 4.106444 10.136018
v 62.619300 4.101268 10.113584
v 7.320036 3.821750 3.512699
v 9.196239 4.068531 4.516454
v 8.523103 3.978846 3.976038
v 7.377594 3.861199 3.351699
v 9.813686 4.142936 4.412586
v 8.449531 4.014091 3.700434
v 10.894119 4.222151 5.020816
v 7.129359 3.864515 3.033706
v 9.621897 4.172585 4.035117
v 11.427178 4.361331 4.704229
v 12.573015 4.391027 5.970614
v 8.191262 4.023789 3.321787
v 12.495532 4.390372 5.512123
v 11.590276 4.506019 5.202766
v 9.226292 4.282074 4.043820
v 9.822011 4.234031 3.806256
v 13.250688 4.504472 5.459515
v 14.360560 4.525301 6.212714
v 14.412327 4.778712 6.143401
v 9.815752 4.379265 3.739400
v 8.081559 4.039141 3.009125
v 11.530582 4.430007 4.175517
v 13.307174 4.566764 5.001069
v 15.900774 4.633693 7.135619
v 12.797667 4.692934 5.025884
v 9.401464 4.211560 3.256955
v 15.105655 4.657987 5.814504
v 16.222715 4.661360 6.558440
v 16.236132 4.959881 6.029224
v 17.325954 4.976664 7.008772
v 13.202149 4.694196 4.379708
v 10.277016 4.389553 3.312766
v 13.445924 4.604749 4.396402
v 11.345258 4.414787 3.600596
v 15.508423 4.727702 5.249876
v 17.993564 4.739489 7.150357
v 15.597194 4.888903 5.216316
v 19.280754 4.862750 8.039391
v 10.424685 4.306488 2.753163
v 8.915391 4.141802 2.692166
v 17.399780 4.788153 6.180861
v 18.698424 5.062133 5.772218
v 19.121245 5.159714 6.794032
v 20.121683 5.193238 7.731853
v 13.710839 4.619436 3.752156
v 16.950639 4.819509 4.575532
v 15.696443 4.708960 4.505554
v 13.292020 4.524889 3.623685
v 10.887180 4.323078 3.029139
v 17.805911 4.824193 5.390054
v 19.606283 4.908057 6.973842
v 20.329524 4.914957 7.802897
v 22.869263 5.218883 8.692826
v 13.601634 4.434871 3.001271
v 10.526471 4.143627 2.108430
v 9.219109 4.103962 2.311430
v 19.863464 4.965172 6.237725
v 20.199250 5.022912 5.136778
v 21.557682 5.396840 6.833824
v 22.070339 5.452812 7.722118
v 17.041136 4.575743 3.616409
v 18.285252 4.746513 4.581601
v 15.915699 4.564004 3.715921
v 11.363439 4.261139 2.657636
v 20.701068 5.004345 5.532111
v 21.811916 5.104689 7.711852
v 21.626678 5.132504 7.017688
v 22.326562 5.386178 6.194115
v 20.496175 4.774406 4.172676
v 24.631040 5.539361 8.507856
v 13.743888 4.204215 2.298738
v 16.542683 4.322393 2.828577
v 10.842817 3.915229 1.447315
v 9.234835 3.984328 1.849989
v 13.558908 4.352465 2.895729
v 22.805177 5.255056 6.540481
v 23.864657 5.289912 7.671665
v 22.569444 5.285871 5.585101
v 23.339202 5.204594 5.095757
v 24.279504 5.592397 7.076471
v 24.472566 5.617869 7.780177
v 26.476043 5.188826 9.350038
v 20.245846 4.325025 2.990806
v 21.496757 4.907067 4.692635
v 18.621501 4.511674 3.684931
v 16.175517 4.289356 2.866602
v 11.001345 4.053694 1.984577
v 24.000206 5.272774 5.811906
v 26.403611 5.224217 8.382003
v 24.780074 5.431550 5.963809
v 25.140648 5.097711 4.701879
v 26.311848 5.525633 6.916190
v 27.303627 5.475348 8.685148
v 23.329504 4.785216 3.831041
v 10.269362 3.604450 0.678646
v 13.612093 4.097546 2.148652
v 25.788972 5.341415 7.143719
v 27.251806 5.262743 5.758719
v 27.176545 5.532967 7.845276
v 29.603104 4.920898 9.231156
v 30.134831 5.145174 9.541448
v 9.995945 3.319844 0.026566
v 10.838508 3.841267 1.392592
v 25.268837 5.071529 4.883721
v 21.723750 4.593163 3.703435
v 18.865624 4.123790 2.679503
v 16.390271 3.920077 1.961226
v 27.331632 5.255995 6.428111
v 29.216005 5.123379 7.936770
v 26.960149 5.406484 6.376673
v 29.357568 4.978188 5.384329
v 27.256795 4.842691 4.316066
v 29.779359 5.321397 7.770066
v 30.053898 5.295326 8.680572
v 33.703546 4.382154 10.633662
v 10.864632 3.623628 0.848321
v 13.698659 3.794590 1.392022
v 29.306347 5.279713 6.871050
v 31.348639 5.010884 6.500662
v 25.017787 4.595355 3.356343
v 31.853160 4.759350 9.151738
v 32.799593 4.927782 9.534633
v 11.354024 3.104042 -0.384330
v 10.407322 3.413129 0.340577
v 28.774225 5.032727 5.699849
v 24.701680 4.665738 3.695368
v 21.866206 4.117049 2.590179
v 19.201612 3.603840 1.563636
v 16.628601 3.477998 1.014801
v 30.900537 5.018824 7.068124
v 33.643823 4.625983 6.126908
v 31.269172 4.640593 4.933242
v 29.225393 4.495438 3.874284
v 32.732728 4.974829 7.601736
v 33.086804 4.971227 8.616984
v 32.942492 4.773658 8.279658
v 34.228271 4.501204 9.407730
v 34.976260 4.634806 10.125820
v 13.652100 3.432603 0.561842
v 28.653398 4.659158 4.376580
v 35.543868 4.622259 7.289750
v 27.034071 4.268265 2.875264
v 36.103311 4.304547 9.943716
v 36.180619 4.675313 9.498320
v 37.237500 4.439696 10.618924
v 10.954176 2.531524 -1.666295
v 11.236617 3.242195 -0.016612
v 32.083425 4.766148 6.134186
v 25.254203 4.242872 2.769761
v 22.388034 3.586707 1.494777
v 19.775869 2.929734 0.289530
v 16.667341 3.059676 0.156982
v 34.847164 4.607020 7.543267
v 38.249699 4.365983 6.676431
v 35.097930 4.301388 5.567839
v 33.482579 4.185171 4.501166
v 36.164305 4.688038 8.419825
v 36.603577 4.476068 8.820884
v 38.070285 4.119732 10.626338
v 40.986903 3.996078 11.456771
v 14.525483 2.439323 -1.507024
v 14.864444 2.931215 -0.388279
v 11.359244 3.078582 -0.372471
v 32.732099 4.451480 5.237380
v 28.286542 4.126847 2.959880
v 39.605249 4.551300 8.094914
v 38.483231 4.307088 9.806059
v 39.287876 4.605968 9.266631
v 39.208141 4.511830 10.306344
v 14.046570 1.736184 -3.070002
v 14.859267 2.950116 -0.396656
v 36.416329 4.370025 6.622917
v 31.690124 4.116442 3.812125
v 25.870561 3.662354 1.644742
v 23.244131 3.047371 0.465199
v 18.334223 2.430263 -0.797954
v 39.141656 4.461788 8.111282
v 42.645641 4.403586 7.552724
v 37.987741 4.023469 5.350030
v 40.379231 4.388346 9.340460
v 41.036811 4.186311 10.384848
v 41.944043 4.489261 10.296734
v 17.591306 1.546417 -2.690384
v 10.349157 2.124069 -2.597443
v 18.330022 2.452861 -0.808768
v 11.843425 2.532706 -1.535994
v 35.813892 4.054939 5.243409
v 29.571779 3.593108 2.046494
v 21.854467 2.227522 -0.934186
v 15.737990 2.107488 -1.948489
v 42.125426 4.190478 6.448709
v 43.880186 4.503906 8.615926
v 43.636583 4.101839 10.798310
v 43.008030 4.539966 9.358538
v 44.113127 4.360173 10.957744
v 21.378420 0.085035 -4.757906
v 10.920941 2.071446 -2.645488
v 10.381595 2.091650 -2.586641
v 40.522528 4.352569 7.299229
v 35.254929 3.716700 4.068796
v 39.829328 4.121902 6.166515
v 33.148176 3.489637 2.755863
v 26.723085 3.014506 0.499182
v 20.838332 1.306455 -2.565047
v 18.716439 1.311778 -2.835045
v 43.007881 4.412103 9.075141
v 46.260321 4.310416 7.430328
v 46.890718 4.459967 8.483239
v 42.269363 3.915053 5.488969
v 43.879731 4.306896 9.941430
v 45.845023 3.973887 11.359529
v 45.922912 4.473885 10.324676
v 45.193433 4.172215 11.536924
v 20.363280 1.336552 -2.601443
v 17.870233 0.835413 -3.994845
v 14.830612 1.600568 -3.202292
v 14.077250 1.711531 -3.066106
v 43.763741 4.408661 8.348728
v 38.934443 3.768265 4.902062
v 31.545513 3.005912 1.200091
v 28.986615 2.487794 -0.247972
v 23.693779 1.022276 -3.052519
v 17.743034 0.861546 -3.950937
v 46.235957 4.091474 6.472931
v 47.517928 4.512058 9.596702
v 48.250074 3.874847 12.085723
v 46.727253 4.217289 10.598102
v 47.615497 4.334755 11.219828
v 23.192564 1.010382 -3.120217
v 20.776578 0.135666 -4.687615
v 21.850971 2.252350 -0.948388
v 43.811070 4.254527 7.243724
v 37.187427 3.326879 3.477258
v 43.284854 3.937217 5.895308
v 35.339954 2.944313 2.150870
v 26.462658 1.701402 -1.865759
v 21.403794 0.058238 -4.746671
v 19.569124 0.352618 -4.456885
v 47.341052 4.408706 9.569293
v 50.240284 4.267065 7.560883
v 50.404443 4.418459 8.446156
v 51.040203 4.499027 9.352393
v 45.827748 3.818769 5.499931
v 49.555080 4.071812 11.381529
v 50.539234 4.456345 10.756971
v 25.075486 0.082898 -4.753974
v 23.733654 0.022767 -4.803104
v 47.585660 4.393883 8.487551
v 40.978828 3.483829 4.248012
v 36.040893 2.358042 0.961693
v 30.858885 1.232007 -2.474131
v 25.098460 0.058225 -4.738183
v 27.093529 0.858021 -3.331682
v 50.514024 4.058552 6.711631
v 51.829617 4.506179 10.174389
v 51.515774 3.915254 12.021305
v 49.593058 4.284326 10.644261
v 50.741228 4.305818 11.550963
v 26.545467 1.386682 -2.477020
v 47.327262 4.205528 7.308757
v 39.180438 2.918080 2.644979
v 44.649206 3.618908 4.953230
v 34.198005 1.589001 -1.171193
v 51.749294 4.446490 9.636679
v 54.635362 4.250207 8.151575
v 53.985347 4.370355 8.648036
v 54.831417 4.459334 9.411345
v 55.305971 4.509556 10.201629
v 48.361612 3.726184 5.364595
v 53.017187 4.056118 11.810765
v 52.942913 4.252873 11.189446
v 51.472938 4.388241 10.366271
v 54.721381 4.407687 11.532417
v 52.753083 4.189799 12.043392
v 28.984130 2.514486 -0.262671
v 28.750477 0.229000 -4.499440
v 27.507991 0.153585 -4.600770
v 50.999884 4.368116 8.546625
v 47.685407 3.966327 6.325086
v 42.795712 3.190243 3.581834
v 43.038290 2.736937 2.380408
v 39.012165 1.547883 -0.617461
v 28.770990 0.203687 -4.482968
v 36.029844 0.409065 -3.397725
v 55.349427 4.088599 7.621031
v 55.316521 4.494848 10.913604
v 30.957087 1.242177 -2.512293
v 51.116312 4.191963 7.564362
v 48.078605 3.724374 5.479550
v 46.272649 3.320417 4.118432
v 55.355675 4.412325 10.838641
v 55.038557 4.424818 9.548458
v 56.033042 4.274075 12.153392
v 55.470293 4.140495 11.896752
v 33.949971 1.647179 -1.175784
v 32.141105 0.383583 -4.076859
v 36.013894 0.435946 -3.413564
v 54.175257 4.323132 8.692070
v 51.872044 3.975427 6.718036
v 42.715987 1.877355 0.152161
v 43.177798 1.128803 -1.764652
v 56.050011 4.457972 10.335101
v 56.400646 4.285025 11.555309
v 36.039079 2.385336 0.948917
v 55.303327 4.195579 8.225766
v 49.911244 3.323406 4.239564
v 49.937744 3.636179 5.282045
v 45.995220 2.109639 0.676694
v 40.511855 0.802100 -2.455273
v 36.234749 0.428058 -3.363808
v 38.215043 1.697537 -0.363938
v 56.196573 4.002958 7.591429
v 49.394560 2.728577 2.344918
v 53.194220 3.757231 6.072534
v 46.304336 1.593292 -0.813503
v 43.037067 2.762564 2.370086
v 54.336360 3.198165 4.247121
v 50.152296 2.181693 0.600895
v 43.166187 1.153101 -1.778232
v 53.553611 2.624950 2.101010
v 50.144867 2.203257 0.590423
v 51.325449 2.361761 1.085566
v 55.446731 2.822265 3.058597
v 53.548255 2.644701 2.092210
v 49.910539 3.345886 4.232137
v 54.653480 3.239432 4.376172
v 50.813645 2.808264 2.509770
v 53.207158 3.721049 5.848090
v 46.346624 2.326316 1.187494
v 56.106332 3.923136 7.162819
v 50.026725 3.612059 5.101592
v 52.314205 3.895529 6.334128
v 46.574060 3.310485 4.000872
v 44.596645 3.467000 4.358156
v 43.001362 3.096127 3.240098
v 41.963296 3.593096 4.498275
v 40.866185 3.236353 3.441340
v 39.584381 2.806269 2.300876
v 38.982089 3.715543 4.558300
v 38.200606 3.399058 3.647296
v 37.578550 3.043910 2.707924
v 36.214153 2.728553 1.760568
v 35.242258 3.736207 3.929107
v 35.020159 3.345474 2.893758
v 34.700703 3.016070 2.033338
v 32.766975 2.812719 1.014028
v 32.042205 3.698665 2.738491
v 31.040977 4.102755 3.380494
v 32.307946 3.289788 1.909665
v 29.952101 3.147756 1.095943
v 29.415426 3.514883 1.736447
v 28.489738 3.907426 2.368590
v 26.786893 3.234483 0.825792
v 26.662529 3.639507 1.565991
v 24.624409 3.922169 1.944802
v 23.410435 4.241547 2.588111
v 24.122186 3.438505 1.053371
v 20.873180 3.879236 2.003625
v 21.932451 3.546738 1.325910
v 19.128681 3.502342 1.238448
v 17.438810 3.976667 2.073255
v 16.266795 3.681300 1.301925
v 14.300457 3.980539 1.762234
v 13.106017 3.754999 1.161340
v 41.394355 1.642890 -0.504960
v 30.032341 2.853100 0.527605
v 27.952919 2.900087 0.336283
v 25.283650 2.747135 -0.148241
v 23.947993 3.060112 0.387947
v 22.298908 2.707239 -0.174922
v 19.640292 2.677009 -0.255596
v 21.057017 3.086491 0.520107
v 18.022105 3.194376 0.545181
v 16.704513 3.009108 0.002035
v 15.141177 3.466426 0.708092
v 13.935534 3.250308 0.129782
v 12.406796 3.504825 0.556316
v 11.929787 3.305750 0.089416
vt -0.000000 0.065242 0.000000
vt -0.026180 0.032621 0.000000
vt -0.000000 0.000000 0.000000
vt -0.026180 -0.032621 0.000000
vt -0.000000 -0.065242 0.000000
vt -0.026180 -0.097862 0.000000
vt -0.000000 -0.130483 0.000000
vt -0.026180 -0.163104 0.000000
vt -0.000000 -0.195725 0.000000
vt -0.026180 -0.228346 0.000000
vt -0.000000 -0.260967 0.000000
vt -0.026180 -0.293587 0.000000
vt -0.000000 -0.326208 0.000000
vt -0.026180 -0.358829 0.000000
vt -0.000000 -0.391450 0.000000
vt -0.026180 -0.424071 0.000000
vt -0.000000 -0.456692 0.000000
vt -0.026180 -0.489312 0.000000
vt -0.000000 -0.521933 0.000000
vt -0.026180 -0.554554 0.000000
vt -0.000000 -0.587175 0.000000
vt -0.026180 -0.619796 0.000000
vt -0.000000 -0.652416 0.000000
vt -0.026180 -0.685037 0.000000
vt -0.000000 -0.717658 0.000000
vt -0.026180 -0.750279 0.000000
vt -0.000000 -0.782900 0.000000
vt -0.026180 -0.815521 0.000000
vt -0.000000 -0.848141 0.000000
vt -0.026180 -0.880762 0.000000
vt 0.000000 -0.913383 0.000000
vt -0.000000 0.848141 0.000000
vt -0.026180 0.880762 0.000000
vt -0.026180 0.815521 0.000000
vt -0.000000 0.782900 0.000000
vt -0.026180 0.750279 0.000000
vt -0.000000 0.717658 0.000000
vt -0.026180 0.685037 0.000000
vt -0.000000 0.652416 0.000000
vt -0.026180 0.619796 0.000000
vt -0.000000 0.587175 0.000000
vt -0.026180 0.554554 0.000000
vt -0.000000 0.521933 0.000000
vt -0.026180 0.489312 0.000000
vt -0.000000 0.456692 0.000000
vt -0.026180 0.424071 0.000000
vt -0.000000 0.391450 0.000000
vt -0.026180 0.358829 0.000000
vt -0.000000 0.326208 0.000000
vt -0.026180 0.293587 0.000000
vt -0.000000 0.260967 0.000000
vt -0.026180 0.228346 0.000000
vt -0.000000 0.195725 0.000000
vt -0.026180 0.163104 0.000000
vt -0.000000 0.130483 0.000000
vt -0.026180 0.097862 0.000000
vt -0.078540 -0.070461 0.000000
vt -0.052360 -0.032621 0.000000
vt -0.078540 0.000000 0.000000
vt -0.052360 0.032621 0.000000
vt -0.078540 0.070461 0.000000
vt -0.052360 0.097862 0.000000
vt -0.078540 0.140922 0.000000
vt -0.052360 0.163104 0.000000
vt -0.078540 0.211383 0.000000
vt -0.052360 0.228346 0.000000
vt -0.078540 0.281844 0.000000
vt -0.052360 0.293587 0.000000
vt -0.078540 0.352305 0.000000
vt -0.052360 0.358829 0.000000
vt -0.078540 0.422766 0.000000
vt -0.052360 0.424071 0.000000
vt -0.052360 0.489312 0.000000
vt -0.052360 -0.097862 0.000000
vt -0.078540 -0.140922 0.000000
vt -0.052360 -0.163104 0.000000
vt -0.078540 -0.211383 0.000000
vt -0.052360 -0.228346 0.000000
vt -0.078540 -0.281844 0.000000
vt -0.052360 -0.293587 0.000000
vt -0.078540 -0.352305 0.000000
vt -0.052360 -0.358829 0.000000
vt -0.078540 -0.422766 0.000000
vt -0.052360 -0.424071 0.000000
vt -0.052360 -0.489312 0.000000
vt -0.078540 -0.493227 0.000000
vt -0.052360 -0.554554 0.000000
vt -0.078540 -0.563688 0.000000
vt -0.052360 -0.619796 0.000000
vt -0.078540 -0.634149 0.000000
vt -0.052360 -0.685037 0.000000
vt -0.078540 -0.704610 0.000000
vt -0.052360 -0.750279 0.000000
vt -0.078540 -0.775071 0.000000
vt -0.052360 -0.815521 0.000000
vt -0.078540 -0.845532 0.000000
vt -0.052360 -0.880762 0.000000
vt -0.052360 0.880762 0.000000
vt -0.078540 0.915993 0.000000
vt -0.078540 0.845532 0.000000
vt -0.052360 0.815521 0.000000
vt -0.078540 0.775071 0.000000
vt -0.052360 0.750279 0.000000
vt -0.078540 0.704610 0.000000
vt -0.052360 0.685037 0.000000
vt -0.078540 0.634149 0.000000
vt -0.052360 0.619796 0.000000
vt -0.078540 0.563688 0.000000
vt -0.052360 0.554554 0.000000
vt -0.078540 0.493227 0.000000
vt -0.078540 0.040286 0.000000
vt -0.104720 0.018391 0.000000
vt -0.078540 0.000000 0.000000
vt -0.104720 -0.018391 0.000000
vt -0.078540 -0.040286 0.000000
vt -0.104720 -0.055174 0.000000
vt -0.078540 -0.080571 0.000000
vt -0.104720 -0.091956 0.000000
vt -0.078540 -0.120857 0.000000
vt -0.104720 -0.128739 0.000000
vt -0.078540 -0.161142 0.000000
vt -0.104720 -0.165521 0.000000
vt -0.078540 -0.201428 0.000000
vt -0.104720 -0.202304 0.000000
vt -0.104720 -0.239086 0.000000
vt -0.130900 -0.202304 0.000000
vt -0.130900 -0.239086 0.000000
vt -0.157080 -0.248823 0.000000
vt -0.130900 -0.275869 0.000000
vt -0.157080 -0.298587 0.000000
vt -0.130900 -0.312651 0.000000
vt -0.157080 -0.348352 0.000000
vt -0.130900 -0.349434 0.000000
vt -0.157080 -0.398116 0.000000
vt -0.130900 -0.386216 0.000000
vt -0.130900 -0.422999 0.000000
vt -0.104720 -0.422999 0.000000
vt -0.104720 0.422999 0.000000
vt -0.130900 0.422999 0.000000
vt -0.104720 0.386216 0.000000
vt -0.078540 0.402856 0.000000
vt -0.078540 0.362570 0.000000
vt -0.104720 0.349434 0.000000
vt -0.078540 0.322285 0.000000
vt -0.104720 0.312651 0.000000
vt -0.078540 0.281999 0.000000
vt -0.104720 0.275869 0.000000
vt -0.078540 0.241714 0.000000
vt -0.104720 0.239086 0.000000
vt -0.078540 0.201428 0.000000
vt -0.104720 0.202304 0.000000
vt -0.104720 0.165521 0.000000
vt -0.130900 0.202304 0.000000
vt -0.130900 0.165521 0.000000
vt -0.157080 0.199058 0.000000
vt -0.157080 0.149294 0.000000
vt -0.104720 0.055174 0.000000
vt -0.078540 0.080571 0.000000
vt -0.104720 0.091956 0.000000
vt -0.078540 0.120857 0.000000
vt -0.104720 0.128739 0.000000
vt -0.078540 0.161142 0.000000
vt -0.078540 -0.443141 0.000000
vt -0.078540 -0.402856 0.000000
vt -0.104720 -0.386216 0.000000
vt -0.078540 -0.362570 0.000000
vt -0.104720 -0.349434 0.000000
vt -0.078540 -0.322285 0.000000
vt -0.104720 -0.312651 0.000000
vt -0.078540 -0.281999 0.000000
vt -0.104720 -0.275869 0.000000
vt -0.078540 -0.241714 0.000000
vt -0.157080 -0.049765 0.000000
vt -0.130900 -0.018391 0.000000
vt -0.157080 0.000000 0.000000
vt -0.130900 0.018391 0.000000
vt -0.157080 0.049765 0.000000
vt -0.130900 0.055174 0.000000
vt -0.130900 0.091956 0.000000
vt -0.130900 -0.055174 0.000000
vt -0.157080 -0.099529 0.000000
vt -0.130900 -0.091956 0.000000
vt -0.130900 -0.128739 0.000000
vt -0.157080 -0.149294 0.000000
vt -0.130900 -0.165521 0.000000
vt -0.157080 -0.199058 0.000000
vt -0.157080 0.447881 0.000000
vt -0.157080 0.398116 0.000000
vt -0.130900 0.386216 0.000000
vt -0.157080 0.348352 0.000000
vt -0.130900 0.349434 0.000000
vt -0.130900 0.312651 0.000000
vt -0.157080 0.298587 0.000000
vt -0.130900 0.275869 0.000000
vt -0.157080 0.248823 0.000000
vt -0.130900 0.239086 0.000000
vt -0.130900 0.128739 0.000000
vt -0.157080 0.099529 0.000000
vt 0.050000 0.332639 0.000000
vt 0.560000 0.354815 0.000000
vt 0.050000 0.376991 0.000000
vt 0.050000 -0.376991 0.000000
vt 0.560000 -0.399167 0.000000
vt 0.560000 -0.354815 0.000000
vt 0.050000 -0.332639 0.000000
vt 0.560000 -0.310463 0.000000
vt 0.050000 -0.288287 0.000000
vt 0.560000 -0.266111 0.000000
vt 0.050000 -0.243935 0.000000
vt 0.560000 -0.221759 0.000000
vt 0.050000 -0.199584 0.000000
vt 0.560000 -0.177408 0.000000
vt 0.050000 -0.155232 0.000000
vt 0.560000 -0.133056 0.000000
vt 0.050000 -0.110880 0.000000
vt 0.560000 -0.088704 0.000000
vt 0.050000 -0.066528 0.000000
vt 0.560000 -0.044352 0.000000
vt 0.050000 -0.022176 0.000000
vt 0.560000 0.000000 0.000000
vt 0.050000 0.022176 0.000000
vt 0.560000 0.044352 0.000000
vt 0.050000 0.066528 0.000000
vt 0.560000 0.088704 0.000000
vt 0.050000 0.110880 0.000000
vt 0.560000 0.133056 0.000000
vt 0.050000 0.155232 0.000000
vt 0.560000 0.177408 0.000000
vt 0.050000 0.199584 0.000000
vt 0.560000 0.221759 0.000000
vt 0.050000 0.243935 0.000000
vt 0.560000 0.266111 0.000000
vt 0.050000 0.288287 0.000000
vt 0.560000 0.310463 0.000000
vt -0.050000 -0.858120 0.000000
vt -0.560000 -0.892445 0.000000
vt -0.050000 -0.926770 0.000000
vt -0.050000 0.926770 0.000000
vt -0.560000 0.961095 0.000000
vt -0.560000 0.892445 0.000000
vt -0.050000 0.858120 0.000000
vt -0.560000 0.823795 0.000000
vt -0.050000 0.789471 0.000000
vt -0.192862 0.790162 0.000000
vt -0.190913 0.790064 0.000000
vt -0.191941 0.790019 0.000000
vt -0.191051 0.789768 0.000000
vt -0.560000 -0.823795 0.000000
vt -0.050000 -0.789471 0.000000
vt -0.560000 -0.755146 0.000000
vt -0.050000 -0.720821 0.000000
vt -0.560000 -0.686496 0.000000
vt -0.050000 -0.652171 0.000000
vt -0.560000 -0.617847 0.000000
vt -0.050000 -0.583522 0.000000
vt -0.560000 -0.549197 0.000000
vt -0.050000 -0.514872 0.000000
vt -0.560000 -0.480547 0.000000
vt -0.050000 -0.446223 0.000000
vt -0.560000 -0.411898 0.000000
vt -0.050000 -0.377573 0.000000
vt -0.560000 -0.343248 0.000000
vt -0.050000 -0.308923 0.000000
vt -0.560000 -0.274598 0.000000
vt -0.050000 -0.240274 0.000000
vt -0.560000 -0.205949 0.000000
vt -0.050000 -0.171624 0.000000
vt -0.560000 -0.137299 0.000000
vt -0.050000 -0.102974 0.000000
vt -0.560000 -0.068650 0.000000
vt -0.050000 -0.034325 0.000000
vt -0.560000 0.000000 0.000000
vt -0.050000 0.034325 0.000000
vt -0.560000 0.068650 0.000000
vt -0.050000 0.102974 0.000000
vt -0.341757 0.132698 0.000000
vt -0.050000 0.171624 0.000000
vt -0.324026 0.186450 0.000000
vt -0.323803 0.187166 0.000000
vt -0.323578 0.187881 0.000000
vt -0.323353 0.188597 0.000000
vt -0.050000 0.240274 0.000000
vt -0.303316 0.241760 0.000000
vt -0.296257 0.259476 0.000000
vt -0.288940 0.277192 0.000000
vt -0.050000 0.308923 0.000000
vt -0.281390 0.294908 0.000000
vt -0.281114 0.295584 0.000000
vt -0.280837 0.296260 0.000000
vt -0.280560 0.296935 0.000000
vt -0.273013 0.314475 0.000000
vt -0.265292 0.332014 0.000000
vt -0.257421 0.349554 0.000000
vt -0.050000 0.377573 0.000000
vt -0.257223 0.349981 0.000000
vt -0.257025 0.350408 0.000000
vt -0.256826 0.350836 0.000000
vt -0.247993 0.370476 0.000000
vt -0.239059 0.390117 0.000000
vt -0.230065 0.409757 0.000000
vt -0.229871 0.410198 0.000000
vt -0.229677 0.410639 0.000000
vt -0.229484 0.411079 0.000000
vt -0.050000 0.446223 0.000000
vt -0.220865 0.430893 0.000000
vt -0.212269 0.450706 0.000000
vt -0.203735 0.470519 0.000000
vt -0.203575 0.470920 0.000000
vt -0.203414 0.471320 0.000000
vt -0.203254 0.471720 0.000000
vt -0.195801 0.491924 0.000000
vt -0.050000 0.514872 0.000000
vt -0.188489 0.512128 0.000000
vt -0.181353 0.532332 0.000000
vt -0.181221 0.532746 0.000000
vt -0.181089 0.533160 0.000000
vt -0.180957 0.533574 0.000000
vt -0.175897 0.554004 0.000000
vt -0.050000 0.583522 0.000000
vt -0.171057 0.574434 0.000000
vt -0.166459 0.594864 0.000000
vt -0.166378 0.595283 0.000000
vt -0.166298 0.595702 0.000000
vt -0.166217 0.596121 0.000000
vt -0.164391 0.612906 0.000000
vt -0.050000 0.652171 0.000000
vt -0.162717 0.629691 0.000000
vt -0.161199 0.646475 0.000000
vt -0.161170 0.646875 0.000000
vt -0.161141 0.647274 0.000000
vt -0.161112 0.647673 0.000000
vt -0.161107 0.659880 0.000000
vt -0.161168 0.672087 0.000000
vt -0.161295 0.684293 0.000000
vt -0.161306 0.684706 0.000000
vt -0.161317 0.685118 0.000000
vt -0.161329 0.685530 0.000000
vt -0.050000 0.720821 0.000000
vt -0.162974 0.701047 0.000000
vt -0.164678 0.716557 0.000000
vt -0.166436 0.732062 0.000000
vt -0.166503 0.732524 0.000000
vt -0.166571 0.732987 0.000000
vt -0.166639 0.733450 0.000000
vt -0.170042 0.746483 0.000000
vt -0.173411 0.759515 0.000000
vt -0.176739 0.772548 0.000000
vt -0.177350 0.773920 0.000000
vt -0.177787 0.775012 0.000000
vt -0.178224 0.776104 0.000000
vt -0.178660 0.777196 0.000000
vt -0.181312 0.781590 0.000000
vt -0.185853 0.786541 0.000000
vt -0.560000 0.755146 0.000000
vt -0.194586 0.789548 0.000000
vt -0.194389 0.789734 0.000000
vt -0.194164 0.789885 0.000000
vt -0.560000 0.686496 0.000000
vt -0.177992 0.715985 0.000000
vt -0.182299 0.733405 0.000000
vt -0.186575 0.750825 0.000000
vt -0.560000 0.617847 0.000000
vt -0.169729 0.654811 0.000000
vt -0.170377 0.664515 0.000000
vt -0.171057 0.674218 0.000000
vt -0.560000 0.549197 0.000000
vt -0.175022 0.582609 0.000000
vt -0.173459 0.592543 0.000000
vt -0.171951 0.602485 0.000000
vt -0.560000 0.480547 0.000000
vt -0.193533 0.514894 0.000000
vt -0.193405 0.515293 0.000000
vt -0.193277 0.515692 0.000000
vt -0.560000 0.411898 0.000000
vt -0.218711 0.448938 0.000000
vt -0.213291 0.462183 0.000000
vt -0.207909 0.475429 0.000000
vt -0.560000 0.343248 0.000000
vt -0.248798 0.379849 0.000000
vt -0.242524 0.393700 0.000000
vt -0.242401 0.393966 0.000000
vt -0.560000 0.274598 0.000000
vt -0.277051 0.316814 0.000000
vt -0.269326 0.334202 0.000000
vt -0.261463 0.351589 0.000000
vt -0.560000 0.205949 0.000000
vt -0.308079 0.243167 0.000000
vt -0.307862 0.243778 0.000000
vt -0.307645 0.244390 0.000000
vt -0.560000 0.137299 0.000000
vt -0.328462 0.189945 0.000000
vt -0.321981 0.207686 0.000000
vt -0.315178 0.225426 0.000000
vt -0.343021 0.133629 0.000000
vt -0.344219 0.134606 0.000000
vt -0.307428 0.245001 0.000000
vt -0.300311 0.262572 0.000000
vt -0.292941 0.280144 0.000000
vt -0.285344 0.297715 0.000000
vt -0.285101 0.298286 0.000000
vt -0.284857 0.298856 0.000000
vt -0.284612 0.299427 0.000000
vt -0.261214 0.352148 0.000000
vt -0.255033 0.365998 0.000000
vt -0.242279 0.394232 0.000000
vt -0.242156 0.394498 0.000000
vt -0.236269 0.407969 0.000000
vt -0.230375 0.421436 0.000000
vt -0.224486 0.434905 0.000000
vt -0.224377 0.435168 0.000000
vt -0.224269 0.435430 0.000000
vt -0.224160 0.435692 0.000000
vt -0.207793 0.475726 0.000000
vt -0.207677 0.476023 0.000000
vt -0.207561 0.476320 0.000000
vt -0.202925 0.488889 0.000000
vt -0.198342 0.501459 0.000000
vt -0.193821 0.514028 0.000000
vt -0.193725 0.514317 0.000000
vt -0.193629 0.514605 0.000000
vt -0.193148 0.516091 0.000000
vt -0.186941 0.537798 0.000000
vt -0.180981 0.559506 0.000000
vt -0.175301 0.581213 0.000000
vt -0.175208 0.581679 0.000000
vt -0.175115 0.582144 0.000000
vt -0.170501 0.612435 0.000000
vt -0.170464 0.612910 0.000000
vt -0.170427 0.613385 0.000000
vt -0.170390 0.613861 0.000000
vt -0.169891 0.623972 0.000000
vt -0.169443 0.634085 0.000000
vt -0.169048 0.644201 0.000000
vt -0.169069 0.644502 0.000000
vt -0.169091 0.644803 0.000000
vt -0.169113 0.645104 0.000000
vt -0.171099 0.674599 0.000000
vt -0.171142 0.674981 0.000000
vt -0.171184 0.675362 0.000000
vt -0.173216 0.687919 0.000000
vt -0.175274 0.700471 0.000000
vt -0.177354 0.713019 0.000000
vt -0.177436 0.713413 0.000000
vt -0.177519 0.713806 0.000000
vt -0.177602 0.714199 0.000000
vt -0.177732 0.714795 0.000000
vt -0.177862 0.715390 0.000000
vt -0.190804 0.768245 0.000000
vt -0.190991 0.768962 0.000000
vt -0.191179 0.769679 0.000000
vt -0.191366 0.770396 0.000000
vt -0.191463 0.770775 0.000000
vt -0.191560 0.771153 0.000000
vt -0.191656 0.771531 0.000000
vt -0.192766 0.775796 0.000000
vt -0.193869 0.780061 0.000000
vt -0.194967 0.784326 0.000000
vt -0.195071 0.784981 0.000000
vt -0.195176 0.785635 0.000000
vt -0.195281 0.786290 0.000000
vt -0.195286 0.786786 0.000000
vt -0.195290 0.787283 0.000000
vt -0.195295 0.787779 0.000000
vt -0.195222 0.788099 0.000000
vt -0.195150 0.788418 0.000000
vt -0.195077 0.788737 0.000000
vt -0.194758 0.789336 0.000000
vt -0.193919 0.790011 0.000000
vt -0.193387 0.790143 0.000000
vt -0.342949 0.133676 0.000000
vt -0.345420 0.135581 0.000000
vt -0.346602 0.136625 0.000000
vt -0.345401 0.135659 0.000000
vt 41.888789 13.919286 0.000000
vt 41.885747 13.919270 0.000000
vt 41.831059 13.542186 0.000000
vt 41.736598 13.267053 0.000000
vt 43.880675 13.137527 0.000000
vt 43.859326 13.137200 0.000000
vt 43.725896 12.771890 0.000000
vt 43.824653 13.133047 0.000000
vt 43.791709 13.121944 0.000000
vt 43.761945 13.104380 0.000000
vt 43.923376 13.137976 0.000000
vt 43.902025 13.137785 0.000000
vt 43.135692 13.267399 0.000000
vt 43.123570 13.257599 0.000000
vt 43.100401 12.934828 0.000000
vt 43.112484 13.246735 0.000000
vt 43.102533 13.234904 0.000000
vt 42.870077 12.631985 0.000000
vt 44.010840 13.087316 0.000000
vt 44.006783 13.087293 0.000000
vt 43.856181 12.436383 0.000000
vt 44.002727 13.087267 0.000000
vt 43.998670 13.087238 0.000000
vt 43.801090 12.721206 0.000000
vt -45.308560 12.616304 0.000000
vt -45.303543 12.810524 0.000000
vt -45.303778 12.810135 0.000000
vt 43.735153 13.306851 0.000000
vt 43.951940 13.915580 0.000000
vt 43.843106 13.626028 0.000000
vt 43.948612 13.910771 0.000000
vt 43.950811 13.913991 0.000000
vt 43.949702 13.912388 0.000000
vt -41.070283 16.269505 0.000000
vt -41.073698 16.274541 0.000000
vt -40.974727 15.980502 0.000000
vt -40.879771 15.657756 0.000000
vt -45.452808 12.531694 0.000000
vt -45.452978 12.531414 0.000000
vt -45.457130 12.336604 0.000000
vt -45.453147 12.531133 0.000000
vt -45.453316 12.530851 0.000000
vt -43.857759 12.998752 0.000000
vt -43.857985 12.998391 0.000000
vt -43.863524 12.804948 0.000000
vt -28.870446 -7.862590 0.000000
vt -28.871224 -7.863345 0.000000
vt -28.567396 -7.881840 0.000000
vt -43.761648 13.092015 0.000000
vt -43.791416 13.109576 0.000000
vt -43.723260 12.750587 0.000000
vt -43.824363 13.120678 0.000000
vt -43.859035 13.124831 0.000000
vt -43.880552 13.125160 0.000000
vt -43.902071 13.125419 0.000000
vt -43.923590 13.125610 0.000000
vt -42.873459 12.619142 0.000000
vt -43.106061 13.222406 0.000000
vt -43.100970 12.912572 0.000000
vt -43.115859 13.233924 0.000000
vt -43.126738 13.244514 0.000000
vt -43.138604 13.254084 0.000000
vt -44.530397 12.268689 0.000000
vt -44.530581 12.268393 0.000000
vt -44.534209 12.072688 0.000000
vt -44.530765 12.268096 0.000000
vt -44.530948 12.267799 0.000000
vt -40.392980 13.108633 0.000000
vt -40.393202 13.108307 0.000000
vt -40.399512 12.915221 0.000000
vt -43.790118 12.706112 0.000000
vt -43.990537 13.081088 0.000000
vt -43.847930 12.430341 0.000000
vt -43.994523 13.081116 0.000000
vt -43.998509 13.081142 0.000000
vt -44.002495 13.081165 0.000000
vt -42.852485 12.814485 0.000000
vt -43.004636 13.465876 0.000000
vt -42.998802 13.168421 0.000000
vt -43.007756 13.465893 0.000000
vt -43.012209 13.465913 0.000000
vt -43.710572 12.126622 0.000000
vt -43.710953 12.126037 0.000000
vt -43.714947 11.928850 0.000000
vt -43.711330 12.125451 0.000000
vt -43.711704 12.124862 0.000000
vt -34.537639 12.865322 0.000000
vt -34.530547 13.058382 0.000000
vt -34.530772 13.058098 0.000000
vt -44.106557 13.206382 0.000000
vt -44.134978 13.206447 0.000000
vt -44.091712 12.908958 0.000000
vt -44.163399 13.206392 0.000000
vt -44.191819 13.206215 0.000000
vt -44.067839 12.921854 0.000000
vt -44.167910 13.219124 0.000000
vt -44.153956 12.902881 0.000000
vt -44.170377 13.219103 0.000000
vt -44.177384 13.219038 0.000000
vt -44.178355 13.219029 0.000000
vt -44.756120 13.029466 0.000000
vt -44.784565 13.029119 0.000000
vt -44.730673 12.713401 0.000000
vt -44.813009 13.028647 0.000000
vt -44.841450 13.028052 0.000000
vt -43.426852 12.088797 0.000000
vt -43.428253 12.086854 0.000000
vt -43.435156 11.885124 0.000000
vt -43.429620 12.084888 0.000000
vt -43.430952 12.082900 0.000000
vt -26.554363 12.833134 0.000000
vt -26.554849 12.832657 0.000000
vt -26.561653 12.640374 0.000000
vt 28.334828 10.488080 0.000000
vt 28.333817 10.489262 0.000000
vt 28.328313 10.249269 0.000000
vt 33.429431 10.684852 0.000000
vt 33.425239 10.690206 0.000000
vt 33.426183 10.444818 0.000000
vt -43.384118 12.173034 0.000000
vt -43.397915 12.169326 0.000000
vt -43.395388 11.887619 0.000000
vt -43.411250 12.164339 0.000000
vt -43.423997 12.158120 0.000000
vt -45.011011 12.470795 0.000000
vt -45.018773 12.470532 0.000000
vt -45.018843 12.168501 0.000000
vt -45.026534 12.470259 0.000000
vt -45.034295 12.469976 0.000000
vt -45.040546 12.469607 0.000000
vt -45.046775 12.468963 0.000000
vt -45.052970 12.468046 0.000000
vt -45.355342 12.779838 0.000000
vt -45.369591 12.779456 0.000000
vt -45.353949 12.450464 0.000000
vt -45.383840 12.779041 0.000000
vt -45.398088 12.778595 0.000000
vt -44.765561 12.691820 0.000000
vt -44.876410 13.006445 0.000000
vt -44.818442 12.553127 0.000000
vt -44.879262 13.006378 0.000000
vt -44.882114 13.006310 0.000000
vt -44.884966 13.006241 0.000000
vt -43.213836 12.155924 0.000000
vt -43.217285 12.153978 0.000000
vt -43.185070 11.885440 0.000000
vt -43.220680 12.151939 0.000000
vt -43.240373 11.828941 0.000000
vt -43.224018 12.149810 0.000000
vt -42.252009 11.913967 0.000000
vt -42.255079 11.910514 0.000000
vt -42.268515 11.699612 0.000000
vt -42.258034 11.906960 0.000000
vt -42.260868 11.903311 0.000000
vt -42.199347 11.987050 0.000000
vt -42.206227 11.982342 0.000000
vt -42.214873 11.666140 0.000000
vt -42.212801 11.977271 0.000000
vt -42.219049 11.971855 0.000000
vt -20.750944 12.634012 0.000000
vt -20.751467 12.633606 0.000000
vt -20.757809 12.441731 0.000000
vt 23.194899 10.207674 0.000000
vt 23.204297 10.445453 0.000000
vt 23.203310 10.446425 0.000000
vt 38.611770 10.915557 0.000000
vt 38.607968 11.160918 0.000000
vt 38.598935 11.172023 0.000000
vt 43.564581 13.361612 0.000000
vt 43.562555 13.361603 0.000000
vt 43.561829 13.061382 0.000000
vt 43.560529 13.361593 0.000000
vt 43.558503 13.361583 0.000000
vt 43.498026 12.984914 0.000000
vt -44.870549 12.530472 0.000000
vt -44.937231 12.983563 0.000000
vt -44.943508 12.654031 0.000000
vt -44.939295 12.983512 0.000000
vt -44.941358 12.983461 0.000000
vt -44.943421 12.983409 0.000000
vt -44.676290 12.131323 0.000000
vt -44.710945 12.430807 0.000000
vt -44.730968 12.143976 0.000000
vt -44.713444 12.430361 0.000000
vt -44.715933 12.429871 0.000000
vt -44.718413 12.429337 0.000000
vt 12.374658 45.374477 0.000000
vt 12.702715 45.419165 0.000000
vt 12.400223 45.435703 0.000000
vt 12.702637 45.421581 0.000000
vt 12.702557 45.423997 0.000000
vt 12.702476 45.426413 0.000000
vt 42.371837 11.830109 0.000000
vt 42.365778 11.835653 0.000000
vt 42.358904 11.538446 0.000000
vt 42.359384 11.840859 0.000000
vt 42.352678 11.845712 0.000000
vt -42.774996 12.024187 0.000000
vt -42.777832 12.021478 0.000000
vt -42.771250 11.718467 0.000000
vt -42.780591 12.018691 0.000000
vt -42.783272 12.015828 0.000000
vt -42.800078 11.801496 0.000000
vt -43.654591 12.225364 0.000000
vt -43.658405 12.218444 0.000000
vt -43.655840 12.033388 0.000000
vt -43.661808 12.211326 0.000000
vt -43.664788 12.204033 0.000000
vt -43.710857 11.631461 0.000000
vt 15.081444 10.616854 0.000000
vt 15.079461 10.618157 0.000000
vt 15.067647 10.380485 0.000000
vt 42.516352 11.573289 0.000000
vt 42.500770 11.829602 0.000000
vt 42.478258 11.548354 0.000000
vt 42.497660 11.833184 0.000000
vt 42.494431 11.836658 0.000000
vt 42.491086 11.840021 0.000000
vt 44.577870 12.274144 0.000000
vt 44.564881 12.281124 0.000000
vt 44.546421 11.963869 0.000000
vt 44.551212 12.286736 0.000000
vt 44.537011 12.290918 0.000000
vt -12.685229 45.459866 0.000000
vt -12.686183 45.453573 0.000000
vt -12.390552 45.414413 0.000000
vt -12.686850 45.447242 0.000000
vt -12.687229 45.440888 0.000000
vt -12.688039 45.417792 0.000000
vt -12.688275 45.410544 0.000000
vt -12.689316 45.374996 0.000000
vt 44.812567 13.073179 0.000000
vt 44.783241 13.073824 0.000000
vt 44.735802 12.696503 0.000000
vt 44.753912 13.074338 0.000000
vt 44.724581 13.074720 0.000000
vt 44.101226 13.261389 0.000000
vt 44.098745 13.261410 0.000000
vt 44.011600 12.961355 0.000000
vt 44.015009 13.261578 0.000000
vt 44.629943 12.273492 0.000000
vt 44.627118 12.275451 0.000000
vt 44.638780 11.966291 0.000000
vt 44.624244 12.277342 0.000000
vt 44.621324 12.279163 0.000000
vt 44.589942 11.968881 0.000000
vt 31.886381 9.840623 0.000000
vt 31.855078 10.414192 0.000000
vt 31.835985 10.196962 0.000000
vt 31.843790 10.433605 0.000000
vt 45.338941 12.562174 0.000000
vt 45.335965 12.562863 0.000000
vt 45.350127 12.235180 0.000000
vt 45.332974 12.563488 0.000000
vt 45.329970 12.564047 0.000000
vt 45.283557 12.269520 0.000000
vt 45.361939 12.519296 0.000000
vt 45.321660 12.817945 0.000000
vt 45.297442 12.417095 0.000000
vt 45.319170 12.818011 0.000000
vt 45.316681 12.818076 0.000000
vt 45.314192 12.818141 0.000000
vt 45.022960 12.967387 0.000000
vt 45.020631 12.967446 0.000000
vt 45.007445 12.566291 0.000000
vt 45.018302 12.967504 0.000000
vt 45.015973 12.967561 0.000000
vt 44.938637 12.591001 0.000000
vt 44.280844 13.181128 0.000000
vt 44.275459 13.181183 0.000000
vt 44.293077 12.802942 0.000000
vt 44.274468 13.181192 0.000000
vt 44.221816 12.761928 0.000000
vt 44.247458 13.190533 0.000000
vt 44.245123 13.190556 0.000000
vt 44.194865 12.771262 0.000000
vt 44.242787 13.190577 0.000000
vt 44.240452 13.190598 0.000000
vt 44.150609 12.890629 0.000000
vt 18.733601 7.205495 0.000000
vt 18.733699 7.204957 0.000000
vt 18.894358 7.221268 0.000000
vt 19.466114 1.387277 0.000000
vt 19.305323 1.372236 0.000000
vt 19.305336 1.371710 0.000000
vt -15.253805 16.832054 0.000000
vt -15.253555 16.832170 0.000000
vt -15.283709 16.990747 0.000000
vt 19.811766 -4.008564 0.000000
vt 19.811662 -4.009490 0.000000
vt 19.972447 -3.994369 0.000000
vt -18.907838 15.997591 0.000000
vt -18.874614 15.839629 0.000000
vt -18.874381 15.839768 0.000000
vt 20.137230 -7.565954 0.000000
vt 20.137048 -7.566862 0.000000
vt 20.297712 -7.552479 0.000000
vt -24.109195 14.175241 0.000000
vt -24.108983 14.175410 0.000000
vt -24.146840 14.332119 0.000000
vt -36.323309 9.945107 0.000000
vt -36.367035 10.100105 0.000000
vt -36.323498 9.944841 0.000000
vt -36.436351 10.302789 0.000000
vt -28.348245 12.648814 0.000000
vt -28.348051 12.649006 0.000000
vt -28.389232 12.804733 0.000000
vt 7.157024 45.527205 0.000000
vt 7.284251 45.553291 0.000000
vt 7.360011 45.595629 0.000000
vt 21.547714 19.214456 0.000000
vt 21.552916 19.211148 0.000000
vt 21.574276 19.585856 0.000000
vt -34.320506 10.462522 0.000000
vt -34.275490 10.307861 0.000000
vt -34.275077 10.308399 0.000000
vt -44.509631 8.603931 0.000000
vt -44.549314 8.728765 0.000000
vt -44.526903 8.600839 0.000000
vt 7.286392 45.552804 0.000000
vt 7.421841 45.574816 0.000000
vt 7.362153 45.595139 0.000000
vt 30.237371 16.971248 0.000000
vt 30.179825 16.607219 0.000000
vt 30.184739 16.602638 0.000000
vt -41.500393 7.403347 0.000000
vt -41.500232 7.403632 0.000000
vt -41.548868 7.556540 0.000000
vt -41.500070 7.403917 0.000000
vt -41.499908 7.404201 0.000000
vt -44.435912 8.679028 0.000000
vt -44.449285 8.791995 0.000000
vt -44.475441 8.803911 0.000000
vt -44.546745 8.679033 0.000000
vt -44.496928 8.538894 0.000000
vt -44.529473 8.682131 0.000000
vt -44.496722 8.539226 0.000000
vt -44.496516 8.539558 0.000000
vt -44.496309 8.539890 0.000000
vt -44.506605 8.642535 0.000000
vt -44.551019 8.790434 0.000000
vt -44.532772 8.654427 0.000000
vt 7.432021 45.448074 0.000000
vt 7.548759 45.490592 0.000000
vt 7.372356 45.468463 0.000000
vt 37.249136 13.300161 0.000000
vt 37.252373 13.296178 0.000000
vt 37.332916 13.655819 0.000000
vt -45.158583 6.586710 0.000000
vt -45.158360 6.587154 0.000000
vt -45.206276 6.739450 0.000000
vt -45.158136 6.587597 0.000000
vt -45.157911 6.588039 0.000000
vt -44.623729 8.640446 0.000000
vt -44.610016 8.527520 0.000000
vt -44.583125 8.497446 0.000000
vt -44.452355 8.584588 0.000000
vt -44.450166 8.588410 0.000000
vt -44.495312 8.736147 0.000000
vt -44.447923 8.592201 0.000000
vt -44.445627 8.595962 0.000000
vt -44.475850 8.736048 0.000000
vt -44.442825 8.593774 0.000000
vt -44.449032 8.705910 0.000000
vt -44.442431 8.594402 0.000000
vt -44.442036 8.595028 0.000000
vt -44.441639 8.595654 0.000000
vt -44.572290 8.711717 0.000000
vt -44.606320 8.737082 0.000000
vt -44.561777 8.589221 0.000000
vt -44.718047 8.690868 0.000000
vt -44.759857 8.643020 0.000000
vt -44.719656 8.525464 0.000000
vt 7.375813 45.574380 0.000000
vt 7.552224 45.596444 0.000000
vt 7.734139 45.662776 0.000000
vt 41.724997 10.484991 0.000000
vt 41.725664 10.484022 0.000000
vt 41.826845 10.833561 0.000000
vt 41.726327 10.483051 0.000000
vt 41.726987 10.482078 0.000000
vt 6.998226 45.389316 0.000000
vt 6.998816 45.389014 0.000000
vt 7.150168 45.435983 0.000000
vt 6.999406 45.388711 0.000000
vt 6.999995 45.388407 0.000000
vt -44.648291 8.548342 0.000000
vt -44.681052 8.580412 0.000000
vt -44.640300 8.437454 0.000000
vt 6.987888 44.958620 0.000000
vt 7.003093 44.949129 0.000000
vt 7.097811 44.969922 0.000000
vt 7.017737 44.938776 0.000000
vt 7.031769 44.927595 0.000000
vt -44.718927 8.690283 0.000000
vt -44.720534 8.524879 0.000000
vt -44.686458 8.499575 0.000000
vt -44.798852 8.523713 0.000000
vt -44.787870 8.401258 0.000000
vt -44.755048 8.369252 0.000000
vt -44.693970 8.799379 0.000000
vt -44.675295 8.632067 0.000000
vt -44.633427 8.679864 0.000000
vt 7.545901 45.600302 0.000000
vt 7.712760 45.622659 0.000000
vt 7.727808 45.666656 0.000000
vt 37.954806 12.815611 0.000000
vt 37.898564 12.703706 0.000000
vt 37.898607 12.450846 0.000000
vt 40.870876 11.083298 0.000000
vt 40.871755 11.082081 0.000000
vt 40.918664 11.426717 0.000000
vt 40.970387 11.431574 0.000000
vt 44.499438 8.545892 0.000000
vt 44.507666 8.535228 0.000000
vt 44.586906 8.853647 0.000000
vt 44.515424 8.524229 0.000000
vt 44.522698 8.512915 0.000000
vt 7.044414 45.065319 0.000000
vt 7.044878 45.064925 0.000000
vt 7.110561 45.107483 0.000000
vt 7.045342 45.064529 0.000000
vt 7.045804 45.064133 0.000000
vt 7.221169 45.118697 0.000000
vt -44.955144 8.486223 0.000000
vt -44.921957 8.295638 0.000000
vt -44.895472 8.311779 0.000000
vt -44.953068 8.344300 0.000000
vt -44.979536 8.328131 0.000000
vt -44.935208 8.173819 0.000000
vt -44.849508 8.451018 0.000000
vt -44.891218 8.644465 0.000000
vt -44.910403 8.570354 0.000000
vt 7.720854 45.627306 0.000000
vt 7.916752 45.666006 0.000000
vt 7.735944 45.671288 0.000000
vt 40.429253 11.072771 0.000000
vt 40.400068 10.775484 0.000000
vt 40.458465 10.886280 0.000000
vt 40.990053 11.560332 0.000000
vt 40.931287 11.302720 0.000000
vt 40.983011 11.307570 0.000000
vt -7.049963 45.393187 0.000000
vt -7.049591 45.393471 0.000000
vt -7.407963 45.450611 0.000000
vt -7.049219 45.393755 0.000000
vt -7.048847 45.394038 0.000000
vt -7.353952 45.490342 0.000000
vt 7.223259 45.166668 0.000000
vt 7.047872 45.112173 0.000000
vt 7.207768 45.137337 0.000000
vt 7.048177 45.111911 0.000000
vt 7.048481 45.111648 0.000000
vt 7.048785 45.111385 0.000000
vt -45.120126 8.245562 0.000000
vt -45.174412 8.243976 0.000000
vt -45.114051 8.069770 0.000000
vt 7.218744 45.167721 0.000000
vt 7.404376 45.218383 0.000000
vt 7.234299 45.197018 0.000000
vt -45.078293 8.256721 0.000000
vt -45.074081 8.448108 0.000000
vt -45.120651 8.450026 0.000000
vt -44.671321 8.716468 0.000000
vt -44.726058 8.838940 0.000000
vt -44.690708 8.642410 0.000000
vt 7.916747 45.667231 0.000000
vt 8.084108 45.733171 0.000000
vt 7.735939 45.672514 0.000000
vt 45.147472 8.640365 0.000000
vt 45.065602 8.461673 0.000000
vt 45.105013 8.344681 0.000000
vt 39.446930 11.364826 0.000000
vt 39.375867 11.200023 0.000000
vt 39.406402 11.013744 0.000000
vt -7.730452 45.340040 0.000000
vt -7.359819 45.301167 0.000000
vt -7.612801 45.377437 0.000000
vt -7.415348 45.386946 0.000000
vt -7.361379 45.426735 0.000000
vt -7.732024 45.465486 0.000000
vt -7.088210 45.417590 0.000000
vt -7.077185 45.428630 0.000000
vt -7.411495 45.506226 0.000000
vt -7.065598 45.439077 0.000000
vt -7.053479 45.448903 0.000000
vt 7.054944 45.336869 0.000000
vt 7.064366 45.328326 0.000000
vt 7.213951 45.362666 0.000000
vt 7.073420 45.319394 0.000000
vt 7.082091 45.310089 0.000000
vt -45.168529 8.379737 0.000000
vt -45.172443 8.188343 0.000000
vt -45.118157 8.189927 0.000000
vt 7.366854 45.368096 0.000000
vt 7.592919 45.424141 0.000000
vt 7.417231 45.415563 0.000000
vt 7.224627 45.324481 0.000000
vt 7.359995 45.327408 0.000000
vt 7.410316 45.374934 0.000000
vt -45.080112 8.314971 0.000000
vt -45.129288 8.506353 0.000000
vt -45.126682 8.316885 0.000000
vt -45.067886 8.349799 0.000000
vt -45.070357 8.539268 0.000000
vt -45.123185 8.472018 0.000000
vt 7.916944 45.670235 0.000000
vt 8.106793 45.673961 0.000000
vt 8.084307 45.736169 0.000000
vt -8.100025 45.510826 0.000000
vt -7.743430 45.467817 0.000000
vt -7.921059 45.551966 0.000000
vt 41.084851 10.409152 0.000000
vt 41.059144 10.105653 0.000000
vt 41.131865 10.269731 0.000000
vt -7.771389 45.476338 0.000000
vt -7.425404 45.468415 0.000000
vt -7.742135 45.546735 0.000000
vt -7.098770 45.311555 0.000000
vt -7.098489 45.311857 0.000000
vt -7.459615 45.351529 0.000000
vt -7.098209 45.312159 0.000000
vt -7.097927 45.312461 0.000000
vt -7.421173 45.401239 0.000000
vt -7.122516 45.224598 0.000000
vt -7.115213 45.234378 0.000000
vt -7.460257 45.293005 0.000000
vt -7.107509 45.243846 0.000000
vt -7.099417 45.252983 0.000000
vt 7.225268 45.453174 0.000000
vt 7.093350 45.400743 0.000000
vt 7.360636 45.456090 0.000000
vt 7.093604 45.400456 0.000000
vt 7.093858 45.400168 0.000000
vt 7.094112 45.399880 0.000000
vt 7.795405 45.453594 0.000000
vt 7.791264 45.515610 0.000000
vt 7.602043 45.463068 0.000000
vt 7.371690 45.459626 0.000000
vt 7.570115 45.461814 0.000000
vt 7.597789 45.515528 0.000000
vt -45.386369 8.258901 0.000000
vt -45.449001 8.228305 0.000000
vt -45.398960 8.037148 0.000000
vt -44.976177 8.517177 0.000000
vt -45.030599 8.639859 0.000000
vt -45.029073 8.449979 0.000000
vt 8.107184 45.659740 0.000000
vt 8.291718 45.689255 0.000000
vt 8.084734 45.721961 0.000000
vt -8.101640 45.613544 0.000000
vt -8.025026 45.543751 0.000000
vt -7.745031 45.570648 0.000000
vt 45.422371 8.582674 0.000000
vt 45.344083 8.458795 0.000000
vt 45.386725 8.280181 0.000000
vt 40.544150 10.554047 0.000000
vt 40.476822 10.343261 0.000000
vt 40.524277 10.203989 0.000000
vt -7.463958 45.390028 0.000000
vt -7.425475 45.439706 0.000000
vt -7.771460 45.447634 0.000000
vt -8.024972 45.536088 0.000000
vt -7.774273 45.492610 0.000000
vt -7.744978 45.562990 0.000000
vt 44.928541 6.531205 0.000000
vt 44.928866 6.530972 0.000000
vt 44.944764 6.872641 0.000000
vt 44.929191 6.530738 0.000000
vt 44.929516 6.530504 0.000000
vt 45.002978 6.867182 0.000000
vt 7.098640 45.402985 0.000000
vt 7.104913 45.395554 0.000000
vt 7.365170 45.459164 0.000000
vt 7.110939 45.387919 0.000000
vt 7.116709 45.380090 0.000000
vt 8.015914 45.493433 0.000000
vt 7.794096 45.504821 0.000000
vt 7.798174 45.442801 0.000000
vt 7.601615 45.518031 0.000000
vt 7.573925 45.464325 0.000000
vt 7.794977 45.508570 0.000000
vt 7.570291 45.447679 0.000000
vt 7.371866 45.445491 0.000000
vt 7.314281 45.397687 0.000000
vt -45.419896 8.430911 0.000000
vt -45.422277 8.198239 0.000000
vt -45.359633 8.228810 0.000000
vt -45.262845 8.275767 0.000000
vt -45.260058 8.508435 0.000000
vt -45.317604 8.398300 0.000000
vt -45.306414 8.509041 0.000000
vt -45.392401 8.583573 0.000000
vt -45.363909 8.398879 0.000000
vt 8.085155 45.666460 0.000000
vt 8.292132 45.633714 0.000000
vt 8.434117 45.700532 0.000000
vt -8.340873 45.523430 0.000000
vt -8.025360 45.519183 0.000000
vt -8.101934 45.589021 0.000000
vt 45.383422 8.740552 0.000000
vt 45.357144 8.442563 0.000000
vt 45.435457 8.566427 0.000000
vt 40.120033 10.816713 0.000000
vt 40.107510 10.527400 0.000000
vt 40.174459 10.738307 0.000000
vt 45.025581 7.343689 0.000000
vt 45.034772 6.996866 0.000000
vt 45.096135 7.303640 0.000000
vt 45.095389 7.674020 0.000000
vt 45.010028 7.797251 0.000000
vt 45.049460 7.423757 0.000000
vt 44.954465 6.990436 0.000000
vt 45.012679 6.984984 0.000000
vt 45.003574 7.331809 0.000000
vt 44.781426 6.502964 0.000000
vt 44.796421 6.495209 0.000000
vt 44.841592 6.818627 0.000000
vt 44.810933 6.486616 0.000000
vt 44.824917 6.477213 0.000000
vt 7.363609 45.465787 0.000000
vt 7.115147 45.386716 0.000000
vt 7.306014 45.417996 0.000000
vt 7.115322 45.386470 0.000000
vt 7.115497 45.386224 0.000000
vt 7.115672 45.385977 0.000000
vt 8.022339 45.469031 0.000000
vt 8.016035 45.545565 0.000000
vt 7.798281 45.494993 0.000000
vt -45.351276 7.319216 0.000000
vt -45.322788 7.512125 0.000000
vt -45.396919 7.539984 0.000000
vt 7.518734 45.227767 0.000000
vt 7.573855 45.276856 0.000000
vt 7.317879 45.226691 0.000000
vt 8.014770 45.536804 0.000000
vt 8.243930 45.513136 0.000000
vt 8.216644 45.597822 0.000000
vt -45.277226 8.849486 0.000000
vt -45.322660 8.692833 0.000000
vt -45.236735 8.618231 0.000000
vt 8.291650 45.669902 0.000000
vt 8.533398 45.696187 0.000000
vt 8.433662 45.736663 0.000000
vt 45.084789 7.970481 0.000000
vt 44.992556 7.778257 0.000000
vt 45.077900 7.655014 0.000000
vt 45.590371 8.217289 0.000000
vt 45.496019 8.158793 0.000000
vt 45.560736 7.919616 0.000000
vt -8.512006 45.603898 0.000000
vt -8.398111 45.527459 0.000000
vt -8.223575 45.578095 0.000000
vt 39.669124 10.866024 0.000000
vt 39.626795 10.578028 0.000000
vt 39.681394 10.499743 0.000000
vt 45.132440 7.856140 0.000000
vt 45.101660 7.522680 0.000000
vt 45.172245 7.482686 0.000000
vt 44.260952 7.174433 0.000000
vt 44.284631 6.856393 0.000000
vt 44.335558 7.197500 0.000000
vt 44.094623 6.372336 0.000000
vt 44.095009 6.372155 0.000000
vt 44.090605 6.686601 0.000000
vt 44.095395 6.371973 0.000000
vt 44.095781 6.371791 0.000000
vt 44.157876 6.687080 0.000000
vt -45.122516 6.585855 0.000000
vt -45.114154 6.591561 0.000000
vt -45.157019 6.775762 0.000000
vt -45.105600 6.596974 0.000000
vt -45.096864 6.602087 0.000000
vt 8.244749 45.523471 0.000000
vt 8.015589 45.547137 0.000000
vt 8.021904 45.470604 0.000000
vt -45.355386 7.800493 0.000000
vt -45.380337 7.576320 0.000000
vt -45.306198 7.548483 0.000000
vt -45.233743 7.421684 0.000000
vt -45.261909 7.228727 0.000000
vt -45.212310 7.174064 0.000000
vt -45.044290 6.963406 0.000000
vt -45.040728 6.762581 0.000000
vt -44.998094 6.786427 0.000000
vt 8.244999 45.531058 0.000000
vt 8.462283 45.581127 0.000000
vt 8.217649 45.615723 0.000000
vt -45.481106 8.626639 0.000000
vt -45.436038 8.783398 0.000000
vt -45.505685 8.868567 0.000000
vt 8.218060 45.535088 0.000000
vt 8.462686 45.500431 0.000000
vt 8.448988 45.577405 0.000000
vt -45.567097 7.965017 0.000000
vt -45.527439 8.065081 0.000000
vt -45.576773 8.331375 0.000000
vt 45.186916 7.959552 0.000000
vt 45.100041 8.097504 0.000000
vt 45.094861 7.767244 0.000000
vt -8.634570 45.571319 0.000000
vt -8.333298 45.513191 0.000000
vt -8.392382 45.607175 0.000000
vt 45.272185 9.336220 0.000000
vt 45.232745 9.028181 0.000000
vt 45.307929 9.142908 0.000000
vt 42.728125 9.774963 0.000000
vt 42.767807 9.582420 0.000000
vt 42.813860 9.869844 0.000000
vt 44.221897 7.730442 0.000000
vt 44.122751 7.723716 0.000000
vt 44.189509 7.397134 0.000000
vt 44.089737 6.813421 0.000000
vt 44.157009 6.813899 0.000000
vt 44.133564 7.131957 0.000000
vt 44.196531 7.750693 0.000000
vt 44.188760 7.401088 0.000000
vt 44.263375 7.424129 0.000000
vt 43.731066 6.303474 0.000000
vt 43.751375 6.297962 0.000000
vt 43.787079 6.597186 0.000000
vt 43.771213 6.291097 0.000000
vt 43.790484 6.282914 0.000000
vt -45.024737 6.719939 0.000000
vt -44.964168 6.546407 0.000000
vt -44.982108 6.743796 0.000000
vt -44.963752 6.546640 0.000000
vt -44.963336 6.546872 0.000000
vt -44.962919 6.547103 0.000000
vt -44.450964 6.328244 0.000000
vt -44.442068 6.332930 0.000000
vt -44.471360 6.524814 0.000000
vt -44.433018 6.337313 0.000000
vt -44.423825 6.341387 0.000000
vt -45.273996 8.149413 0.000000
vt -45.361918 8.115299 0.000000
vt -45.308190 7.892660 0.000000
vt -44.751769 7.720301 0.000000
vt -44.834530 7.711547 0.000000
vt -44.784232 7.459756 0.000000
vt -44.642530 7.193837 0.000000
vt -44.619527 6.946358 0.000000
vt -44.574752 6.987370 0.000000
vt -44.519932 6.905030 0.000000
vt -44.564689 6.863999 0.000000
vt -44.517563 6.687265 0.000000
vt 8.533924 45.503837 0.000000
vt 8.462694 45.587121 0.000000
vt 8.245407 45.537061 0.000000
vt -45.300856 8.985599 0.000000
vt -45.335153 9.216478 0.000000
vt -45.370298 9.070936 0.000000
vt 8.454190 45.538693 0.000000
vt 8.641604 45.586950 0.000000
vt 8.440308 45.615635 0.000000
vt 8.516673 45.720047 0.000000
vt 8.662672 45.686850 0.000000
vt 8.783494 45.766445 0.000000
vt 44.760897 7.840362 0.000000
vt 44.685507 7.612173 0.000000
vt 44.771757 7.473830 0.000000
vt 44.171058 7.822859 0.000000
vt 44.068056 7.836446 0.000000
vt 44.163708 7.492640 0.000000
vt 45.466863 8.239048 0.000000
vt 45.391441 8.304750 0.000000
vt 45.405878 7.938341 0.000000
vt -8.702193 45.699797 0.000000
vt -8.636884 45.620520 0.000000
vt -8.394693 45.656350 0.000000
vt 42.579751 10.229372 0.000000
vt 42.549387 9.963104 0.000000
vt 42.635046 10.058053 0.000000
vt 44.139432 7.873950 0.000000
vt 44.136070 7.523449 0.000000
vt 44.235216 7.530181 0.000000
vt 43.225074 7.087828 0.000000
vt 43.255287 6.766886 0.000000
vt 43.300329 7.085252 0.000000
vt 43.209197 7.649177 0.000000
vt 43.135164 7.587109 0.000000
vt 43.200422 7.299596 0.000000
vt 42.956470 6.287813 0.000000
vt 42.956893 6.287717 0.000000
vt 42.940912 6.601473 0.000000
vt 42.957316 6.287620 0.000000
vt 42.957740 6.287523 0.000000
vt 43.014902 6.581012 0.000000
vt -44.110674 6.490871 0.000000
vt -44.062589 6.307587 0.000000
vt -44.063357 6.484875 0.000000
vt -44.062151 6.307770 0.000000
vt -44.061713 6.307953 0.000000
vt -44.061274 6.308135 0.000000
vt -45.248595 8.128810 0.000000
vt -45.279470 7.840032 0.000000
vt -45.191581 7.874230 0.000000
vt -44.800478 7.962879 0.000000
vt -44.833981 7.706035 0.000000
vt -44.751220 7.714790 0.000000
vt -44.304713 7.570325 0.000000
vt -44.336634 7.309713 0.000000
vt -44.258535 7.324181 0.000000
vt -44.241994 7.228177 0.000000
vt -44.320092 7.213703 0.000000
vt -44.251890 7.007376 0.000000
vt -44.105249 6.775814 0.000000
vt -44.102219 6.558057 0.000000
vt -44.054901 6.552064 0.000000
vt 8.752065 45.522742 0.000000
vt 8.455477 45.540884 0.000000
vt 8.526637 45.457539 0.000000
vt 8.441936 45.523245 0.000000
vt 8.643223 45.494497 0.000000
vt 8.672403 45.560208 0.000000
vt 8.456815 45.580763 0.000000
vt 8.753404 45.562628 0.000000
vt 8.644244 45.628961 0.000000
vt 8.674694 45.700797 0.000000
vt 8.877409 45.663339 0.000000
vt 8.795558 45.780328 0.000000
vt 44.857335 7.886315 0.000000
vt 44.847216 7.643875 0.000000
vt 44.922148 7.872214 0.000000
vt 44.058274 7.602443 0.000000
vt 44.004120 7.305346 0.000000
vt 44.107116 7.291711 0.000000
vt 45.494173 8.627583 0.000000
vt 45.437494 8.419886 0.000000
vt 45.512990 8.354269 0.000000
vt -8.945468 45.661213 0.000000
vt -8.641640 45.615403 0.000000
vt -8.706946 45.694683 0.000000
vt 45.189308 9.247478 0.000000
vt 45.224666 9.009229 0.000000
vt 45.258945 9.275021 0.000000
vt 37.653849 9.015489 0.000000
vt 37.710730 8.844690 0.000000
vt 37.717379 9.211259 0.000000
vt 42.631801 7.616426 0.000000
vt 42.510664 7.572379 0.000000
vt 42.626197 7.265954 0.000000
vt 42.975293 6.734897 0.000000
vt 43.049286 6.714446 0.000000
vt 43.019315 7.035411 0.000000
vt 43.243350 7.623472 0.000000
vt 43.233429 7.338549 0.000000
vt 43.308684 7.335976 0.000000
vt 43.141111 7.902362 0.000000
vt 43.183233 7.534092 0.000000
vt 43.257257 7.596169 0.000000
vt 42.486122 6.204256 0.000000
vt 42.507616 6.202992 0.000000
vt 42.534946 6.510024 0.000000
vt 42.528936 6.200349 0.000000
vt 42.549981 6.196338 0.000000
vt -43.407191 6.132473 0.000000
vt -43.386128 6.140194 0.000000
vt -43.410022 6.309204 0.000000
vt -43.364494 6.146399 0.000000
vt -43.342406 6.151052 0.000000
vt -44.987755 8.137651 0.000000
vt -45.083950 8.072692 0.000000
vt -45.026389 7.818236 0.000000
vt -44.062023 8.015049 0.000000
vt -44.158864 7.996499 0.000000
vt -44.109059 7.748519 0.000000
vt -43.337044 7.628863 0.000000
vt -43.429261 7.617082 0.000000
vt -43.382394 7.371069 0.000000
vt -43.596079 7.062624 0.000000
vt -43.605289 6.841793 0.000000
vt -43.541388 6.795014 0.000000
vt -43.603199 6.720661 0.000000
vt -43.667086 6.767458 0.000000
vt -43.616170 6.543837 0.000000
vt 8.861570 45.305487 0.000000
vt 8.755808 45.397176 0.000000
vt 8.530429 45.331802 0.000000
vt -45.460713 8.919824 0.000000
vt -45.487419 9.151981 0.000000
vt -45.526196 8.949514 0.000000
vt 8.758132 45.493385 0.000000
vt 8.881031 45.587877 0.000000
vt 8.649034 45.559819 0.000000
vt -45.506361 8.799558 0.000000
vt -45.535417 9.061679 0.000000
vt -45.623558 8.718002 0.000000
vt 44.260282 7.616280 0.000000
vt 44.199282 7.684580 0.000000
vt 44.248535 7.373913 0.000000
vt 44.985847 8.224616 0.000000
vt 44.924750 8.463395 0.000000
vt 44.921024 8.238670 0.000000
vt 42.664500 7.459123 0.000000
vt 42.596881 7.631011 0.000000
vt 42.607485 7.162562 0.000000
vt 44.278907 8.572286 0.000000
vt 44.229825 8.770267 0.000000
vt 44.220309 8.365122 0.000000
vt -8.945385 45.664473 0.000000
vt -8.914752 45.598194 0.000000
vt -8.641557 45.618666 0.000000
vt 45.427274 9.045723 0.000000
vt 45.382979 8.751478 0.000000
vt 45.452624 8.779002 0.000000
vt -45.734015 8.768170 0.000000
vt -45.645718 9.111806 0.000000
vt -45.740109 9.134748 0.000000
vt 41.921243 8.111825 0.000000
vt 41.942834 7.844773 0.000000
vt 42.005266 8.040896 0.000000
vt 42.817109 7.208112 0.000000
vt 42.770947 6.888524 0.000000
vt 42.892025 6.932733 0.000000
vt 42.082625 6.206943 0.000000
vt 42.083056 6.206933 0.000000
vt 42.059923 6.443371 0.000000
vt 42.083487 6.206922 0.000000
vt 42.083918 6.206911 0.000000
vt 42.133200 6.512606 0.000000
vt 41.618339 6.105708 0.000000
vt 41.639754 6.108550 0.000000
vt 41.660488 6.346714 0.000000
vt 41.661295 6.110068 0.000000
vt 41.682864 6.110254 0.000000
vt -43.057823 6.385881 0.000000
vt -42.989917 6.227854 0.000000
vt -43.045327 6.562739 0.000000
vt -42.989504 6.227925 0.000000
vt -42.989091 6.227995 0.000000
vt -42.988677 6.228065 0.000000
vt -44.955186 8.170568 0.000000
vt -44.976679 7.839079 0.000000
vt -44.880571 7.904165 0.000000
vt -44.001778 7.635261 0.000000
vt -44.037685 7.315528 0.000000
vt -43.940855 7.334134 0.000000
vt -43.374490 7.817544 0.000000
vt -43.421072 7.550934 0.000000
vt -43.328855 7.562717 0.000000
vt -43.060690 7.551824 0.000000
vt -43.105875 7.294001 0.000000
vt -43.027065 7.287054 0.000000
vt -43.045548 7.075354 0.000000
vt -43.124358 7.082305 0.000000
vt -43.069175 6.814797 0.000000
vt 9.058982 45.581046 0.000000
vt 8.754636 45.570215 0.000000
vt 8.860657 45.478827 0.000000
vt 9.059112 45.581222 0.000000
vt 8.877800 45.664707 0.000000
vt 8.754765 45.570392 0.000000
vt -45.415579 8.794746 0.000000
vt -45.331978 8.976005 0.000000
vt -45.444722 9.056858 0.000000
vt 44.665184 8.375537 0.000000
vt 44.599761 8.218912 0.000000
vt 44.660993 8.150820 0.000000
vt 45.511382 9.024631 0.000000
vt 45.442000 8.857873 0.000000
vt 45.504409 8.619434 0.000000
vt 44.706646 8.662076 0.000000
vt 44.709280 9.058947 0.000000
vt 44.637601 8.833395 0.000000
vt 43.909072 8.009290 0.000000
vt 43.846500 7.815777 0.000000
vt 43.923377 7.540940 0.000000
vt 45.613144 9.223806 0.000000
vt 45.535623 9.123307 0.000000
vt 45.584826 8.925355 0.000000
vt 45.636925 8.967558 0.000000
vt 45.598852 9.235476 0.000000
vt 45.570603 8.937019 0.000000
vt 45.518086 9.060830 0.000000
vt 45.555224 8.792781 0.000000
vt 45.599072 9.087092 0.000000
vt 9.044115 45.667209 0.000000
vt 9.375025 45.698785 0.000000
vt 9.067282 45.761544 0.000000
vt 42.062618 8.531346 0.000000
vt 42.014606 8.237621 0.000000
vt 42.098650 8.166717 0.000000
vt 41.550381 6.107994 0.000000
vt 41.550856 6.108074 0.000000
vt 41.527755 6.311546 0.000000
vt 41.551331 6.108152 0.000000
vt 41.551806 6.108231 0.000000
vt 41.594010 6.349227 0.000000
vt -42.905631 6.560168 0.000000
vt -42.848771 6.225529 0.000000
vt -42.845995 6.534391 0.000000
vt -42.848471 6.225579 0.000000
vt -42.848171 6.225629 0.000000
vt -42.847871 6.225678 0.000000
vt -42.524505 6.165433 0.000000
vt -42.511282 6.167320 0.000000
vt -42.523052 6.474148 0.000000
vt -42.497973 6.168674 0.000000
vt -42.484602 6.169494 0.000000
vt -44.134559 8.202080 0.000000
vt -44.248361 8.091792 0.000000
vt -44.171988 7.825888 0.000000
vt -43.357438 7.607196 0.000000
vt -43.463488 7.600924 0.000000
vt -43.401536 7.300008 0.000000
vt -42.477381 7.899134 0.000000
vt -42.587609 7.891451 0.000000
vt -42.541560 7.636699 0.000000
vt -42.137345 7.595980 0.000000
vt -42.237249 7.589563 0.000000
vt -42.203195 7.324848 0.000000
vt -42.817478 6.754859 0.000000
vt -42.757834 6.729102 0.000000
vt -42.794075 7.015437 0.000000
vt -45.383444 9.207851 0.000000
vt -45.479593 9.067326 0.000000
vt -45.377160 8.869111 0.000000
vt -45.458805 8.836586 0.000000
vt -45.482448 9.188226 0.000000
vt -45.571458 8.917566 0.000000
vt 43.339322 8.753290 0.000000
vt 43.276523 8.993823 0.000000
vt 43.273205 8.596957 0.000000
vt 44.904835 9.037161 0.000000
vt 44.974396 9.203844 0.000000
vt 44.909492 9.259009 0.000000
vt 43.382066 9.510421 0.000000
vt 43.305474 9.712133 0.000000
vt 43.310553 9.284817 0.000000
vt 41.601490 8.607803 0.000000
vt 41.614003 8.212246 0.000000
vt 41.678193 8.405229 0.000000
vt 45.430834 9.669346 0.000000
vt 45.405182 9.312573 0.000000
vt 45.482470 9.413251 0.000000
vt -9.428179 45.554882 0.000000
vt -9.129728 45.519381 0.000000
vt -9.156324 45.600259 0.000000
vt -45.258437 8.601941 0.000000
vt -45.170625 8.872992 0.000000
vt -45.293601 8.932488 0.000000
vt 9.780199 45.399407 0.000000
vt 9.041772 45.390647 0.000000
vt 9.349448 45.327561 0.000000
vt 45.126361 8.792432 0.000000
vt 45.041434 8.770309 0.000000
vt 45.083461 8.497917 0.000000
vt 35.667536 7.595507 0.000000
vt 35.581376 7.224447 0.000000
vt 35.610700 6.859218 0.000000
vt 41.194162 6.017873 0.000000
vt 41.214621 6.024587 0.000000
vt 41.234249 6.237828 0.000000
vt 41.235490 6.030055 0.000000
vt 41.256677 6.034254 0.000000
vt -42.242745 6.463648 0.000000
vt -42.203957 6.159037 0.000000
vt -42.184410 6.457332 0.000000
vt -42.203638 6.159050 0.000000
vt -42.203320 6.159062 0.000000
vt -42.203001 6.159075 0.000000
vt -42.014708 6.117374 0.000000
vt -42.000414 6.117618 0.000000
vt -41.996328 6.415645 0.000000
vt -41.986108 6.117266 0.000000
vt -41.971818 6.116319 0.000000
vt -44.921874 9.245717 0.000000
vt -44.915812 8.906973 0.000000
vt -44.801752 9.016995 0.000000
vt -43.425530 7.938463 0.000000
vt -43.461317 7.562111 0.000000
vt -43.355267 7.568384 0.000000
vt -42.482886 7.278346 0.000000
vt -42.525548 6.970956 0.000000
vt -42.415321 6.978661 0.000000
vt -42.169976 7.800846 0.000000
vt -42.234018 7.538378 0.000000
vt -42.134114 7.544796 0.000000
vt -42.243970 7.337633 0.000000
vt -42.162097 7.333827 0.000000
vt -42.178102 7.608761 0.000000
vt -42.222081 6.729015 0.000000
vt -42.176919 7.011481 0.000000
vt -42.258791 7.015290 0.000000
vt 9.348935 45.601558 0.000000
vt 8.997208 45.579233 0.000000
vt 9.137990 45.483460 0.000000
vt 44.524658 9.311317 0.000000
vt 44.587414 9.070772 0.000000
vt 44.591937 9.292622 0.000000
vt 45.145264 9.460475 0.000000
vt 45.210094 9.405224 0.000000
vt 45.153955 9.700425 0.000000
vt 44.485532 9.723215 0.000000
vt 44.486361 10.140322 0.000000
vt 44.409804 9.925252 0.000000
vt 43.848313 9.669438 0.000000
vt 43.776153 9.444669 0.000000
vt 43.852914 9.242117 0.000000
vt 43.283384 8.564104 0.000000
vt 43.360037 8.405229 0.000000
vt 43.346275 8.800744 0.000000
vt 45.375774 9.336714 0.000000
vt 45.401251 9.693499 0.000000
vt 45.320262 9.632034 0.000000
vt -9.377718 45.587910 0.000000
vt -9.121279 45.637801 0.000000
vt -9.419734 45.673264 0.000000
vt -45.221920 8.786916 0.000000
vt -45.302530 9.068225 0.000000
vt -45.344851 8.846503 0.000000
vt -45.151780 8.931142 0.000000
vt -45.271970 9.138934 0.000000
vt -45.193589 8.709323 0.000000
vt 45.156610 8.681067 0.000000
vt 45.116201 8.945358 0.000000
vt 45.071692 8.658910 0.000000
vt 42.111318 7.217065 0.000000
vt 42.143948 6.951701 0.000000
vt 42.218685 7.325228 0.000000
vt 40.875554 6.035088 0.000000
vt 40.875997 6.035249 0.000000
vt 40.851298 6.382981 0.000000
vt 40.876440 6.035409 0.000000
vt 40.876883 6.035569 0.000000
vt 40.917192 6.255483 0.000000
vt -42.169294 7.009339 0.000000
vt -42.214450 6.726872 0.000000
vt -42.156114 6.720563 0.000000
vt -41.970540 6.413787 0.000000
vt -41.946001 6.114463 0.000000
vt -41.923111 6.360281 0.000000
vt -41.945718 6.114439 0.000000
vt -41.945436 6.114414 0.000000
vt -41.945153 6.114389 0.000000
vt -44.595953 9.514223 0.000000
vt -44.693872 9.383744 0.000000
vt -44.573855 9.154967 0.000000
vt -43.237079 7.859425 0.000000
vt -43.352302 7.934982 0.000000
vt -43.281885 7.564932 0.000000
vt -41.806636 7.293935 0.000000
vt -41.928480 7.298056 0.000000
vt -41.860132 6.998548 0.000000
vt -41.261865 7.877197 0.000000
vt -41.388596 7.862252 0.000000
vt -41.352428 7.606244 0.000000
vt -41.284018 7.334352 0.000000
vt -41.193527 7.617339 0.000000
vt -41.300365 7.609266 0.000000
vt 9.497471 45.494906 0.000000
vt 9.345091 45.608093 0.000000
vt 9.134146 45.489995 0.000000
vt 44.699947 9.643749 0.000000
vt 44.707735 9.883729 0.000000
vt 44.632677 9.662475 0.000000
vt 44.661909 9.912811 0.000000
vt 44.588048 10.108639 0.000000
vt 44.586924 9.691532 0.000000
vt 43.969492 10.467740 0.000000
vt 43.887677 10.688790 0.000000
vt 43.893701 10.252398 0.000000
vt 43.065567 10.151915 0.000000
vt 43.076341 9.745599 0.000000
vt 43.148071 9.970505 0.000000
vt 41.464767 9.417090 0.000000
vt 41.484868 8.993512 0.000000
vt 41.548053 9.230074 0.000000
vt 45.308271 9.868179 0.000000
vt 45.239762 10.158032 0.000000
vt 45.227382 9.806583 0.000000
vt -9.686532 45.629168 0.000000
vt -9.344604 45.599571 0.000000
vt -9.386590 45.684941 0.000000
vt -45.278914 9.199387 0.000000
vt -45.382312 9.105672 0.000000
vt -45.302099 8.824250 0.000000
vt -45.287185 9.184278 0.000000
vt -45.417193 9.152305 0.000000
vt -45.297507 8.944222 0.000000
vt -9.649291 45.512238 0.000000
vt -9.662039 45.416833 0.000000
vt -9.362115 45.472701 0.000000
vt 40.855267 8.491230 0.000000
vt 40.821890 8.266246 0.000000
vt 40.930024 8.373643 0.000000
vt 41.011194 6.047910 0.000000
vt 41.028059 6.056859 0.000000
vt 41.038865 6.419864 0.000000
vt 41.045455 6.064893 0.000000
vt 41.063321 6.071985 0.000000
vt -41.515799 6.955504 0.000000
vt -41.604649 6.973661 0.000000
vt -41.591040 6.684904 0.000000
vt -41.536152 6.963360 0.000000
vt -41.611406 6.692764 0.000000
vt -41.563918 6.639311 0.000000
vt -41.614053 6.033594 0.000000
vt -41.599442 6.031987 0.000000
vt -41.592309 6.279513 0.000000
vt -41.584911 6.029770 0.000000
vt -41.570485 6.026948 0.000000
vt -45.109273 9.921838 0.000000
vt -45.107744 9.558482 0.000000
vt -45.010164 9.689215 0.000000
vt -43.504985 9.642402 0.000000
vt -43.638880 9.675928 0.000000
vt -43.617640 9.316621 0.000000
vt -42.492741 9.346509 0.000000
vt -42.605782 9.020861 0.000000
vt -42.490421 8.945515 0.000000
vt -41.893861 7.347618 0.000000
vt -41.936561 7.052812 0.000000
vt -41.814716 7.048686 0.000000
vt -41.212509 7.077751 0.000000
vt -41.265251 6.782229 0.000000
vt -41.138526 6.797218 0.000000
vt -41.298569 7.585181 0.000000
vt -41.191731 7.593254 0.000000
vt -41.208025 7.856140 0.000000
vt -41.422835 7.702304 0.000000
vt -41.513401 7.419340 0.000000
vt -41.424548 7.401198 0.000000
vt 9.681036 45.493509 0.000000
vt 9.306153 45.520501 0.000000
vt 9.458477 45.407238 0.000000
vt 45.223828 10.171512 0.000000
vt 45.138890 10.016337 0.000000
vt 45.211549 9.820060 0.000000
vt 44.277306 10.679999 0.000000
vt 44.358419 10.458690 0.000000
vt 44.358766 10.887335 0.000000
vt 44.134568 10.612295 0.000000
vt 44.058215 10.357717 0.000000
vt 44.139805 10.175893 0.000000
vt 42.873611 9.945526 0.000000
vt 42.956506 9.758337 0.000000
vt 42.945582 10.164649 0.000000
vt 42.219616 9.211586 0.000000
vt 42.306370 9.020504 0.000000
vt 42.286387 9.444087 0.000000
vt -9.630817 45.529240 0.000000
vt -9.340132 45.594133 0.000000
vt -9.682057 45.623768 0.000000
vt -45.212666 9.055198 0.000000
vt -45.305535 9.201401 0.000000
vt -45.315943 8.961349 0.000000
vt -45.324177 9.388673 0.000000
vt -45.348541 9.583156 0.000000
vt -45.454205 9.356785 0.000000
vt -9.713033 45.455783 0.000000
vt -9.700092 45.551162 0.000000
vt -10.034009 45.492315 0.000000
vt 44.694269 9.052160 0.000000
vt 44.747036 8.717228 0.000000
vt 44.775076 8.942940 0.000000
vt 41.403755 9.139104 0.000000
vt 41.384947 8.907608 0.000000
vt 41.459903 8.790148 0.000000
vt 41.173013 6.373910 0.000000
vt 41.276626 6.061311 0.000000
vt 41.305883 6.434380 0.000000
vt 41.277258 6.061677 0.000000
vt 41.277891 6.062041 0.000000
vt 41.278525 6.062403 0.000000
vt -41.671042 6.745617 0.000000
vt -41.694725 6.993596 0.000000
vt -41.722619 6.669557 0.000000
vt -41.194177 6.006051 0.000000
vt -41.193891 6.005989 0.000000
vt -41.216334 6.258588 0.000000
vt -41.193605 6.005927 0.000000
vt -41.193318 6.005865 0.000000
vt -41.164870 6.334724 0.000000
vt -41.288835 6.027575 0.000000
vt -41.274054 6.024012 0.000000
vt -41.260281 6.356425 0.000000
vt -41.259455 6.019823 0.000000
vt -41.245070 6.015018 0.000000
vt -44.892111 10.114466 0.000000
vt -45.006138 10.012726 0.000000
vt -44.907297 9.779989 0.000000
vt -43.519383 10.154520 0.000000
vt -43.385503 10.120934 0.000000
vt -43.500873 10.488829 0.000000
vt -41.915284 9.355836 0.000000
vt -41.913022 8.954842 0.000000
vt -41.804139 8.994251 0.000000
vt -41.263255 7.428214 0.000000
vt -41.372091 7.388679 0.000000
vt -41.292210 7.089943 0.000000
vt -40.807161 7.139869 0.000000
vt -40.935218 7.106161 0.000000
vt -40.860914 6.825713 0.000000
vt -40.428765 7.603979 0.000000
vt -40.294342 7.902725 0.000000
vt -40.445300 7.866849 0.000000
vt -40.611230 7.658222 0.000000
vt -40.706203 7.668398 0.000000
vt -40.707697 7.367291 0.000000
vt 9.846156 45.442435 0.000000
vt 9.669478 45.546178 0.000000
vt 9.446901 45.459955 0.000000
vt 45.130148 10.027304 0.000000
vt 45.215062 10.182492 0.000000
vt 45.134591 10.455926 0.000000
vt 45.082497 10.043037 0.000000
vt 45.165575 10.249730 0.000000
vt 45.058601 10.507005 0.000000
vt 43.899695 10.839079 0.000000
vt 43.908174 10.449592 0.000000
vt 43.984235 10.704259 0.000000
vt 42.060997 10.740451 0.000000
vt 42.079679 10.309429 0.000000
vt 42.151067 10.528743 0.000000
vt -10.016782 45.552914 0.000000
vt -9.663710 45.528171 0.000000
vt -9.715056 45.622642 0.000000
vt -44.868654 9.454686 0.000000
vt -44.963563 9.229156 0.000000
vt -44.869984 9.083406 0.000000
vt -44.883931 9.468779 0.000000
vt -45.004076 9.437641 0.000000
vt -44.978875 9.243265 0.000000
vt -45.484392 9.757704 0.000000
vt -45.521099 9.963480 0.000000
vt -45.590559 9.531567 0.000000
vt -9.703341 45.613778 0.000000
vt -10.024323 45.650250 0.000000
vt -10.005081 45.544111 0.000000
vt 45.152848 9.652425 0.000000
vt 45.057055 9.529517 0.000000
vt 45.138299 9.420622 0.000000
vt 39.283926 8.916799 0.000000
vt 39.242968 8.532234 0.000000
vt 39.296888 8.182925 0.000000
vt 40.866106 7.294244 0.000000
vt 40.908603 6.939174 0.000000
vt 41.041510 6.999561 0.000000
vt 40.882083 5.863903 0.000000
vt 40.897123 5.875624 0.000000
vt 40.826066 6.209282 0.000000
vt 40.912887 5.886524 0.000000
vt 40.929317 5.896563 0.000000
vt -40.698695 7.103109 0.000000
vt -40.822730 6.998926 0.000000
vt -40.798566 6.750994 0.000000
vt -41.220705 6.012743 0.000000
vt -41.220129 6.012537 0.000000
vt -41.235944 6.354149 0.000000
vt -41.195390 6.360453 0.000000
vt -45.109746 10.455403 0.000000
vt -45.132723 10.056425 0.000000
vt -45.018874 10.158363 0.000000
vt -43.755203 10.356959 0.000000
vt -43.639359 9.989213 0.000000
vt -43.651305 10.406414 0.000000
vt -42.095368 9.196024 0.000000
vt -42.239355 9.255334 0.000000
vt -42.128202 8.893752 0.000000
vt -40.877854 7.326399 0.000000
vt -40.906248 6.988080 0.000000
vt -40.778196 7.021803 0.000000
vt -40.153614 6.588872 0.000000
vt -40.002683 6.624860 0.000000
vt -40.100744 6.903178 0.000000
vt -40.564391 8.035564 0.000000
vt -40.698891 7.736852 0.000000
vt -40.603917 7.726676 0.000000
vt -41.187231 7.868115 0.000000
vt -41.283823 7.577225 0.000000
vt -41.159727 7.681337 0.000000
vt 9.879384 45.489949 0.000000
vt 10.073944 45.587370 0.000000
vt 9.702716 45.593711 0.000000
vt 45.081760 10.482868 0.000000
vt 45.162472 10.209506 0.000000
vt 45.183088 10.562843 0.000000
vt 44.631445 10.447372 0.000000
vt 44.739038 10.190356 0.000000
vt 44.750670 10.604296 0.000000
vt 43.030602 10.809976 0.000000
vt 42.973685 10.480691 0.000000
vt 43.058830 10.346252 0.000000
vt 42.879869 10.908734 0.000000
vt 42.969136 10.696687 0.000000
vt 42.958247 11.086114 0.000000
vt -45.099146 9.863672 0.000000
vt -44.978979 9.894725 0.000000
vt -45.047297 10.096355 0.000000
vt -44.473553 9.779576 0.000000
vt -44.435059 9.574127 0.000000
vt -44.383917 9.806967 0.000000
vt -45.672866 10.743195 0.000000
vt -45.713129 10.010312 0.000000
vt -45.639484 10.441530 0.000000
vt -10.077375 45.531171 0.000000
vt -10.096608 45.637312 0.000000
vt -10.399468 45.563752 0.000000
vt 44.601542 10.110193 0.000000
vt 44.568503 9.798162 0.000000
vt 44.664670 9.920778 0.000000
vt 42.404507 9.087565 0.000000
vt 42.306981 8.892568 0.000000
vt 42.368212 8.702531 0.000000
vt 40.819297 7.285833 0.000000
vt 40.656909 7.213054 0.000000
vt 40.861771 6.930759 0.000000
vt 40.814890 7.234075 0.000000
vt 40.698943 7.183000 0.000000
vt 40.874270 6.888272 0.000000
vt 40.584436 6.135542 0.000000
vt 40.599589 5.750445 0.000000
vt 40.640165 5.790117 0.000000
vt -41.283782 6.948295 0.000000
vt -41.224126 7.294019 0.000000
vt -41.324338 6.942000 0.000000
vt -41.056018 5.978097 0.000000
vt -41.038236 5.971179 0.000000
vt -41.031469 6.326027 0.000000
vt -41.020906 5.963331 0.000000
vt -41.004089 5.954581 0.000000
vt -45.172474 10.400078 0.000000
vt -45.290667 10.259773 0.000000
vt -45.198806 9.963036 0.000000
vt -43.039490 10.125843 0.000000
vt -42.922430 10.416782 0.000000
vt -43.050270 10.543076 0.000000
vt -43.728330 10.539770 0.000000
vt -43.799894 10.926910 0.000000
vt -43.832207 10.490271 0.000000
vt -41.876775 10.143961 0.000000
vt -41.994771 9.853400 0.000000
vt -41.850799 9.794056 0.000000
vt -40.810320 9.039071 0.000000
vt -40.843028 8.736784 0.000000
vt -40.708777 8.779240 0.000000
vt -40.304716 7.446366 0.000000
vt -40.438930 7.403795 0.000000
vt -40.338741 7.099373 0.000000
vt -40.038796 6.617578 0.000000
vt -40.009425 6.963804 0.000000
vt -40.136816 6.895909 0.000000
vt -39.495115 7.715054 0.000000
vt -39.592582 7.875068 0.000000
vt -39.631834 7.566146 0.000000
vt -39.971939 8.165058 0.000000
vt -40.108695 8.016185 0.000000
vt -40.081140 7.829414 0.000000
vt -45.339197 10.256119 0.000000
vt -45.450305 10.017140 0.000000
vt -45.352279 9.822884 0.000000
vt 45.340021 10.486814 0.000000
vt 45.327462 10.072902 0.000000
vt 45.429033 10.152568 0.000000
vt 44.892864 10.695919 0.000000
vt 44.877736 10.247916 0.000000
vt 44.997013 10.404800 0.000000
vt 43.619442 10.560370 0.000000
vt 43.693048 10.278699 0.000000
vt 43.750575 10.607877 0.000000
vt 44.066874 10.612088 0.000000
vt 44.060662 10.153401 0.000000
vt 44.140088 10.330314 0.000000
vt -44.917127 10.119358 0.000000
vt -44.848707 9.917762 0.000000
vt -44.839982 10.298887 0.000000
vt -44.456715 10.265250 0.000000
vt -44.528653 9.976364 0.000000
vt -44.439011 10.003735 0.000000
vt -44.888351 10.430584 0.000000
vt -44.996605 10.443152 0.000000
vt -44.960640 10.141785 0.000000
vt 45.432704 9.908442 0.000000
vt 45.464324 10.220620 0.000000
vt 45.360021 10.211514 0.000000
vt 45.428340 10.465145 0.000000
vt 45.517038 10.130816 0.000000
vt 45.549243 10.452946 0.000000
vt 41.805447 9.315880 0.000000
vt 41.846508 9.045377 0.000000
vt 41.944438 9.240170 0.000000
vt 40.204323 8.518275 0.000000
vt 40.230997 8.162268 0.000000
vt 40.393388 8.235038 0.000000
vt 40.616901 7.181305 0.000000
vt 40.730210 6.824083 0.000000
vt 40.821746 6.898998 0.000000
vt 40.393563 8.273273 0.000000
vt 40.386854 7.886521 0.000000
vt 40.502813 7.937570 0.000000
vt 41.273808 6.206941 0.000000
vt 41.380026 5.895200 0.000000
vt 41.365239 6.281984 0.000000
vt 41.380503 5.895778 0.000000
vt 41.380982 5.896355 0.000000
vt 41.381463 5.896931 0.000000
vt -41.126588 7.270185 0.000000
vt -41.186186 6.924451 0.000000
vt -41.051901 6.953250 0.000000
vt -41.035658 5.956532 0.000000
vt -41.035116 5.956230 0.000000
vt -41.063000 6.327981 0.000000
vt -41.034574 5.955927 0.000000
vt -41.034033 5.955623 0.000000
vt -40.928723 6.356822 0.000000
vt -40.855266 5.883085 0.000000
vt -40.838834 5.873270 0.000000
vt -40.750199 6.284348 0.000000
vt -40.823049 5.862602 0.000000
vt -40.807967 5.851119 0.000000
vt -44.891157 10.575059 0.000000
vt -44.907422 10.141931 0.000000
vt -44.788692 10.281781 0.000000
vt -42.872696 10.984438 0.000000
vt -42.932626 10.679552 0.000000
vt -42.804854 10.553190 0.000000
vt -43.544712 11.039346 0.000000
vt -43.473757 10.652094 0.000000
vt -43.414723 10.957155 0.000000
vt -41.480080 10.205779 0.000000
vt -41.454381 9.855854 0.000000
vt -41.331204 9.967823 0.000000
vt -40.594733 9.185513 0.000000
vt -40.717972 9.073612 0.000000
vt -40.616419 8.813785 0.000000
vt -40.220380 7.069911 0.000000
vt -40.092967 7.137765 0.000000
vt -40.186507 7.416919 0.000000
vt -39.194435 6.413549 0.000000
vt -39.025341 6.599342 0.000000
vt -39.166218 6.759871 0.000000
vt -40.072184 7.699707 0.000000
vt -40.241860 7.514446 0.000000
vt -40.144550 7.354336 0.000000
vt -40.496157 8.331734 0.000000
vt -40.605328 7.996081 0.000000
vt -40.418056 8.056810 0.000000
vt -45.518645 10.085746 0.000000
vt -45.407362 10.324644 0.000000
vt -45.508648 10.466840 0.000000
vt 44.356264 10.635312 0.000000
vt 44.443746 10.256648 0.000000
vt 44.458933 10.704650 0.000000
vt 45.037970 10.746500 0.000000
vt 45.142111 10.455377 0.000000
vt 45.123310 10.885649 0.000000
vt 43.839380 10.498460 0.000000
vt 43.795580 10.072272 0.000000
vt 43.926719 10.119764 0.000000
vt -44.696991 10.211822 0.000000
vt -44.791444 10.293788 0.000000
vt -44.774043 10.032252 0.000000
vt -44.899771 10.592671 0.000000
vt -45.008175 10.341864 0.000000
vt -44.899921 10.329291 0.000000
vt 45.456359 10.316226 0.000000
vt 45.411147 10.586066 0.000000
vt 45.352055 10.307126 0.000000
vt 45.494635 10.800005 0.000000
vt 45.425604 10.443644 0.000000
vt 45.546508 10.431450 0.000000
vt 42.482055 10.814149 0.000000
vt 42.449587 10.589358 0.000000
vt 42.588689 10.513853 0.000000
vt 39.800684 8.148835 0.000000
vt 39.773845 8.504830 0.000000
vt 39.470626 8.844806 0.000000
vt 39.874562 8.287261 0.000000
vt 39.678734 8.183677 0.000000
vt 39.867901 7.900508 0.000000
vt -43.013273 7.644787 0.000000
vt -43.028262 7.589150 0.000000
vt -42.914669 7.946282 0.000000
vt 40.379606 5.753499 0.000000
vt 40.452104 5.395220 0.000000
vt 40.484729 5.441387 0.000000
vt -20.719653 -0.976623 0.000000
vt -20.718400 -0.977521 0.000000
vt -20.687331 -0.613303 0.000000
vt -40.226052 7.460146 0.000000
vt -40.413319 7.399404 0.000000
vt -40.338313 7.082544 0.000000
vt -41.565914 6.061925 0.000000
vt -41.565414 6.061511 0.000000
vt -41.507024 6.495002 0.000000
vt -41.564915 6.061097 0.000000
vt -41.564417 6.060681 0.000000
vt -41.416346 6.333351 0.000000
vt -45.168470 10.520680 0.000000
vt -45.271696 10.397692 0.000000
vt -45.168919 10.104524 0.000000
vt -42.433105 11.025527 0.000000
vt -42.544970 11.100038 0.000000
vt -42.477804 10.668684 0.000000
vt -44.014390 10.408594 0.000000
vt -44.118118 10.079315 0.000000
vt -43.987973 9.997369 0.000000
vt -41.243544 10.398194 0.000000
vt -41.385983 10.271481 0.000000
vt -41.237153 10.033496 0.000000
vt -40.197125 8.782101 0.000000
vt -40.054618 8.847522 0.000000
vt -40.175505 9.153833 0.000000
vt -39.553734 7.250757 0.000000
vt -39.505341 7.595303 0.000000
vt -39.647783 7.529740 0.000000
vt -38.788271 7.048451 0.000000
vt -38.647182 6.888108 0.000000
vt -38.740699 7.393111 0.000000
vt -38.663338 7.203479 0.000000
vt -38.834414 7.330518 0.000000
vt -38.905839 6.984952 0.000000
vt -39.416377 8.597129 0.000000
vt -39.651852 8.592658 0.000000
vt -39.573907 8.317688 0.000000
vt -45.445096 10.498187 0.000000
vt -45.343758 10.356029 0.000000
vt -45.376015 10.753208 0.000000
vt 44.461701 10.951241 0.000000
vt 44.430526 10.527235 0.000000
vt 44.533192 10.596580 0.000000
vt 45.421335 10.866100 0.000000
vt 45.439831 10.435814 0.000000
vt 45.508903 10.792167 0.000000
vt 45.139972 10.684721 0.000000
vt 45.225309 10.823872 0.000000
vt 45.162980 11.118734 0.000000
vt 43.542285 10.508223 0.000000
vt 43.599265 10.083504 0.000000
vt 43.643154 10.509682 0.000000
vt -44.596422 10.676792 0.000000
vt -44.687173 10.403483 0.000000
vt -44.592694 10.321547 0.000000
vt -44.787129 10.734294 0.000000
vt -44.874002 10.256208 0.000000
vt -44.765738 10.507076 0.000000
vt -44.250378 10.517793 0.000000
vt -44.341229 10.507780 0.000000
vt -44.340876 10.244401 0.000000
vt 45.491104 10.590920 0.000000
vt 45.381092 10.680618 0.000000
vt 45.432152 10.311950 0.000000
vt 44.733350 10.798195 0.000000
vt 44.794210 10.404977 0.000000
vt 44.825877 10.629883 0.000000
vt 41.971234 10.716079 0.000000
vt 41.927524 10.600028 0.000000
vt 42.034045 10.299692 0.000000
vt 39.369581 8.155343 0.000000
vt 39.327529 8.430278 0.000000
vt 39.066281 8.495246 0.000000
vt 33.373777 5.632286 0.000000
vt 33.522813 5.297151 0.000000
vt 33.697629 4.933406 0.000000
vt 39.628809 8.473585 0.000000
vt 39.670842 8.198647 0.000000
vt 39.866670 8.302232 0.000000
vt 17.091463 -1.233559 0.000000
vt 17.057731 -0.870367 0.000000
vt 17.091388 -1.233601 0.000000
vt 17.047568 -0.813650 0.000000
vt 20.615420 -1.034422 0.000000
vt 20.711618 -1.420322 0.000000
vt 20.639305 -1.111465 0.000000
vt -20.901878 -1.288671 0.000000
vt -20.900620 -1.289566 0.000000
vt -20.865963 -0.868759 0.000000
vt -40.978309 7.712158 0.000000
vt -41.090818 7.334629 0.000000
vt -40.886218 7.530063 0.000000
vt -40.475546 7.076748 0.000000
vt -40.680050 6.881215 0.000000
vt -40.589031 6.719756 0.000000
vt -40.812572 5.524550 0.000000
vt -40.798099 5.512077 0.000000
vt -40.665297 5.797651 0.000000
vt -40.784450 5.498864 0.000000
vt -40.771672 5.484957 0.000000
vt -45.195756 10.838238 0.000000
vt -45.248016 10.378349 0.000000
vt -45.144789 10.501336 0.000000
vt -44.270382 10.542524 0.000000
vt -44.271046 10.126369 0.000000
vt -44.167326 10.455651 0.000000
vt -43.107715 10.373899 0.000000
vt -43.197021 10.071592 0.000000
vt -43.085026 9.997278 0.000000
vt -41.796146 11.065631 0.000000
vt -41.841835 10.708913 0.000000
vt -41.699573 10.835824 0.000000
vt -43.052493 10.358400 0.000000
vt -43.168180 10.467322 0.000000
vt -43.141806 10.056094 0.000000
vt -41.333224 10.023248 0.000000
vt -41.203657 10.204303 0.000000
vt -41.339691 10.387945 0.000000
vt -39.974056 8.878127 0.000000
vt -39.965202 9.365357 0.000000
vt -40.094953 9.184434 0.000000
vt -38.116398 6.928273 0.000000
vt -38.088987 7.644730 0.000000
vt -38.210712 7.433128 0.000000
vt -39.078585 6.681358 0.000000
vt -38.982077 6.955959 0.000000
vt -39.249505 6.808608 0.000000
vt -39.395036 8.070973 0.000000
vt -39.637789 7.852725 0.000000
vt -39.402314 7.857196 0.000000
vt -39.768769 8.777363 0.000000
vt -39.926184 8.497857 0.000000
vt -39.664406 8.663071 0.000000
vt 10.374594 45.455446 0.000000
vt 10.834514 45.403456 0.000000
vt 10.771794 45.487457 0.000000
vt -45.134529 10.649539 0.000000
vt -45.206511 10.749715 0.000000
vt -45.203408 10.394464 0.000000
vt 44.119726 10.936129 0.000000
vt 44.184977 10.530161 0.000000
vt 44.216299 10.954156 0.000000
vt 44.803282 11.040142 0.000000
vt 44.874924 10.685512 0.000000
vt 44.898063 11.119518 0.000000
vt 45.450814 11.233796 0.000000
vt 45.413403 10.858893 0.000000
vt 45.500974 10.784963 0.000000
vt 45.325223 11.158040 0.000000
vt 45.387582 10.863185 0.000000
vt 45.424979 11.238089 0.000000
vt 43.579690 10.813199 0.000000
vt 43.543748 10.405719 0.000000
vt 43.644618 10.407179 0.000000
vt -45.380196 11.204110 0.000000
vt -45.434970 10.477034 0.000000
vt -45.346897 10.954900 0.000000
vt -43.564800 10.766532 0.000000
vt -43.657540 10.691882 0.000000
vt -43.635357 10.464741 0.000000
vt -44.290548 10.999952 0.000000
vt -44.361516 10.698257 0.000000
vt -44.270665 10.708265 0.000000
vt 45.420330 10.742791 0.000000
vt 45.530364 10.653119 0.000000
vt 45.468385 11.046162 0.000000
vt 44.958073 11.096339 0.000000
vt 44.895924 10.914701 0.000000
vt 44.988541 10.746438 0.000000
vt 42.814362 10.321520 0.000000
vt 42.857907 10.437633 0.000000
vt 42.785781 10.671581 0.000000
vt 34.311812 9.410255 0.000000
vt 34.289128 9.099108 0.000000
vt 34.346581 8.681948 0.000000
vt 38.913498 6.721447 0.000000
vt 38.812768 6.992846 0.000000
vt 38.652293 6.786589 0.000000
vt 27.667135 2.354213 0.000000
vt 27.793908 2.074762 0.000000
vt 27.652755 2.413292 0.000000
vt -34.060099 5.615774 0.000000
vt -34.207035 5.327782 0.000000
vt -34.235513 5.252316 0.000000
vt 38.872468 7.317447 0.000000
vt 38.706426 7.143450 0.000000
vt 38.944111 6.971853 0.000000
vt -36.845028 5.825365 0.000000
vt -36.872491 5.753047 0.000000
vt -36.969412 5.447606 0.000000
vt -20.872024 -0.867591 0.000000
vt -20.909214 -1.286608 0.000000
vt -20.907952 -1.287501 0.000000
vt -39.544093 8.480013 0.000000
vt -39.805895 8.314836 0.000000
vt -39.713854 8.132717 0.000000
vt 13.997875 -2.975934 0.000000
vt 14.067282 -3.344044 0.000000
vt 14.060847 -3.290135 0.000000
vt -40.474850 5.329300 0.000000
vt -40.441729 5.283832 0.000000
vt -40.368879 5.642131 0.000000
vt -44.913126 10.853721 0.000000
vt -45.023994 10.867081 0.000000
vt -44.973049 10.530176 0.000000
vt -44.322205 10.734696 0.000000
vt -44.382062 10.411139 0.000000
vt -44.279008 10.324262 0.000000
vt -41.880345 10.472438 0.000000
vt -41.857881 10.095804 0.000000
vt -41.759915 10.276821 0.000000
vt -42.681523 10.701972 0.000000
vt -42.779213 10.520806 0.000000
vt -42.681851 10.291333 0.000000
vt -43.446676 10.176749 0.000000
vt -43.331008 10.067809 0.000000
vt -43.361746 10.513305 0.000000
vt -40.972034 10.394423 0.000000
vt -40.998488 10.784751 0.000000
vt -41.107965 10.578141 0.000000
vt -40.437202 9.380890 0.000000
vt -40.446139 8.893661 0.000000
vt -40.323604 9.104795 0.000000
vt -40.210752 7.261474 0.000000
vt -40.037769 7.701789 0.000000
vt -40.178865 7.977745 0.000000
vt -38.900780 6.915240 0.000000
vt -38.997207 6.640611 0.000000
vt -38.740375 6.660866 0.000000
vt -38.938109 6.867858 0.000000
vt -39.034068 7.161379 0.000000
vt -39.205514 6.720463 0.000000
vt -38.849087 8.072924 0.000000
vt -39.105923 8.052730 0.000000
vt -39.113155 7.838951 0.000000
vt -39.276676 9.118777 0.000000
vt -39.475280 9.061063 0.000000
vt -39.370973 8.946719 0.000000
vt -45.470198 11.213334 0.000000
vt -45.492148 10.777761 0.000000
vt -45.408147 10.840482 0.000000
vt -44.989027 11.162949 0.000000
vt -45.082739 10.827518 0.000000
vt -45.010728 10.727363 0.000000
vt 44.176800 11.283317 0.000000
vt 44.131939 10.870426 0.000000
vt 44.228512 10.888454 0.000000
vt 44.851602 10.984705 0.000000
vt 44.946377 11.064087 0.000000
vt 44.885435 11.410179 0.000000
vt 45.366729 11.191568 0.000000
vt 45.416573 10.742700 0.000000
vt 45.464634 11.046070 0.000000
vt 45.340884 11.139046 0.000000
vt 45.440639 11.219096 0.000000
vt 45.359091 11.562626 0.000000
vt 43.384209 10.759012 0.000000
vt 43.441599 10.407698 0.000000
vt 43.477608 10.815172 0.000000
vt -44.362246 11.358903 0.000000
vt -44.455121 11.241636 0.000000
vt -44.421322 10.992494 0.000000
vt -43.719192 11.220520 0.000000
vt -43.777988 10.854065 0.000000
vt -43.685231 10.928695 0.000000
vt -44.677484 11.049474 0.000000
vt -44.790629 11.005695 0.000000
vt -44.771010 10.713991 0.000000
vt 44.735926 11.408909 0.000000
vt 44.767772 10.946349 0.000000
vt 44.829974 11.127969 0.000000
vt 40.246580 9.549783 0.000000
vt 40.316868 9.315277 0.000000
vt 40.334416 9.626755 0.000000
vt 38.990198 7.082915 0.000000
vt 39.091085 6.811576 0.000000
vt 39.256940 6.985752 0.000000
vt 38.990171 6.875669 0.000000
vt 38.777402 7.035284 0.000000
vt 38.829823 6.669313 0.000000
vt 27.619729 2.326110 0.000000
vt 27.663092 2.209054 0.000000
vt 27.746438 2.046630 0.000000
vt -38.346060 7.052400 0.000000
vt -38.403233 6.761822 0.000000
vt -38.386216 6.820197 0.000000
vt 7.256091 39.583515 0.000000
vt 7.244290 39.590488 0.000000
vt 6.964224 39.722592 0.000000
vt 26.503614 1.008356 0.000000
vt 26.659246 0.654502 0.000000
vt 26.635063 0.727982 0.000000
vt -41.912346 5.920635 0.000000
vt -41.912307 5.920565 0.000000
vt -41.837159 6.279236 0.000000
vt -41.822827 6.331602 0.000000
vt -20.599466 -0.664550 0.000000
vt -20.632345 -1.028698 0.000000
vt -20.631082 -1.029581 0.000000
vt -44.988466 11.139141 0.000000
vt -45.036872 10.759769 0.000000
vt -44.926004 10.746408 0.000000
vt -44.040097 10.754261 0.000000
vt -43.996802 10.343836 0.000000
vt -43.911668 10.680341 0.000000
vt -42.696953 10.116055 0.000000
vt -42.798763 9.924962 0.000000
vt -42.678429 9.729285 0.000000
vt -40.862462 10.475426 0.000000
vt -40.752863 10.681972 0.000000
vt -40.860271 10.886059 0.000000
vt -43.069798 10.516495 0.000000
vt -43.038882 10.071011 0.000000
vt -42.937001 10.262067 0.000000
vt -41.314015 10.729498 0.000000
vt -41.287235 10.339193 0.000000
vt -41.172555 10.779305 0.000000
vt -39.022229 10.367710 0.000000
vt -39.138477 9.928010 0.000000
vt -39.024979 9.651873 0.000000
vt -39.479529 7.933006 0.000000
vt -39.341212 8.357318 0.000000
vt -39.621048 8.208746 0.000000
vt -38.703878 7.018965 0.000000
vt -38.916062 6.907529 0.000000
vt -38.755672 6.653146 0.000000
vt -38.850734 6.884564 0.000000
vt -38.770424 7.216502 0.000000
vt -38.946788 7.178054 0.000000
vt -38.853255 8.077775 0.000000
vt -39.117324 7.843803 0.000000
vt -38.918708 7.901473 0.000000
vt -31.999717 -7.347006 0.000000
vt -32.021662 -7.541979 0.000000
vt -32.018872 -7.528558 0.000000
vt -45.360014 11.220311 0.000000
vt -45.470739 11.213829 0.000000
vt -45.408693 10.840975 0.000000
vt 43.993349 11.299220 0.000000
vt 44.039100 10.873185 0.000000
vt 44.084032 11.286068 0.000000
vt 44.623816 11.378871 0.000000
vt 44.675845 10.984050 0.000000
vt 44.709820 11.409513 0.000000
vt 45.139311 11.477334 0.000000
vt 45.200418 11.131271 0.000000
vt 45.218756 11.554845 0.000000
vt 45.455111 11.528270 0.000000
vt 45.389740 11.211248 0.000000
vt 45.487655 11.065758 0.000000
vt 45.389282 11.574998 0.000000
vt 45.470867 11.231477 0.000000
vt 45.457503 11.666294 0.000000
vt 43.458759 11.198365 0.000000
vt 43.410699 10.716121 0.000000
vt 43.504096 10.772285 0.000000
vt -44.029606 11.234152 0.000000
vt -44.088301 10.912810 0.000000
vt -43.995511 11.030144 0.000000
vt -43.646624 11.212021 0.000000
vt -43.722998 11.220305 0.000000
vt -43.689039 10.928480 0.000000
vt -44.803052 11.436905 0.000000
vt -44.845784 11.153411 0.000000
vt -44.732636 11.197182 0.000000
vt 44.712661 11.398372 0.000000
vt 44.636130 11.365482 0.000000
vt 44.730120 11.084522 0.000000
vt 39.424881 10.727369 0.000000
vt 39.439381 10.413368 0.000000
vt 39.527377 10.490156 0.000000
vt 38.912792 7.120195 0.000000
vt 38.886659 6.777719 0.000000
vt 39.153365 6.680458 0.000000
vt 38.714560 6.940230 0.000000
vt 38.927291 6.780565 0.000000
vt 38.953371 7.123045 0.000000
vt 27.625926 4.149647 0.000000
vt 27.657466 3.916118 0.000000
vt 27.620039 4.283926 0.000000
vt -38.419895 7.901070 0.000000
vt -38.485281 7.724743 0.000000
vt -38.437669 7.840137 0.000000
vt 24.389890 3.020775 0.000000
vt 24.416774 2.789249 0.000000
vt 24.432061 2.727645 0.000000
vt -44.717153 11.106890 0.000000
vt -44.830807 11.151620 0.000000
vt -44.768230 10.758905 0.000000
vt -44.073045 10.959861 0.000000
vt -44.123722 10.611817 0.000000
vt -43.995301 10.537883 0.000000
vt -41.962624 9.714714 0.000000
vt -41.841001 9.897818 0.000000
vt -41.981604 10.101462 0.000000
vt -42.285132 9.816751 0.000000
vt -42.271165 10.203721 0.000000
vt -42.392863 10.020668 0.000000
vt -43.196967 10.522675 0.000000
vt -43.316446 10.403396 0.000000
vt -43.183754 10.148913 0.000000
vt -40.944424 10.131648 0.000000
vt -40.958164 9.744669 0.000000
vt -40.816685 9.794422 0.000000
vt -40.737653 10.085142 0.000000
vt -40.933682 10.301802 0.000000
vt -40.935152 9.585961 0.000000
vt -38.890444 7.794910 0.000000
vt -38.928932 8.180980 0.000000
vt -39.066821 7.756528 0.000000
vt -39.905768 9.457136 0.000000
vt -39.987979 9.807835 0.000000
vt -40.185698 9.308741 0.000000
vt -38.837164 7.242572 0.000000
vt -38.917554 6.910654 0.000000
vt -38.705370 7.022089 0.000000
vt -38.652469 7.004229 0.000000
vt -38.704194 6.638401 0.000000
vt -38.664524 6.868081 0.000000
vt -45.405384 11.646777 0.000000
vt -45.470603 11.210735 0.000000
vt -45.359878 11.217218 0.000000
vt 44.091614 11.877127 0.000000
vt 44.014393 11.447019 0.000000
vt 44.105076 11.433868 0.000000
vt 44.654370 11.812704 0.000000
vt 44.607124 11.425472 0.000000
vt 44.693130 11.456113 0.000000
vt 45.135330 11.481261 0.000000
vt 45.214775 11.558773 0.000000
vt 45.158611 11.933778 0.000000
vt 45.331050 11.219025 0.000000
vt 45.396453 11.536040 0.000000
vt 45.317764 11.653844 0.000000
vt 45.389239 11.575122 0.000000
vt 45.457460 11.666418 0.000000
vt 45.403430 12.009840 0.000000
vt 43.460281 10.962149 0.000000
vt 43.515443 10.714296 0.000000
vt 43.563404 11.196550 0.000000
vt -45.624078 12.049322 0.000000
vt -45.699306 11.331668 0.000000
vt -45.639773 11.652855 0.000000
vt -42.565263 11.506701 0.000000
vt -42.612598 11.361983 0.000000
vt -42.577958 11.158067 0.000000
vt -43.634239 11.666751 0.000000
vt -43.710577 11.335627 0.000000
vt -43.634203 11.327344 0.000000
vt -44.690092 11.633402 0.000000
vt -44.749114 11.452469 0.000000
vt -44.678695 11.212746 0.000000
vt 44.595799 11.904334 0.000000
vt 44.586747 11.479059 0.000000
vt 44.663280 11.511944 0.000000
vt 40.520749 11.457554 0.000000
vt 40.501452 11.251004 0.000000
vt 40.604254 11.013924 0.000000
vt 39.658430 7.641664 0.000000
vt 39.900142 7.202552 0.000000
vt 39.868980 7.918959 0.000000
vt 38.656664 7.349679 0.000000
vt 38.679823 6.981738 0.000000
vt 38.918658 7.164521 0.000000
vt -38.054761 8.401318 0.000000
vt -38.097179 8.025502 0.000000
vt -38.079469 8.158738 0.000000
vt -44.797902 11.447446 0.000000
vt -44.847554 11.109592 0.000000
vt -44.733901 11.064859 0.000000
vt -44.021008 10.974016 0.000000
vt -44.126643 10.954727 0.000000
vt -44.048947 10.532741 0.000000
vt -42.131982 9.716571 0.000000
vt -42.172876 10.088791 0.000000
vt -42.272472 9.920293 0.000000
vt -43.305731 10.863140 0.000000
vt -43.333012 10.421824 0.000000
vt -43.213528 10.541099 0.000000
vt -42.563382 10.121152 0.000000
vt -42.463686 10.289590 0.000000
vt -42.577034 10.494898 0.000000
vt -42.213902 9.717373 0.000000
vt -42.086746 9.379927 0.000000
vt -42.124114 10.093932 0.000000
vt -41.513817 9.772592 0.000000
vt -41.317759 9.555959 0.000000
vt -41.294077 10.039987 0.000000
vt -39.389459 8.182141 0.000000
vt -39.351441 7.796024 0.000000
vt -39.196267 7.942979 0.000000
vt -40.394187 9.711898 0.000000
vt -40.311970 9.361201 0.000000
vt -40.118140 9.856298 0.000000
vt -38.722318 7.370905 0.000000
vt -38.877266 7.223712 0.000000
vt -38.745505 7.003210 0.000000
vt 25.516075 4.973931 0.000000
vt 25.523067 4.732500 0.000000
vt 25.529278 4.595960 0.000000
vt -45.301949 11.202439 0.000000
vt -45.236572 11.638457 0.000000
vt -45.313284 11.623096 0.000000
vt -45.203763 11.545464 0.000000
vt -45.299401 11.637187 0.000000
vt -45.253692 11.207651 0.000000
vt 43.866714 11.966226 0.000000
vt 43.855483 11.474327 0.000000
vt 43.932717 11.904433 0.000000
vt 44.397191 11.446678 0.000000
vt 44.444476 11.833906 0.000000
vt 44.383690 11.889936 0.000000
vt 44.944574 11.939189 0.000000
vt 44.882430 11.843261 0.000000
vt 44.921235 11.486675 0.000000
vt 45.303821 11.574665 0.000000
vt 45.318043 12.009382 0.000000
vt 45.247637 11.949668 0.000000
vt 45.334059 11.665199 0.000000
vt 45.412749 11.547396 0.000000
vt 45.350135 12.021278 0.000000
vt 45.436453 11.663060 0.000000
vt 45.452510 12.019140 0.000000
vt 45.382423 12.006482 0.000000
vt 35.204262 10.449129 0.000000
vt 35.189266 10.174738 0.000000
vt 35.269428 9.730492 0.000000
vt -43.576766 11.861117 0.000000
vt -43.607190 12.112835 0.000000
vt -43.624174 11.716422 0.000000
vt -43.210877 11.550482 0.000000
vt -43.274103 11.567950 0.000000
vt -43.287081 11.219326 0.000000
vt -44.483578 11.698521 0.000000
vt -44.483785 11.359114 0.000000
vt -44.424789 11.540055 0.000000
vt 45.100766 11.492344 0.000000
vt 45.109589 11.917623 0.000000
vt 45.038293 11.966244 0.000000
vt 43.151760 11.350559 0.000000
vt 43.066576 11.536493 0.000000
vt 43.133144 11.143947 0.000000
vt 39.285953 8.275990 0.000000
vt 39.359254 7.840707 0.000000
vt 39.570038 8.117823 0.000000
vt 22.587152 5.097409 0.000000
vt 22.593561 4.853659 0.000000
vt 22.588420 5.222292 0.000000
vt 39.273087 8.272505 0.000000
vt 39.084132 8.022026 0.000000
vt 39.346374 7.837219 0.000000
vt -44.585865 11.451752 0.000000
vt -44.686232 11.456293 0.000000
vt -44.622144 11.073720 0.000000
vt -44.096199 11.364042 0.000000
vt -44.132138 10.985978 0.000000
vt -44.026502 11.005265 0.000000
vt -42.249847 10.087910 0.000000
vt -42.209021 9.715683 0.000000
vt -42.119238 10.092242 0.000000
vt -43.499516 10.833582 0.000000
vt -43.592550 10.808572 0.000000
vt -43.500566 10.486468 0.000000
vt -42.802760 10.130683 0.000000
vt -42.803225 10.482733 0.000000
vt -42.915952 10.336077 0.000000
vt -41.068286 10.058035 0.000000
vt -41.029313 9.344116 0.000000
vt -40.809740 9.611648 0.000000
vt -40.248723 9.959602 0.000000
vt -40.272057 9.475557 0.000000
vt -39.996017 9.619970 0.000000
vt -38.523067 9.176853 0.000000
vt -38.716251 8.681504 0.000000
vt -38.522723 8.442613 0.000000
vt 9.145830 44.386482 0.000000
vt 8.779046 44.421226 0.000000
vt 9.019201 44.395468 0.000000
vt -45.241034 11.660735 0.000000
vt -45.300864 12.036154 0.000000
vt -45.317747 11.645374 0.000000
vt -45.247973 11.949575 0.000000
vt -45.310334 11.626487 0.000000
vt -45.214698 11.534761 0.000000
vt 44.135388 12.500597 0.000000
vt 44.058926 12.161418 0.000000
vt 44.124919 12.099614 0.000000
vt 44.518857 12.030390 0.000000
vt 44.579637 11.974354 0.000000
vt 44.600951 12.472315 0.000000
vt 44.738865 12.454151 0.000000
vt 44.717413 11.956196 0.000000
vt 44.779540 12.052134 0.000000
vt 45.216541 11.988246 0.000000
vt 45.286943 12.047965 0.000000
vt 45.245162 12.365561 0.000000
vt 45.385856 11.986965 0.000000
vt 45.455942 11.999624 0.000000
vt 45.409290 12.406710 0.000000
vt 36.411937 10.469022 0.000000
vt 36.358308 10.520525 0.000000
vt 36.397597 10.194596 0.000000
vt -43.927411 12.055673 0.000000
vt -43.990502 12.063963 0.000000
vt -43.960063 11.812247 0.000000
vt -43.172554 11.689165 0.000000
vt -43.203175 11.950063 0.000000
vt -43.235781 11.706631 0.000000
vt -44.240765 11.988537 0.000000
vt -44.316438 11.756217 0.000000
vt -44.257632 11.597757 0.000000
vt 45.001954 11.908346 0.000000
vt 45.073246 11.859720 0.000000
vt 45.022739 12.281121 0.000000
vt 43.636559 11.955849 0.000000
vt 43.594549 11.816299 0.000000
vt 43.679876 11.630431 0.000000
vt 40.007925 9.768127 0.000000
vt 39.915551 9.451041 0.000000
vt 40.199759 9.293095 0.000000
vt -41.727533 9.925277 0.000000
vt -41.757824 9.459430 0.000000
vt -41.745600 9.583719 0.000000
vt 38.487567 9.169272 0.000000
vt 38.487117 8.434567 0.000000
vt 38.676367 8.684823 0.000000
vt -44.646308 11.822416 0.000000
vt -44.683978 11.506754 0.000000
vt -44.583611 11.502213 0.000000
vt -43.980218 11.426872 0.000000
vt -44.078457 11.366111 0.000000
vt -44.008748 11.007336 0.000000
vt -42.250237 10.421683 0.000000
vt -42.249257 10.069634 0.000000
vt -42.118648 10.073967 0.000000
vt -43.600722 11.370580 0.000000
vt -43.628964 10.951024 0.000000
vt -43.535928 10.976026 0.000000
vt -43.022153 10.431890 0.000000
vt -42.909385 10.578515 0.000000
vt -43.021532 10.779005 0.000000
vt -41.802069 9.536600 0.000000
vt -42.033180 9.604909 0.000000
vt -41.775927 9.157775 0.000000
vt -41.571282 9.083795 0.000000
vt -41.319631 8.743380 0.000000
vt -41.387346 9.476999 0.000000
vt -33.300424 10.201819 0.000000
vt -33.322524 9.467911 0.000000
vt -33.299439 9.807052 0.000000
vt 39.735751 8.148082 0.000000
vt 39.741090 7.808198 0.000000
vt 39.746900 7.681384 0.000000
vt -45.252880 11.658486 0.000000
vt -45.251534 12.094192 0.000000
vt -45.312712 12.033904 0.000000
vt -45.370725 11.644521 0.000000
vt -45.308321 11.967601 0.000000
vt -45.369517 12.080227 0.000000
vt -44.888102 11.858972 0.000000
vt -44.959237 11.958119 0.000000
vt -44.925825 11.543316 0.000000
vt 43.582632 12.781502 0.000000
vt 43.551068 12.322961 0.000000
vt 43.627138 12.662228 0.000000
vt 44.380963 12.471890 0.000000
vt 44.370291 12.070912 0.000000
vt 44.452249 12.512862 0.000000
vt 44.949196 12.428185 0.000000
vt 44.880380 12.452875 0.000000
vt 44.920920 12.050844 0.000000
vt 45.396340 12.022916 0.000000
vt 45.419431 12.442680 0.000000
vt 45.354825 12.340547 0.000000
vt 45.364820 11.952614 0.000000
vt 45.385067 12.325418 0.000000
vt 45.318486 12.359736 0.000000
vt 36.721587 11.235400 0.000000
vt 36.721547 10.930999 0.000000
vt 36.775211 10.879532 0.000000
vt -43.935855 12.160243 0.000000
vt -44.019611 11.841431 0.000000
vt -43.956521 11.833139 0.000000
vt -43.328603 12.019668 0.000000
vt -43.379557 11.933447 0.000000
vt -43.348961 11.672546 0.000000
vt -44.223212 11.982520 0.000000
vt -44.278356 12.097311 0.000000
vt -44.298884 11.750199 0.000000
vt 44.650545 11.757796 0.000000
vt 44.649344 12.176666 0.000000
vt 44.600507 12.179254 0.000000
vt 44.082897 11.697979 0.000000
vt 44.124809 11.837559 0.000000
vt 44.082249 12.116850 0.000000
vt 40.338960 9.671622 0.000000
vt 40.057148 9.838736 0.000000
vt 40.246586 9.354536 0.000000
vt 40.968559 10.300349 0.000000
vt 40.778189 10.059527 0.000000
vt 40.969815 9.584411 0.000000
vt 36.330430 9.851987 0.000000
vt 36.350461 9.510539 0.000000
vt 36.329271 10.244938 0.000000
vt -44.396561 11.957780 0.000000
vt -44.462223 11.854093 0.000000
vt -44.399493 11.533897 0.000000
vt -44.172781 11.953667 0.000000
vt -44.175688 11.529784 0.000000
vt -44.077443 11.590535 0.000000
vt -42.447482 10.717260 0.000000
vt -42.492092 10.355942 0.000000
vt -42.360736 10.008138 0.000000
vt -43.674230 10.964445 0.000000
vt -43.623802 11.144692 0.000000
vt -43.738920 11.359015 0.000000
vt -42.991560 10.540417 0.000000
vt -43.053485 10.921247 0.000000
vt -43.103663 10.740931 0.000000
vt -41.809790 9.865579 0.000000
vt -42.034334 9.601050 0.000000
vt -41.803224 9.532740 0.000000
vt -41.691937 9.525062 0.000000
vt -41.665618 9.146249 0.000000
vt -41.481526 9.539380 0.000000
vt -36.155950 9.184765 0.000000
vt -36.194996 9.459328 0.000000
vt -36.116940 8.726737 0.000000
vt -4.556244 10.330871 0.000000
vt -4.558133 10.310101 0.000000
vt -4.560299 9.915339 0.000000
vt -45.250922 11.966590 0.000000
vt -45.189748 12.026882 0.000000
vt -45.225209 12.366058 0.000000
vt -45.232578 12.015312 0.000000
vt -45.267039 12.441581 0.000000
vt -45.293755 12.127948 0.000000
vt -44.821395 12.333674 0.000000
vt -44.860400 12.030881 0.000000
vt -44.789270 11.931731 0.000000
vt 42.427375 11.403629 0.000000
vt 42.424024 11.708011 0.000000
vt 42.385924 11.683086 0.000000
vt -42.734180 11.727578 0.000000
vt -42.763016 11.810605 0.000000
vt -42.817122 11.408554 0.000000
vt -42.989561 11.801140 0.000000
vt -43.020268 12.042032 0.000000
vt -43.040483 11.714901 0.000000
vt -44.528861 12.273594 0.000000
vt -44.554289 11.976259 0.000000
vt -44.499180 11.861451 0.000000
vt 40.376659 10.149682 0.000000
vt 40.083196 9.882757 0.000000
vt 40.365009 9.715644 0.000000
vt 41.421635 9.934580 0.000000
vt 41.242845 10.127839 0.000000
vt 41.231210 9.693801 0.000000
vt -32.514027 10.318471 0.000000
vt -32.514443 9.902919 0.000000
vt -32.512534 10.295868 0.000000
vt -44.659760 12.356330 0.000000
vt -44.627725 11.954379 0.000000
vt -44.562072 12.058072 0.000000
vt -43.907363 12.080248 0.000000
vt -43.986889 12.002470 0.000000
vt -43.891551 11.639338 0.000000
vt -43.236150 10.913493 0.000000
vt -43.174426 10.532631 0.000000
vt -43.129064 10.893855 0.000000
vt -42.803190 10.645764 0.000000
vt -42.991292 10.727754 0.000000
vt -42.905856 10.018473 0.000000
vt -43.458698 11.223116 0.000000
vt -43.485887 11.557335 0.000000
vt -43.573874 11.437408 0.000000
vt -41.989165 10.054623 0.000000
vt -42.112883 10.417817 0.000000
vt -42.213902 9.790258 0.000000
vt -41.480885 9.529469 0.000000
vt -41.698021 9.847986 0.000000
vt -41.691296 9.515150 0.000000
vt 38.564163 9.036536 0.000000
vt 38.662025 9.635840 0.000000
vt 38.601778 9.311299 0.000000
vt -44.022560 10.819031 0.000000
vt -44.007873 10.359580 0.000000
vt -44.007634 10.380434 0.000000
vt 12.073018 45.395260 0.000000
vt 12.386687 45.368974 0.000000
vt 12.412248 45.430201 0.000000
vt -44.645809 12.263848 0.000000
vt -44.700488 12.276497 0.000000
vt -44.670951 11.864344 0.000000
vt -45.181402 12.463624 0.000000
vt -45.147087 12.037343 0.000000
vt -45.108280 12.340162 0.000000
vt -43.357739 12.076109 0.000000
vt -43.413064 12.019631 0.000000
vt -43.382516 11.778719 0.000000
vt 40.856261 10.060327 0.000000
vt 40.638190 9.539697 0.000000
vt 40.816867 9.346334 0.000000
vt -4.466767 12.246269 0.000000
vt -4.432491 12.706341 0.000000
vt -4.467684 12.268903 0.000000
vt -44.317062 12.612519 0.000000
vt -44.370202 12.473926 0.000000
vt -44.272682 12.175613 0.000000
vt -44.231694 12.629992 0.000000
vt -44.187403 12.193076 0.000000
vt -44.107897 12.270874 0.000000
vt -43.841642 11.641645 0.000000
vt -43.753636 11.761559 0.000000
vt -43.857449 12.082555 0.000000
vt -43.205377 11.566486 0.000000
vt -43.178081 11.232276 0.000000
vt -43.070993 11.212650 0.000000
vt -42.651130 10.987388 0.000000
vt -42.767411 11.506119 0.000000
vt -42.839266 11.069300 0.000000
vt -42.731857 10.318148 0.000000
vt -42.609169 9.954606 0.000000
vt -42.539520 10.364571 0.000000
vt -41.913979 10.112006 0.000000
vt -41.982253 9.701810 0.000000
vt -41.765546 9.383001 0.000000
vt -44.076138 10.196943 0.000000
vt -43.998613 9.594670 0.000000
vt -44.026623 9.869417 0.000000
vt 10.861952 44.351836 0.000000
vt 11.268930 44.428677 0.000000
vt 10.534662 44.308963 0.000000
vt 28.215124 10.106595 0.000000
vt 28.173085 9.833642 0.000000
vt 28.131351 9.374187 0.000000
vt -44.015918 12.706816 0.000000
vt -44.102039 12.687860 0.000000
vt -43.978361 12.328702 0.000000
vt -43.546182 11.832851 0.000000
vt -43.540036 12.178421 0.000000
vt -43.649961 12.153858 0.000000
vt -42.465988 11.841286 0.000000
vt -42.331548 11.487471 0.000000
vt -42.459618 12.186851 0.000000
vt -43.381705 11.426026 0.000000
vt -43.266155 10.907132 0.000000
vt -43.174684 11.313719 0.000000
vt -43.577398 11.692568 0.000000
vt -43.777669 11.955244 0.000000
vt -43.649763 11.255834 0.000000
vt -42.735421 11.152383 0.000000
vt -42.826330 10.745671 0.000000
vt -42.633974 10.792014 0.000000
vt 42.629393 10.148399 0.000000
vt 42.538953 9.744978 0.000000
vt 42.483969 9.418327 0.000000
vt -10.846757 44.475209 0.000000
vt -11.378704 44.580651 0.000000
vt -11.253749 44.551973 0.000000
vt -43.704149 12.387225 0.000000
vt -43.594226 12.411798 0.000000
vt -43.741427 12.765367 0.000000
vt -43.032543 12.150613 0.000000
vt -43.118170 11.905489 0.000000
vt -42.911116 11.793243 0.000000
vt -43.039597 12.112126 0.000000
vt -43.181549 12.650538 0.000000
vt -43.239794 12.374858 0.000000
vt -32.963907 18.729571 0.000000
vt -32.993735 18.974033 0.000000
vt -32.954644 18.601703 0.000000
vt -39.705394 15.556961 0.000000
vt -39.645749 15.017954 0.000000
vt -39.686087 15.429415 0.000000
vt -43.545699 12.530181 0.000000
vt -43.403421 11.991856 0.000000
vt -43.317862 12.237004 0.000000
vt -37.328855 17.569807 0.000000
vt -37.367423 17.729646 0.000000
vt -37.286276 17.361036 0.000000
vt 42.455516 13.764745 0.000000
vt 42.563320 14.211150 0.000000
vt 42.508548 14.005242 0.000000
vt 43.319284 13.417149 0.000000
vt 43.264646 13.177655 0.000000
vt 43.239609 13.051110 0.000000
vt 44.318627 11.735665 0.000000
vt 44.490251 12.206180 0.000000
vt 44.373428 11.890690 0.000000
vt -37.177254 17.514957 0.000000
vt -37.096146 17.062939 0.000000
vt -37.133252 17.305767 0.000000
vt -36.988896 18.466359 0.000000
vt -36.870102 17.979812 0.000000
vt -36.906461 18.139660 0.000000
vt -12.043783 44.737684 0.000000
vt -11.888674 44.684633 0.000000
vt -11.684829 44.620263 0.000000
vt 43.636509 11.266259 0.000000
vt 43.764509 11.965758 0.000000
vt 43.572637 11.736574 0.000000
vt 42.947042 11.233539 0.000000
vt 43.139370 11.172533 0.000000
vt 43.075775 11.642886 0.000000
vt 43.208764 12.679952 0.000000
vt 43.072516 12.165972 0.000000
vt 43.264313 12.395218 0.000000
vt 41.735479 12.002144 0.000000
vt 41.751237 12.350038 0.000000
vt 41.623519 11.650487 0.000000
vt 42.692230 10.141965 0.000000
vt 42.953853 10.544038 0.000000
vt 42.761559 10.605153 0.000000
vt 43.255092 11.157857 0.000000
vt 43.383606 11.567272 0.000000
vt 43.167972 11.420920 0.000000
vt 43.390827 12.057793 0.000000
vt 43.527379 12.571693 0.000000
vt 43.296713 12.269110 0.000000
vt 43.351207 11.864048 0.000000
vt 43.435988 12.171551 0.000000
vt 43.367493 12.211918 0.000000
vt 43.032636 11.248207 0.000000
vt 43.056656 11.574191 0.000000
vt 42.944630 11.222555 0.000000
vt 42.690457 10.513743 0.000000
vt 42.809718 10.148011 0.000000
vt 42.878783 10.611239 0.000000
vt 43.119409 11.951872 0.000000
vt 43.025230 12.163160 0.000000
vt 42.903748 11.805559 0.000000
vt 42.714825 10.913900 0.000000
vt 42.628075 11.177085 0.000000
vt 42.526437 10.816526 0.000000
vt 43.607653 11.725312 0.000000
vt 43.627568 12.112973 0.000000
vt 43.542743 11.805482 0.000000
vt 43.565221 12.376592 0.000000
vt 43.592922 12.691508 0.000000
vt 43.496736 12.416974 0.000000
vt 43.230427 11.241844 0.000000
vt 43.319287 11.487658 0.000000
vt 43.254384 11.567833 0.000000
vt 43.071793 10.554387 0.000000
vt 43.130582 10.913244 0.000000
vt 43.042581 10.887576 0.000000
vt 41.841969 9.390605 0.000000
vt 42.108162 9.753941 0.000000
vt 41.990236 10.120105 0.000000
vt 43.594279 12.052881 0.000000
vt 43.534393 12.120083 0.000000
vt 43.514498 11.732421 0.000000
vt 43.832820 12.323769 0.000000
vt 43.924640 12.715051 0.000000
vt 43.860737 12.638667 0.000000
vt 43.507010 11.013393 0.000000
vt 43.541558 11.419253 0.000000
vt 43.452773 11.173412 0.000000
vt 42.829953 10.566613 0.000000
vt 42.943022 10.765345 0.000000
vt 42.888980 10.925431 0.000000
vt 43.800766 12.334706 0.000000
vt 43.860625 12.267480 0.000000
vt 43.892553 12.725995 0.000000
vt 43.931984 11.964896 0.000000
vt 43.852172 11.644444 0.000000
vt 43.920755 11.472998 0.000000
vt 43.348329 11.422684 0.000000
vt 43.313656 11.016834 0.000000
vt 43.416839 11.251209 0.000000
vt 42.852799 10.399308 0.000000
vt 42.896867 10.787392 0.000000
vt 42.783776 10.588673 0.000000
vt 42.919476 10.787099 0.000000
vt 42.875429 10.399013 0.000000
vt 42.974339 10.539181 0.000000
vt 42.479504 10.087281 0.000000
vt 42.571311 10.263056 0.000000
vt 42.502425 10.452471 0.000000
vt 42.767394 10.246294 0.000000
vt 42.808527 10.644025 0.000000
vt 42.709569 10.503892 0.000000
vt 42.221508 10.017189 0.000000
vt 42.257307 10.400359 0.000000
vt 42.165373 10.224650 0.000000
vt 42.893424 10.641570 0.000000
vt 42.852350 10.243833 0.000000
vt 42.950520 10.290209 0.000000
vt 42.332579 10.015689 0.000000
vt 42.425957 10.141231 0.000000
vt 42.368296 10.398866 0.000000
vt 41.677257 9.711656 0.000000
vt 41.778314 9.856825 0.000000
vt 41.722368 10.064337 0.000000
vt 42.913882 10.366524 0.000000
vt 42.815710 10.320153 0.000000
vt 42.871329 10.026950 0.000000
vt 42.334160 9.799369 0.000000
vt 42.362068 10.184619 0.000000
vt 42.268675 10.059088 0.000000
vt 41.627308 9.599379 0.000000
vt 41.651975 9.935870 0.000000
vt 41.550881 9.790727 0.000000
vt 42.292446 10.184670 0.000000
vt 42.264493 9.799423 0.000000
vt 42.347826 9.891421 0.000000
vt 42.814650 10.373335 0.000000
vt 42.772051 10.033767 0.000000
vt 42.871272 9.948568 0.000000
vt 41.905861 9.937386 0.000000
vt 41.881358 9.600882 0.000000
vt 41.971169 9.677622 0.000000
vt 41.900098 9.615810 0.000000
vt 41.977896 9.765918 0.000000
vt 41.901359 9.957222 0.000000
vt 41.761202 10.410935 0.000000
vt 41.677835 10.318968 0.000000
vt 41.761026 10.031691 0.000000
vt 43.168821 10.302709 0.000000
vt 43.069588 10.387895 0.000000
vt 43.069215 10.008650 0.000000
vt 41.215731 10.368757 0.000000
vt 41.282877 10.119358 0.000000
vt 41.305572 10.445463 0.000000
vt 40.451207 10.249247 0.000000
vt 40.470021 10.544246 0.000000
vt 40.392209 10.394144 0.000000
vt 41.925029 10.385092 0.000000
vt 41.902198 10.058997 0.000000
vt 42.008186 10.097805 0.000000
vt 41.436959 10.655089 0.000000
vt 41.532982 10.490674 0.000000
vt 41.535839 10.949394 0.000000
vt 41.482484 10.139904 0.000000
vt 41.568697 10.185467 0.000000
vt 41.501613 10.434882 0.000000
vt 41.319494 10.352057 0.000000
vt 41.390924 10.559648 0.000000
vt 41.332156 10.704639 0.000000
vt 41.559843 11.002931 0.000000
vt 41.604274 10.705952 0.000000
vt 41.665801 11.041820 0.000000
vt 42.223635 10.990055 0.000000
vt 42.250281 10.565613 0.000000
vt 42.319237 10.825395 0.000000
vt 41.095704 10.888730 0.000000
vt 41.131414 10.650235 0.000000
vt 41.181880 10.934364 0.000000
vt 40.701954 10.641260 0.000000
vt 40.665932 10.879708 0.000000
vt 40.594899 10.671981 0.000000
vt 40.905824 10.718771 0.000000
vt 41.001143 10.706053 0.000000
vt 40.956082 11.002937 0.000000
vt 41.627478 11.054606 0.000000
vt 41.566001 10.718729 0.000000
vt 41.655147 10.630230 0.000000
vt 42.627481 10.401669 0.000000
vt 42.714470 10.230273 0.000000
vt 42.696853 10.661340 0.000000
vt 40.480597 9.803929 0.000000
vt 40.524423 10.049698 0.000000
vt 40.417356 10.080380 0.000000
vt 40.914879 10.082759 0.000000
vt 40.819557 10.095458 0.000000
vt 40.856382 9.807157 0.000000
vt 40.863563 10.103131 0.000000
vt 40.891904 9.746478 0.000000
vt 40.952869 10.014793 0.000000
vt 41.326189 9.894051 0.000000
vt 41.347142 9.490392 0.000000
vt 41.413743 9.722942 0.000000
vt 40.480797 9.779500 0.000000
vt 40.443832 10.067783 0.000000
vt 40.400029 9.822009 0.000000
vt 40.868588 9.746011 0.000000
vt 40.840234 10.102662 0.000000
vt 40.781767 9.827054 0.000000
vt 41.385281 9.894142 0.000000
vt 41.324163 9.625862 0.000000
vt 41.406205 9.490481 0.000000
vt 40.050468 8.797683 0.000000
vt 40.105060 9.071893 0.000000
vt 40.024288 9.114393 0.000000
vt 40.168689 9.186338 0.000000
vt 40.199378 8.911950 0.000000
vt 40.255536 9.105322 0.000000
vt 39.900422 8.761853 0.000000
vt 39.919853 8.373487 0.000000
vt 39.982461 8.626470 0.000000
vt 39.789125 8.859947 0.000000
vt 39.758477 9.134339 0.000000
vt 39.703837 8.860139 0.000000
vt 41.063153 8.683318 0.000000
vt 41.139134 8.488382 0.000000
vt 41.119200 8.876722 0.000000
vt 41.450674 8.357942 0.000000
vt 41.388676 8.104809 0.000000
vt 41.477753 7.995443 0.000000
vt 39.769511 7.686929 0.000000
vt 39.787089 7.946267 0.000000
vt 39.701801 7.946460 0.000000
vt 39.531763 7.742841 0.000000
vt 39.456328 7.937989 0.000000
vt 39.438546 7.678665 0.000000
vt 40.127260 6.874203 0.000000
vt 40.184637 6.503423 0.000000
vt 40.215851 6.764442 0.000000
vt 40.075454 7.761906 0.000000
vt 40.135832 7.933206 0.000000
vt 40.049524 8.124489 0.000000
vt 40.100044 6.654068 0.000000
vt 40.132630 6.930915 0.000000
vt 40.039543 6.866551 0.000000
vt 40.383807 6.571964 0.000000
vt 40.326092 6.942692 0.000000
vt 40.293747 6.665817 0.000000
vt 41.195806 6.843651 0.000000
vt 41.165861 6.582483 0.000000
vt 41.282268 6.536467 0.000000
vt 42.189084 7.497140 0.000000
vt 42.129951 7.325406 0.000000
vt 42.217933 7.018654 0.000000
vt 40.742722 6.870517 0.000000
vt 40.801480 7.055600 0.000000
vt 40.711257 7.149295 0.000000
vt 41.538862 7.618537 0.000000
vt 41.600414 7.280449 0.000000
vt 41.655339 7.572699 0.000000
vt 41.303802 7.081523 0.000000
vt 41.228328 7.240961 0.000000
vt 41.254900 6.762343 0.000000
vt 40.165819 6.850396 0.000000
vt 40.105647 7.188732 0.000000
vt 40.046459 7.003786 0.000000
vt 41.706307 7.568738 0.000000
vt 41.651422 7.276480 0.000000
vt 41.746962 7.200303 0.000000
vt 41.109448 7.606363 0.000000
vt 41.173565 7.734610 0.000000
vt 41.053880 7.887747 0.000000
vt 41.915487 7.638333 0.000000
vt 42.000439 7.277315 0.000000
vt 42.011072 7.562213 0.000000
vt 41.348642 7.349203 0.000000
vt 41.329799 7.664012 0.000000
vt 41.265707 7.535753 0.000000
vt 42.520414 7.435911 0.000000
vt 42.435166 7.796859 0.000000
vt 42.454499 7.482080 0.000000
vt 41.164416 7.150707 0.000000
vt 41.210006 7.278409 0.000000
vt 41.127110 7.464977 0.000000
vt 42.201938 7.094005 0.000000
vt 42.223095 6.747394 0.000000
vt 42.267829 7.047803 0.000000
vt 42.028447 6.713158 0.000000
vt 42.007472 7.059781 0.000000
vt 41.962096 6.932002 0.000000
vt 41.881517 6.612864 0.000000
vt 41.954832 6.682058 0.000000
vt 41.888525 6.900916 0.000000
vt 42.510249 10.017074 0.000000
vt 42.596824 10.726317 0.000000
vt 42.334636 10.324613 0.000000
vt 41.726359 9.432037 0.000000
vt 42.006227 9.641452 0.000000
vt 41.831183 9.949315 0.000000
vt 42.194796 10.016964 0.000000
vt 42.310521 10.392873 0.000000
vt 42.282040 10.726125 0.000000
vt 41.729631 9.193609 0.000000
vt 41.946176 9.714875 0.000000
vt 41.666259 9.505527 0.000000
vt 41.656448 9.434939 0.000000
vt 41.761418 9.952187 0.000000
vt 41.494637 9.589284 0.000000
vt 42.083773 10.069516 0.000000
vt 42.107069 10.434682 0.000000
vt 41.991142 10.058835 0.000000
vt 41.113347 8.807762 0.000000
vt 41.406321 9.075223 0.000000
vt 41.343329 9.387218 0.000000
vt 41.344558 8.751282 0.000000
vt 41.574000 9.330952 0.000000
vt 41.412241 9.485352 0.000000
vt 42.040863 9.700122 0.000000
vt 42.085671 10.052842 0.000000
vt 41.993040 10.042161 0.000000
vt 42.293485 9.763025 0.000000
vt 42.245446 10.105033 0.000000
vt 42.208130 9.390928 0.000000
vt 41.269382 9.582791 0.000000
vt 41.270935 9.924202 0.000000
vt 41.184880 9.552267 0.000000
vt 40.829808 10.415703 0.000000
vt 40.842069 10.768300 0.000000
vt 40.757574 10.737756 0.000000
vt 38.583844 9.665033 0.000000
vt 38.654283 10.059148 0.000000
vt 38.581015 10.380967 0.000000
vt 38.647076 9.782699 0.000000
vt 38.647896 10.060483 0.000000
vt 38.577459 9.666368 0.000000
vt 40.027915 9.730906 0.000000
vt 40.092420 9.732263 0.000000
vt 40.029067 10.008688 0.000000
vt 39.838954 8.865780 0.000000
vt 39.823446 9.074077 0.000000
vt 39.753814 8.957755 0.000000
vt 40.105790 9.097434 0.000000
vt 40.041285 9.096077 0.000000
vt 40.056823 8.887782 0.000000
vt 39.192906 7.968109 0.000000
vt 39.204134 8.239596 0.000000
vt 39.119070 8.331641 0.000000
vt 40.051040 8.797745 0.000000
vt 40.024860 9.114454 0.000000
vt 39.975883 8.904805 0.000000
vt 39.093986 8.236128 0.000000
vt 39.082701 7.964643 0.000000
vt 39.169025 8.128985 0.000000
vt 35.502905 6.569631 0.000000
vt 35.551416 6.922235 0.000000
vt 35.480594 7.286367 0.000000
vt 39.885462 7.812543 0.000000
vt 39.799414 7.648058 0.000000
vt 39.880076 7.524818 0.000000
vt 39.085561 6.576196 0.000000
vt 39.047598 6.872285 0.000000
vt 39.003071 6.519155 0.000000
vt 38.714873 6.776635 0.000000
vt 38.752440 6.480495 0.000000
vt 38.795074 6.653095 0.000000
vt 39.161766 7.749088 0.000000
vt 39.155813 7.461374 0.000000
vt 39.229121 7.489465 0.000000
vt 38.933918 6.553480 0.000000
vt 38.904873 6.817890 0.000000
vt 38.822345 6.760905 0.000000
vt 39.266319 6.611239 0.000000
vt 39.224027 6.438556 0.000000
vt 39.320019 6.326853 0.000000
vt 39.536229 6.711739 0.000000
vt 39.462951 6.683570 0.000000
vt 39.516897 6.399231 0.000000
vt 39.901894 6.932473 0.000000
vt 39.805645 7.043954 0.000000
vt 39.835519 6.779636 0.000000
vt 40.433327 7.544769 0.000000
vt 40.320892 7.751729 0.000000
vt 40.393639 7.406366 0.000000
vt 39.766665 6.737868 0.000000
vt 39.747654 6.425339 0.000000
vt 39.826907 6.525311 0.000000
vt 39.116159 6.906381 0.000000
vt 39.065785 7.205868 0.000000
vt 38.999028 7.053196 0.000000
vt 39.426277 7.509413 0.000000
vt 39.346080 7.794936 0.000000
vt 39.306163 7.656599 0.000000
vt 39.397213 6.806684 0.000000
vt 39.317786 6.706851 0.000000
vt 39.427329 6.527757 0.000000
vt 40.613455 7.412868 0.000000
vt 40.503280 7.591574 0.000000
vt 40.554685 7.292263 0.000000
vt 40.253440 7.900154 0.000000
vt 40.136036 8.046751 0.000000
vt 40.216434 7.761285 0.000000
vt 39.929619 7.935983 0.000000
vt 39.809455 8.083128 0.000000
vt 39.918704 7.747424 0.000000
vt 40.128448 7.357716 0.000000
vt 40.073251 7.639172 0.000000
vt 40.014358 7.518626 0.000000
vt 40.424630 7.593961 0.000000
vt 40.356061 7.875566 0.000000
vt 40.319066 7.736695 0.000000
vt 41.110452 7.614889 0.000000
vt 41.047874 7.886001 0.000000
vt 41.037028 7.697437 0.000000
vt 40.670718 7.769375 0.000000
vt 40.556534 7.930219 0.000000
vt 40.625142 7.648624 0.000000
vt 40.348928 7.535170 0.000000
vt 40.243372 7.677910 0.000000
vt 40.305806 7.406765 0.000000
vt 40.524524 7.062700 0.000000
vt 40.451154 7.145297 0.000000
vt 40.510316 6.799457 0.000000
vt 41.454001 7.203948 0.000000
vt 41.416555 7.518201 0.000000
vt 41.371074 7.397413 0.000000
vt 41.225191 7.020599 0.000000
vt 41.196628 7.292991 0.000000
vt 41.153647 7.164539 0.000000
vt 40.957759 6.872577 0.000000
vt 40.929390 7.071254 0.000000
vt 40.915379 6.808000 0.000000
vt 41.226865 7.090099 0.000000
vt 41.144009 7.283595 0.000000
vt 41.172546 7.011200 0.000000
vt 41.103545 6.950215 0.000000
vt 41.032033 7.094171 0.000000
vt 41.060441 6.895500 0.000000
vt 41.296996 6.499762 0.000000
vt 41.273298 6.691797 0.000000
vt 41.230965 6.627189 0.000000
vt 41.574035 6.586413 0.000000
vt 41.581279 6.874458 0.000000
vt 41.527022 6.795518 0.000000
vt 41.353701 6.512987 0.000000
vt 41.373045 6.759759 0.000000
vt 41.329974 6.705018 0.000000
vt 41.472411 6.552149 0.000000
vt 41.425453 6.761266 0.000000
vt 41.406142 6.514492 0.000000
vt 0.351919 0.183024 0.000000
vt 0.344167 0.149025 0.000000
vt 0.345411 0.149020 0.000000
vt 0.341099 0.134086 0.000000
vt 0.342285 0.133743 0.000000
vt 0.338364 0.119148 0.000000
vt 0.339508 0.118466 0.000000
vt 0.335984 0.104209 0.000000
vt 0.337107 0.103189 0.000000
vt 0.337113 0.101239 0.000000
vt 0.336371 0.098136 0.000000
vt 0.337113 0.099290 0.000000
vt 0.337107 0.097341 0.000000
vt 0.359445 0.217028 0.000000
vt 0.358237 0.217030 0.000000
vt 0.350698 0.183027 0.000000
vt 0.367655 0.251032 0.000000
vt 0.366453 0.251032 0.000000
vt 0.422309 0.237960 0.000000
vt 0.427601 0.238260 0.000000
vt 0.421564 0.244178 0.000000
vt 0.427599 0.244626 0.000000
vt 0.421147 0.246681 0.000000
vt 0.427413 0.247676 0.000000
vt 0.420733 0.249185 0.000000
vt 0.427230 0.250726 0.000000
vt 0.420322 0.251688 0.000000
vt 0.427052 0.253776 0.000000
vt 0.416445 0.265444 0.000000
vt 0.424490 0.268363 0.000000
vt 0.412751 0.279199 0.000000
vt 0.422095 0.282951 0.000000
vt 0.409275 0.292955 0.000000
vt 0.419892 0.297538 0.000000
vt 0.408291 0.296791 0.000000
vt 0.407328 0.300632 0.000000
vt 0.419423 0.300947 0.000000
vt 0.418965 0.304357 0.000000
vt 0.427618 0.231894 0.000000
vt 0.423070 0.231743 0.000000
vt 0.427650 0.225528 0.000000
vt 0.423844 0.225528 0.000000
vt 0.406385 0.304478 0.000000
vt 0.418520 0.307766 0.000000
vt 0.416343 0.315754 0.000000
vt 0.414295 0.323742 0.000000
vt 0.401821 0.320482 0.000000
vt 0.404040 0.312480 0.000000
vt 0.399736 0.328484 0.000000
vt 0.412383 0.331730 0.000000
vt 0.398892 0.332314 0.000000
vt 0.411365 0.336363 0.000000
vt 0.398076 0.336151 0.000000
vt 0.397290 0.339994 0.000000
vt 0.410394 0.341006 0.000000
vt 0.396309 0.344510 0.000000
vt 0.409469 0.345659 0.000000
vt 0.395375 0.349035 0.000000
vt 0.405318 0.359364 0.000000
vt 0.394488 0.353571 0.000000
vt 0.394152 0.355943 0.000000
vt 0.393827 0.358316 0.000000
vt 0.393514 0.360688 0.000000
vt 0.393432 0.361381 0.000000
vt 0.393352 0.362074 0.000000
vt 0.393272 0.362766 0.000000
vt 0.402745 0.365659 0.000000
vt 0.393246 0.363115 0.000000
vt 0.393220 0.363463 0.000000
vt 0.393194 0.363811 0.000000
vt 0.393194 0.364139 0.000000
vt 0.393194 0.364467 0.000000
vt 0.393234 0.365249 0.000000
vt 0.393194 0.364795 0.000000
vt 0.402004 0.367027 0.000000
vt 0.393966 0.366928 0.000000
vt 0.393417 0.366047 0.000000
vt 0.393306 0.365668 0.000000
vt 0.394434 0.367396 0.000000
vt 0.401187 0.368145 0.000000
vt 0.399343 0.369637 0.000000
vt 0.392258 0.390966 0.000000
vt 0.392861 0.383110 0.000000
vt 0.393587 0.375253 0.000000
vt 0.393568 0.366376 0.000000
vt 0.382945 9.930812 0.000000
vt 0.382008 9.926937 0.000000
vt 0.383089 9.926449 0.000000
vt 0.376820 9.906052 0.000000
vt 0.377941 9.905727 0.000000
vt 0.371635 9.885167 0.000000
vt 0.372797 9.885004 0.000000
vt 0.367655 9.864280 0.000000
vt 0.366453 9.864280 0.000000
vt 0.384038 9.930393 0.000000
vt 0.383881 9.934686 0.000000
vt 0.384988 9.934336 0.000000
vt 0.384818 9.938561 0.000000
vt 0.385938 9.938280 0.000000
vt 0.385799 9.941522 0.000000
vt 0.387101 9.941091 0.000000
vt 0.387656 9.943039 0.000000
vt 0.387199 9.945750 0.000000
vt 0.388211 9.944988 0.000000
vt 0.388765 9.946937 0.000000
vt 0.408438 10.028329 0.000000
vt 0.400033 10.001123 0.000000
vt 0.393613 9.973437 0.000000
vt 0.409022 10.030741 0.000000
vt 0.407023 10.031210 0.000000
vt 0.406460 10.028808 0.000000
vt 0.409539 10.033018 0.000000
vt 0.408625 10.038031 0.000000
vt 0.410057 10.035296 0.000000
vt 0.410574 10.037573 0.000000
vt 0.408847 10.038977 0.000000
vt 0.410791 10.038540 0.000000
vt 0.411970 10.043795 0.000000
vt 0.413436 10.067052 0.000000
vt 0.416857 10.072719 0.000000
vt 0.418030 10.095126 0.000000
vt 0.421750 10.101641 0.000000
vt 0.422629 10.123199 0.000000
vt 0.426650 10.130563 0.000000
vt 0.423076 10.126017 0.000000
vt 0.423523 10.128834 0.000000
vt 0.423970 10.131652 0.000000
vt 0.424276 10.133693 0.000000
vt 0.426965 10.132871 0.000000
vt 0.424583 10.135734 0.000000
vt 0.427281 10.135179 0.000000
vt 0.424890 10.137774 0.000000
vt 0.427597 10.137488 0.000000
vt 0.427757 10.139973 0.000000
vt 0.427917 10.142457 0.000000
vt 0.428077 10.144942 0.000000
vt 0.425510 10.152016 0.000000
vt 0.426131 10.166257 0.000000
vt 0.427842 10.180506 0.000000
vt 0.426753 10.180499 0.000000
vt 0.426752 10.182916 0.000000
vt 0.427796 10.187757 0.000000
vt 0.426751 10.185333 0.000000
vt 0.426750 10.187751 0.000000
vt 0.425781 10.195456 0.000000
vt 0.427650 10.210867 0.000000
vt 0.424812 10.203161 0.000000
vt 0.423844 10.210867 0.000000
vt 0.237303 -0.060929 0.000000
vt 0.245000 0.000000 0.000000
vt 0.170000 0.000000 0.000000
vt 0.237303 0.060929 0.000000
vt 0.162447 0.050108 0.000000
vt 0.214695 0.118030 0.000000
vt 0.140461 0.095764 0.000000
vt 0.178597 0.167714 0.000000
vt 0.105993 0.132911 0.000000
vt 0.131278 0.206860 0.000000
vt 0.062108 0.158249 0.000000
vt 0.075709 0.233009 0.000000
vt 0.012704 0.169525 0.000000
vt 0.015384 0.244517 0.000000
vt -0.045908 0.240660 0.000000
vt -0.037829 0.165738 0.000000
vt -0.104316 0.221683 0.000000
vt -0.085000 0.147224 0.000000
vt -0.156169 0.188776 0.000000
vt -0.124619 0.115629 0.000000
vt -0.198209 0.144007 0.000000
vt -0.153165 0.073760 0.000000
vt -0.227795 0.090191 0.000000
vt -0.168101 0.025337 0.000000
vt -0.243068 0.030707 0.000000
vt -0.243068 -0.030707 0.000000
vt -0.168101 -0.025337 0.000000
vt -0.227795 -0.090191 0.000000
vt -0.153165 -0.073760 0.000000
vt -0.198209 -0.144007 0.000000
vt -0.124619 -0.115629 0.000000
vt -0.156169 -0.188776 0.000000
vt -0.085000 -0.147224 0.000000
vt -0.104316 -0.221683 0.000000
vt -0.037829 -0.165738 0.000000
vt -0.045908 -0.240660 0.000000
vt 0.012704 -0.169525 0.000000
vt 0.015384 -0.244517 0.000000
vt 0.075709 -0.233009 0.000000
vt 0.062108 -0.158249 0.000000
vt 0.131278 -0.206860 0.000000
vt 0.105993 -0.132911 0.000000
vt 0.178597 -0.167714 0.000000
vt 0.140461 -0.095764 0.000000
vt 0.214695 -0.118030 0.000000
vt 0.162447 -0.050108 0.000000
vt 0.287048 -0.068032 0.000000
vt 0.295000 0.000000 0.000000
vt 0.120000 0.000000 0.000000
vt 0.287048 0.068032 0.000000
vt 0.111897 0.043349 0.000000
vt 0.263622 0.132396 0.000000
vt 0.088681 0.080843 0.000000
vt 0.225983 0.189622 0.000000
vt 0.176162 0.236626 0.000000
vt 0.053489 0.107420 0.000000
vt 0.116844 0.270874 0.000000
vt 0.051226 0.290518 0.000000
vt 0.011072 0.119488 0.000000
vt -0.017153 0.294501 0.000000
vt -0.032840 0.115419 0.000000
vt -0.084607 0.282607 0.000000
vt -0.147500 0.255477 0.000000
vt -0.072316 0.095762 0.000000
vt -0.202441 0.214575 0.000000
vt -0.102026 0.063172 0.000000
vt -0.246469 0.162105 0.000000
vt -0.277209 0.100896 0.000000
vt -0.117957 0.022050 0.000000
vt -0.293005 0.034247 0.000000
vt -0.293005 -0.034247 0.000000
vt -0.117957 -0.022050 0.000000
vt -0.277209 -0.100896 0.000000
vt -0.102026 -0.063172 0.000000
vt -0.246469 -0.162105 0.000000
vt -0.202441 -0.214575 0.000000
vt -0.072316 -0.095762 0.000000
vt -0.147500 -0.255477 0.000000
vt -0.032840 -0.115419 0.000000
vt -0.084607 -0.282607 0.000000
vt -0.017153 -0.294501 0.000000
vt 0.011072 -0.119488 0.000000
vt 0.051226 -0.290518 0.000000
vt 0.053489 -0.107420 0.000000
vt 0.116844 -0.270874 0.000000
vt 0.176162 -0.236626 0.000000
vt 0.088681 -0.080843 0.000000
vt 0.225983 -0.189622 0.000000
vt 0.263622 -0.132396 0.000000
vt 0.111897 -0.043349 0.000000
vn 0.006876 0.000000 0.099763
vn -0.004116 0.050000 0.086505
vn -0.016317 0.000000 0.098660
vn -0.023954 0.050000 0.083224
vn -0.038629 0.000000 0.092238
vn -0.042501 0.050000 0.075456
vn -0.058859 0.000000 0.080843
vn -0.058757 0.050000 0.063621
vn -0.075917 0.000000 0.065090
vn -0.071845 0.050000 0.048356
vn -0.088881 0.000000 0.045828
vn -0.081060 0.050000 0.030484
vn -0.097054 0.000000 0.024095
vn -0.085905 0.050000 0.010968
vn -0.099994 0.000000 0.001063
vn -0.086119 0.050000 -0.009139
vn -0.097544 0.000000 -0.022026
vn -0.081690 0.050000 -0.028753
vn -0.089835 0.000000 -0.043927
vn -0.072857 0.050000 -0.046817
vn -0.077284 0.000000 -0.063460
vn -0.060097 0.050000 -0.062357
vn -0.060565 0.000000 -0.079573
vn -0.044096 0.050000 -0.074535
vn -0.040582 0.000000 -0.091395
vn -0.025719 0.050000 -0.082695
vn -0.018411 0.000000 -0.098291
vn -0.005955 0.050000 -0.086398
vn 0.004753 -0.000000 -0.099887
vn 0.014131 0.050000 -0.085442
vn 0.027660 -0.000000 -0.096099
vn 0.033454 0.050000 -0.079880
vn 0.049076 -0.000000 -0.087129
vn 0.050974 0.050000 -0.070012
vn 0.067847 -0.000000 -0.073463
vn 0.065746 0.050000 -0.056369
vn 0.082960 -0.000000 -0.055836
vn 0.076973 0.050000 -0.039688
vn 0.093600 -0.000000 -0.035199
vn 0.084051 0.050000 -0.020867
vn 0.099195 -0.000000 -0.012665
vn 0.086598 0.050000 -0.000921
vn 0.099442 -0.000000 0.010552
vn 0.084476 0.050000 0.019075
vn 0.094328 -0.000000 0.033201
vn 0.077800 0.050000 0.038042
vn 0.084128 -0.000000 0.054059
vn 0.066930 0.050000 0.054958
vn 0.069394 -0.000000 0.072003
vn 0.052451 0.050000 0.068912
vn 0.050918 -0.000000 0.086066
vn 0.035145 0.050000 0.079151
vn 0.029697 -0.000000 0.095489
vn 0.015945 0.050000 0.085122
vn 0.000000 0.100000 -0.000000
vn -0.013830 0.086603 0.048049
vn -0.000000 0.100000 0.000000
vn -0.002376 0.086603 0.049944
vn -0.000000 0.100000 -0.000000
vn 0.009206 0.086603 0.049145
vn 0.000000 0.100000 0.000000
vn 0.020291 0.086603 0.045698
vn 0.000000 0.100000 0.000000
vn 0.030283 0.086603 0.039786
vn -0.000000 0.100000 -0.000000
vn 0.038642 0.086603 0.031730
vn -0.000000 0.100000 -0.000000
vn 0.044918 0.086603 0.021964
vn -0.000000 0.100000 -0.000000
vn 0.048772 0.086603 0.011013
vn 0.049997 0.086603 -0.000532
vn -0.024538 0.086603 0.043565
vn -0.000000 0.100000 0.000000
vn -0.033923 0.086603 0.036732
vn -0.000000 0.100000 0.000000
vn -0.041480 0.086603 0.027918
vn 0.000000 0.100000 -0.000000
vn -0.046800 0.086603 0.017600
vn 0.000000 0.100000 -0.000000
vn -0.049597 0.086603 0.006332
vn 0.000000 0.100000 0.000000
vn -0.049721 0.086603 -0.005276
vn -0.047164 0.086603 -0.016600
vn 0.000000 0.100000 0.000000
vn -0.042064 0.086603 -0.027030
vn 0.000000 0.100000 0.000000
vn -0.034697 0.086603 -0.036002
vn 0.000000 0.100000 0.000000
vn -0.025459 0.086603 -0.043033
vn 0.000000 0.100000 0.000000
vn -0.014849 0.086603 -0.047744
vn 0.000000 0.100000 0.000000
vn -0.003438 0.086603 -0.049882
vn -0.000000 0.100000 0.000000
vn 0.008158 0.086603 -0.049330
vn -0.000000 0.100000 0.000000
vn 0.019315 0.086603 -0.046119
vn -0.000000 0.100000 0.000000
vn 0.029430 0.086603 -0.040421
vn -0.000000 0.100000 0.000000
vn 0.037958 0.086603 -0.032545
vn -0.000000 0.100000 0.000000
vn 0.044440 0.086603 -0.022914
vn -0.000000 0.100000 0.000000
vn 0.048527 0.086603 -0.012048
vn -0.000000 0.100000 0.000000
vn 0.000000 0.100000 0.000000
vn 0.001365 0.086603 -0.049981
vn 0.000000 0.100000 -0.000000
vn 0.014799 0.086603 -0.047760
vn -0.000000 0.100000 0.000000
vn 0.027136 0.086603 -0.041996
vn -0.000000 0.100000 0.000000
vn 0.037460 0.086603 -0.033117
vn -0.000000 0.100000 0.000000
vn 0.045006 0.086603 -0.021783
vn 0.000000 0.100000 -0.000000
vn 0.049214 0.086603 -0.008832
vn 0.000000 0.100000 0.000000
vn 0.049772 0.086603 0.004773
vn 0.046638 0.086603 0.018024
vn 0.086207 0.050000 0.008267
vn 0.080780 0.050000 0.031219
vn 0.090428 0.000000 0.042693
vn 0.069362 0.050000 0.051855
vn 0.068899 0.000000 0.072477
vn 0.052799 0.050000 0.068646
vn 0.038065 0.000000 0.092472
vn 0.032321 0.050000 0.080345
vn 0.002090 0.000000 0.099978
vn 0.009445 0.050000 0.086086
vn -0.014131 0.050000 0.085442
vn -0.008158 0.086603 0.049330
vn -0.021165 0.086603 0.045300
vn -0.000000 0.100000 0.000000
vn 0.000000 0.100000 -0.000000
vn -0.032602 0.086603 0.037910
vn -0.000000 0.100000 0.000000
vn -0.041621 0.086603 0.027708
vn 0.000000 0.100000 -0.000000
vn -0.047553 0.086603 0.015451
vn -0.000000 0.100000 0.000000
vn -0.049958 0.086603 0.002049
vn -0.000000 0.100000 -0.000000
vn -0.048658 0.086603 -0.011506
vn -0.043750 0.086603 -0.024207
vn -0.084278 0.050000 -0.019928
vn -0.075777 0.050000 -0.041927
vn -0.096734 0.000000 -0.025350
vn -0.081044 0.000000 -0.058582
vn -0.012170 0.086603 -0.048496
vn 0.000000 0.100000 0.000000
vn -0.024803 0.086603 -0.043414
vn 0.000000 0.100000 0.000000
vn -0.035596 0.086603 -0.035113
vn -0.000000 0.100000 -0.000000
vn 0.000000 0.100000 0.000000
vn 0.005453 0.086603 0.049702
vn -0.000000 0.100000 -0.000000
vn 0.018660 0.086603 0.046387
vn 0.000000 0.100000 0.000000
vn 0.030484 0.086603 0.039633
vn -0.000000 0.100000 -0.000000
vn 0.040046 0.086603 0.029939
vn 0.000000 0.100000 0.000000
vn 0.050855 0.000000 -0.086103
vn 0.025633 0.050000 -0.082722
vn 0.016317 0.000000 -0.098660
vn 0.002365 0.050000 -0.086570
vn -0.020425 0.000000 -0.097892
vn -0.021079 0.050000 -0.083998
vn -0.042960 0.050000 -0.075196
vn 0.047001 0.050000 -0.072739
vn 0.078525 0.000000 -0.061918
vn 0.064883 0.050000 -0.057361
vn 0.077952 0.050000 -0.037728
vn 0.095590 0.000000 -0.029371
vn 0.085241 0.050000 -0.015298
vn 0.099745 0.000000 0.007144
vn -0.034167 0.000000 0.093982
vn -0.036659 0.050000 0.078461
vn -0.065810 0.000000 0.075293
vn -0.056468 0.050000 0.065661
vn -0.072089 0.050000 0.047992
vn -0.088565 0.000000 0.046435
vn -0.082364 0.050000 0.026763
vn -0.099359 0.000000 0.011306
vn -0.086530 0.050000 0.003549
vn -0.061655 0.050000 -0.060817
vn -0.054409 0.000000 -0.083903
vn -0.002090 -0.000000 -0.099978
vn 0.034167 -0.000000 -0.093982
vn 0.065810 -0.000000 -0.075293
vn 0.088565 -0.000000 -0.046435
vn 0.099359 -0.000000 -0.011306
vn 0.096734 -0.000000 0.025350
vn 0.081044 -0.000000 0.058582
vn 0.054409 -0.000000 0.083903
vn 0.020425 -0.000000 0.097892
vn -0.016317 0.000000 0.098660
vn -0.050855 0.000000 0.086103
vn -0.078525 0.000000 0.061918
vn -0.095590 0.000000 0.029371
vn -0.099745 0.000000 -0.007144
vn -0.090428 0.000000 -0.042693
vn -0.068899 0.000000 -0.072477
vn -0.038065 0.000000 -0.092472
vn -0.027660 0.000000 0.096099
vn -0.004753 0.000000 0.099887
vn 0.018411 -0.000000 0.098291
vn 0.029474 -0.000000 0.095558
vn 0.029505 -0.000000 0.095548
vn 0.029520 -0.000000 0.095544
vn 0.029601 -0.000000 0.095518
vn -0.049076 0.000000 0.087129
vn -0.067847 0.000000 0.073463
vn -0.082960 0.000000 0.055836
vn -0.093600 0.000000 0.035199
vn -0.099195 0.000000 0.012665
vn -0.099442 0.000000 -0.010552
vn -0.094328 0.000000 -0.033201
vn -0.084128 0.000000 -0.054059
vn -0.069394 0.000000 -0.072003
vn -0.050918 0.000000 -0.086066
vn -0.029697 0.000000 -0.095489
vn -0.006876 -0.000000 -0.099763
vn 0.016317 -0.000000 -0.098660
vn 0.038629 -0.000000 -0.092238
vn 0.057591 -0.000000 -0.081751
vn 0.071452 -0.000000 -0.069962
vn 0.071621 -0.000000 -0.069788
vn 0.071790 -0.000000 -0.069614
vn 0.071959 -0.000000 -0.069440
vn 0.083240 -0.000000 -0.055418
vn 0.086416 -0.000000 -0.050322
vn 0.089280 -0.000000 -0.045045
vn 0.091823 -0.000000 -0.039605
vn 0.091913 -0.000000 -0.039394
vn 0.092003 -0.000000 -0.039184
vn 0.092093 -0.000000 -0.038973
vn 0.094246 -0.000000 -0.033432
vn 0.096066 -0.000000 -0.027773
vn 0.097547 -0.000000 -0.022015
vn 0.097578 -0.000000 -0.021874
vn 0.097610 -0.000000 -0.021732
vn 0.097641 -0.000000 -0.021591
vn 0.098861 -0.000000 -0.015047
vn 0.099643 -0.000000 -0.008437
vn 0.099984 -0.000000 -0.001789
vn 0.099987 -0.000000 -0.001640
vn 0.099989 -0.000000 -0.001490
vn 0.099991 -0.000000 -0.001341
vn 0.099856 -0.000000 0.005373
vn 0.099270 -0.000000 0.012062
vn 0.098236 -0.000000 0.018698
vn 0.098211 -0.000000 0.018831
vn 0.098185 -0.000000 0.018964
vn 0.098160 -0.000000 0.019097
vn 0.096622 -0.000000 0.025770
vn 0.094632 -0.000000 0.032322
vn 0.092199 -0.000000 0.038722
vn 0.092144 -0.000000 0.038852
vn 0.092090 -0.000000 0.038981
vn 0.092035 -0.000000 0.039110
vn 0.089108 -0.000000 0.045385
vn 0.085754 -0.000000 0.051442
vn 0.081988 -0.000000 0.057253
vn 0.081907 -0.000000 0.057370
vn 0.081825 -0.000000 0.057486
vn 0.081744 -0.000000 0.057602
vn 0.078336 -0.000000 0.062157
vn 0.074674 -0.000000 0.066511
vn 0.070771 -0.000000 0.070650
vn 0.070675 -0.000000 0.070746
vn 0.070580 -0.000000 0.070842
vn 0.070484 -0.000000 0.070937
vn 0.067489 -0.000000 0.073792
vn 0.064378 -0.000000 0.076521
vn 0.061158 -0.000000 0.079118
vn 0.061047 -0.000000 0.079204
vn 0.060937 -0.000000 0.079289
vn 0.060826 -0.000000 0.079374
vn 0.056569 -0.000000 0.082462
vn 0.052157 -0.000000 0.085321
vn 0.047603 -0.000000 0.087943
vn 0.047465 -0.000000 0.088018
vn 0.047326 -0.000000 0.088092
vn 0.047188 -0.000000 0.088166
vn 0.043248 -0.000000 0.090164
vn 0.039224 -0.000000 0.091986
vn 0.035123 -0.000000 0.093629
vn 0.034687 -0.000000 0.093791
vn 0.034340 -0.000000 0.093919
vn 0.033992 -0.000000 0.094045
vn 0.033644 -0.000000 0.094171
vn 0.032237 -0.000000 0.094661
vn 0.030644 -0.000000 0.095189
vn 0.040582 -0.000000 0.091395
vn 0.029672 -0.000000 0.095496
vn 0.029612 -0.000000 0.095515
vn 0.029563 -0.000000 0.095530
vn 0.060565 -0.000000 0.079573
vn 0.052322 -0.000000 0.085220
vn 0.047202 -0.000000 0.088159
vn 0.041916 -0.000000 0.090791
vn 0.077284 -0.000000 0.063460
vn 0.068747 -0.000000 0.072621
vn 0.066321 -0.000000 0.074843
vn 0.063824 -0.000000 0.076984
vn 0.089835 -0.000000 0.043927
vn 0.084295 -0.000000 0.053799
vn 0.082436 -0.000000 0.056606
vn 0.080482 -0.000000 0.059352
vn 0.097544 -0.000000 0.022026
vn 0.094325 -0.000000 0.033208
vn 0.094280 -0.000000 0.033335
vn 0.094235 -0.000000 0.033463
vn 0.099994 -0.000000 -0.001063
vn 0.099340 -0.000000 0.011467
vn 0.098726 -0.000000 0.015914
vn 0.097912 -0.000000 0.020330
vn 0.097054 -0.000000 -0.024095
vn 0.099290 -0.000000 -0.011899
vn 0.099739 -0.000000 -0.007226
vn 0.099745 -0.000000 -0.007136
vn 0.088881 -0.000000 -0.045828
vn 0.094508 -0.000000 -0.032683
vn 0.096269 -0.000000 -0.027059
vn 0.097696 -0.000000 -0.021342
vn 0.075917 -0.000000 -0.065090
vn 0.083503 -0.000000 -0.055020
vn 0.083617 -0.000000 -0.054847
vn 0.083731 -0.000000 -0.054673
vn 0.058859 -0.000000 -0.080843
vn 0.072275 -0.000000 -0.069111
vn 0.076298 -0.000000 -0.064642
vn 0.080046 -0.000000 -0.059939
vn 0.057849 -0.000000 -0.081569
vn 0.058119 -0.000000 -0.081377
vn 0.083844 -0.000000 -0.054500
vn 0.086939 -0.000000 -0.049412
vn 0.089727 -0.000000 -0.044149
vn 0.092196 -0.000000 -0.038729
vn 0.092270 -0.000000 -0.038551
vn 0.092345 -0.000000 -0.038372
vn 0.092419 -0.000000 -0.038194
vn 0.097736 -0.000000 -0.021157
vn 0.098622 -0.000000 -0.016546
vn 0.099751 -0.000000 -0.007046
vn 0.099758 -0.000000 -0.006956
vn 0.099971 -0.000000 -0.002395
vn 0.099976 -0.000000 0.002170
vn 0.099773 -0.000000 0.006731
vn 0.099767 -0.000000 0.006819
vn 0.099761 -0.000000 0.006908
vn 0.099755 -0.000000 0.006997
vn 0.097891 -0.000000 0.020428
vn 0.097871 -0.000000 0.020527
vn 0.097850 -0.000000 0.020625
vn 0.096882 -0.000000 0.024775
vn 0.095739 -0.000000 0.028879
vn 0.094422 -0.000000 0.032931
vn 0.094390 -0.000000 0.033023
vn 0.094358 -0.000000 0.033115
vn 0.094190 -0.000000 0.033590
vn 0.091465 -0.000000 0.040424
vn 0.088246 -0.000000 0.047039
vn 0.084549 -0.000000 0.053399
vn 0.084465 -0.000000 0.053533
vn 0.084380 -0.000000 0.053666
vn 0.078435 -0.000000 0.062032
vn 0.078335 -0.000000 0.062159
vn 0.078234 -0.000000 0.062285
vn 0.078134 -0.000000 0.062410
vn 0.075949 -0.000000 0.065051
vn 0.073675 -0.000000 0.067616
vn 0.071314 -0.000000 0.070103
vn 0.071242 -0.000000 0.070175
vn 0.071170 -0.000000 0.070248
vn 0.071099 -0.000000 0.070321
vn 0.063724 -0.000000 0.077066
vn 0.063625 -0.000000 0.077149
vn 0.063525 -0.000000 0.077231
vn 0.060181 -0.000000 0.079864
vn 0.056729 -0.000000 0.082351
vn 0.053176 -0.000000 0.084689
vn 0.053063 -0.000000 0.084760
vn 0.052950 -0.000000 0.084831
vn 0.052837 -0.000000 0.084901
vn 0.052666 -0.000000 0.085008
vn 0.052494 -0.000000 0.085114
vn 0.036485 -0.000000 0.093107
vn 0.036259 -0.000000 0.093195
vn 0.036032 -0.000000 0.093283
vn 0.035805 -0.000000 0.093370
vn 0.035685 -0.000000 0.093416
vn 0.035566 -0.000000 0.093462
vn 0.035446 -0.000000 0.093507
vn 0.034090 -0.000000 0.094010
vn 0.032728 -0.000000 0.094493
vn 0.031358 -0.000000 0.094956
vn 0.031147 -0.000000 0.095026
vn 0.030936 -0.000000 0.095094
vn 0.030725 -0.000000 0.095163
vn 0.030565 -0.000000 0.095214
vn 0.030405 -0.000000 0.095266
vn 0.030244 -0.000000 0.095317
vn 0.030141 -0.000000 0.095349
vn 0.030038 -0.000000 0.095382
vn 0.029935 -0.000000 0.095414
vn 0.029741 -0.000000 0.095475
vn 0.029522 -0.000000 0.095543
vn 0.029480 -0.000000 0.095556
vn 0.057862 -0.000000 -0.081560
vn 0.058387 -0.000000 -0.081184
vn 0.058675 -0.000000 -0.080977
vn 0.058409 -0.000000 -0.081169
vn 0.013351 0.092143 -0.036488
vn 0.013351 0.092143 -0.036488
vn 0.013351 0.092143 -0.036488
vn 0.013351 0.092143 -0.036488
vn 0.007854 0.096966 -0.023152
vn 0.007854 0.096966 -0.023152
vn 0.007854 0.096966 -0.023152
vn 0.007854 0.096966 -0.023152
vn 0.007854 0.096966 -0.023152
vn 0.007854 0.096966 -0.023152
vn 0.007854 0.096966 -0.023152
vn 0.007854 0.096966 -0.023152
vn 0.009259 0.095512 -0.028137
vn 0.009259 0.095512 -0.028137
vn 0.009259 0.095512 -0.028137
vn 0.009259 0.095512 -0.028137
vn 0.009259 0.095512 -0.028137
vn 0.009259 0.095512 -0.028137
vn 0.007353 0.097152 -0.022524
vn 0.007353 0.097152 -0.022524
vn 0.007353 0.097152 -0.022524
vn 0.007353 0.097152 -0.022524
vn 0.007353 0.097152 -0.022524
vn 0.007353 0.097152 -0.022524
vn -0.005107 -0.099271 0.010920
vn -0.005107 -0.099271 0.010920
vn -0.005107 -0.099271 0.010920
vn -0.017616 0.096839 0.017658
vn -0.017616 0.096839 0.017658
vn -0.017616 0.096839 0.017658
vn -0.017616 0.096839 0.017658
vn -0.017616 0.096839 0.017658
vn -0.017616 0.096839 0.017658
vn 0.027376 -0.089522 -0.035162
vn 0.027376 -0.089522 -0.035162
vn 0.027376 -0.089522 -0.035162
vn 0.027376 -0.089522 -0.035162
vn -0.002600 -0.099739 -0.006733
vn -0.002600 -0.099739 -0.006733
vn -0.002600 -0.099739 -0.006733
vn -0.002600 -0.099739 -0.006733
vn -0.002600 -0.099739 -0.006733
vn -0.007326 -0.095971 0.027128
vn -0.007326 -0.095971 0.027128
vn -0.007326 -0.095971 0.027128
vn 0.051419 -0.022300 -0.082818
vn 0.051419 -0.022300 -0.082818
vn 0.051419 -0.022300 -0.082818
vn -0.007732 -0.096970 0.023173
vn -0.007732 -0.096970 0.023173
vn -0.007732 -0.096970 0.023173
vn -0.007732 -0.096970 0.023173
vn -0.007732 -0.096970 0.023173
vn -0.007732 -0.096970 0.023173
vn -0.007732 -0.096970 0.023173
vn -0.007732 -0.096970 0.023173
vn -0.009152 -0.095524 0.028131
vn -0.009152 -0.095524 0.028131
vn -0.009152 -0.095524 0.028131
vn -0.009152 -0.095524 0.028131
vn -0.009152 -0.095524 0.028131
vn -0.009152 -0.095524 0.028131
vn -0.000569 -0.097829 -0.020715
vn -0.000569 -0.097829 -0.020715
vn -0.000569 -0.097829 -0.020715
vn -0.000569 -0.097829 -0.020715
vn -0.000569 -0.097829 -0.020715
vn -0.009802 -0.088219 0.046058
vn -0.009802 -0.088219 0.046058
vn -0.009802 -0.088219 0.046058
vn -0.007291 -0.097136 0.022615
vn -0.007291 -0.097136 0.022615
vn -0.007291 -0.097136 0.022615
vn -0.007291 -0.097136 0.022615
vn -0.007291 -0.097136 0.022615
vn -0.007291 -0.097136 0.022615
vn -0.010504 -0.094778 0.030113
vn -0.010504 -0.094778 0.030113
vn -0.010504 -0.094778 0.030113
vn -0.010504 -0.094778 0.030113
vn -0.010504 -0.094778 0.030113
vn 0.000452 -0.096090 -0.027687
vn 0.000452 -0.096090 -0.027687
vn 0.000452 -0.096090 -0.027687
vn 0.000452 -0.096090 -0.027687
vn 0.000452 -0.096090 -0.027687
vn -0.012090 -0.075203 0.064794
vn -0.012090 -0.075203 0.064794
vn -0.012090 -0.075203 0.064794
vn -0.008624 -0.097295 0.021432
vn -0.008624 -0.097295 0.021432
vn -0.008624 -0.097295 0.021432
vn -0.008624 -0.097295 0.021432
vn -0.008624 -0.097295 0.021432
vn -0.008743 -0.097236 0.021650
vn -0.008743 -0.097236 0.021650
vn -0.008743 -0.097236 0.021650
vn -0.008743 -0.097236 0.021650
vn -0.008743 -0.097236 0.021650
vn -0.008743 -0.097236 0.021650
vn -0.007112 -0.098597 0.015102
vn -0.007112 -0.098597 0.015102
vn -0.007112 -0.098597 0.015102
vn -0.007112 -0.098597 0.015102
vn -0.007112 -0.098597 0.015102
vn 0.000735 -0.095492 -0.029677
vn 0.000735 -0.095492 -0.029677
vn 0.000735 -0.095492 -0.029677
vn 0.000735 -0.095492 -0.029677
vn 0.000735 -0.095492 -0.029677
vn -0.013813 -0.057568 0.080593
vn -0.013813 -0.057568 0.080593
vn -0.013813 -0.057568 0.080593
vn -0.006737 0.062756 0.077565
vn -0.006737 0.062756 0.077565
vn -0.006737 0.062756 0.077565
vn -0.004757 0.073813 0.067298
vn -0.004757 0.073813 0.067298
vn -0.004757 0.073813 0.067298
vn 0.000848 -0.095593 -0.029348
vn 0.000848 -0.095593 -0.029348
vn 0.000848 -0.095593 -0.029348
vn 0.000848 -0.095593 -0.029348
vn 0.000848 -0.095593 -0.029348
vn -0.001878 -0.099122 -0.013089
vn -0.001878 -0.099122 -0.013089
vn -0.001878 -0.099122 -0.013089
vn -0.001878 -0.099122 -0.013089
vn -0.001878 -0.099122 -0.013089
vn -0.001878 -0.099122 -0.013089
vn -0.001878 -0.099122 -0.013089
vn -0.001878 -0.099122 -0.013089
vn -0.004865 -0.099821 0.003485
vn -0.004865 -0.099821 0.003485
vn -0.004865 -0.099821 0.003485
vn -0.004865 -0.099821 0.003485
vn -0.004865 -0.099821 0.003485
vn -0.006849 -0.098687 0.014629
vn -0.006849 -0.098687 0.014629
vn -0.006849 -0.098687 0.014629
vn -0.006849 -0.098687 0.014629
vn -0.006849 -0.098687 0.014629
vn -0.006849 -0.098687 0.014629
vn 0.001239 -0.095150 -0.030740
vn 0.001239 -0.095150 -0.030740
vn 0.001239 -0.095150 -0.030740
vn 0.001239 -0.095150 -0.030740
vn 0.001239 -0.095150 -0.030740
vn 0.001239 -0.095150 -0.030740
vn 0.001606 -0.092985 -0.036758
vn 0.001606 -0.092985 -0.036758
vn 0.001606 -0.092985 -0.036758
vn 0.001606 -0.092985 -0.036758
vn 0.001606 -0.092985 -0.036758
vn 0.001921 -0.092944 -0.036847
vn 0.001921 -0.092944 -0.036847
vn 0.001921 -0.092944 -0.036847
vn 0.001921 -0.092944 -0.036847
vn 0.001921 -0.092944 -0.036847
vn -0.014537 -0.044765 0.088231
vn -0.014537 -0.044765 0.088231
vn -0.014537 -0.044765 0.088231
vn -0.008439 0.051597 0.085244
vn -0.008439 0.051597 0.085244
vn -0.008439 0.051597 0.085244
vn -0.002502 0.085042 0.052550
vn -0.002502 0.085042 0.052550
vn -0.002502 0.085042 0.052550
vn 0.009808 0.096032 -0.026109
vn 0.009808 0.096032 -0.026109
vn 0.009808 0.096032 -0.026109
vn 0.009808 0.096032 -0.026109
vn 0.009808 0.096032 -0.026109
vn 0.009808 0.096032 -0.026109
vn -0.006602 -0.098814 0.013861
vn -0.006602 -0.098814 0.013861
vn -0.006602 -0.098814 0.013861
vn -0.006602 -0.098814 0.013861
vn -0.006602 -0.098814 0.013861
vn -0.006602 -0.098814 0.013861
vn -0.000578 -0.098434 -0.017621
vn -0.000578 -0.098434 -0.017621
vn -0.000578 -0.098434 -0.017621
vn -0.000578 -0.098434 -0.017621
vn -0.000578 -0.098434 -0.017621
vn -0.000578 -0.098434 -0.017621
vn -0.003559 -0.099934 -0.000761
vn -0.003559 -0.099934 -0.000761
vn -0.003559 -0.099934 -0.000761
vn -0.003559 -0.099934 -0.000761
vn -0.003559 -0.099934 -0.000761
vn -0.003559 -0.099934 -0.000761
vn -0.000895 0.093239 0.036135
vn -0.000895 0.093239 0.036135
vn -0.000895 0.093239 0.036135
vn -0.000895 0.093239 0.036135
vn -0.000895 0.093239 0.036135
vn 0.001359 -0.094134 -0.033719
vn 0.001359 -0.094134 -0.033719
vn 0.001359 -0.094134 -0.033719
vn 0.001359 -0.094134 -0.033719
vn 0.001359 -0.094134 -0.033719
vn 0.001359 -0.094134 -0.033719
vn 0.001346 -0.095993 -0.027991
vn 0.001346 -0.095993 -0.027991
vn 0.001346 -0.095993 -0.027991
vn 0.001346 -0.095993 -0.027991
vn 0.001346 -0.095993 -0.027991
vn 0.001346 -0.095993 -0.027991
vn -0.010692 0.033884 0.093475
vn -0.010692 0.033884 0.093475
vn -0.010692 0.033884 0.093475
vn -0.000754 0.093492 0.035477
vn -0.000754 0.093492 0.035477
vn -0.000754 0.093492 0.035477
vn -0.000754 0.093492 0.035477
vn -0.000754 0.093492 0.035477
vn -0.000754 0.093492 0.035477
vn 0.001317 0.098010 0.019808
vn 0.001317 0.098010 0.019808
vn 0.001317 0.098010 0.019808
vn 0.001317 0.098010 0.019808
vn 0.001317 0.098010 0.019808
vn 0.004897 0.099867 0.001631
vn 0.004897 0.099867 0.001631
vn 0.004897 0.099867 0.001631
vn 0.004897 0.099867 0.001631
vn 0.004897 0.099867 0.001631
vn 0.004897 0.099867 0.001631
vn 0.004897 0.099867 0.001631
vn 0.004897 0.099867 0.001631
vn 0.007723 0.098486 -0.015522
vn 0.007723 0.098486 -0.015522
vn 0.007723 0.098486 -0.015522
vn 0.007723 0.098486 -0.015522
vn 0.007723 0.098486 -0.015522
vn 0.009129 0.097063 -0.022258
vn 0.009129 0.097063 -0.022258
vn 0.009129 0.097063 -0.022258
vn 0.009129 0.097063 -0.022258
vn 0.001441 0.098099 0.019354
vn 0.001441 0.098099 0.019354
vn 0.001441 0.098099 0.019354
vn 0.001441 0.098099 0.019354
vn 0.001441 0.098099 0.019354
vn 0.001441 0.098099 0.019354
vn -0.004913 0.070344 0.070905
vn -0.004913 0.070344 0.070905
vn -0.004913 0.070344 0.070905
vn -0.004913 0.070344 0.070905
vn 0.002948 0.099672 0.007537
vn 0.002948 0.099672 0.007537
vn 0.002948 0.099672 0.007537
vn 0.002948 0.099672 0.007537
vn 0.002948 0.099672 0.007537
vn 0.002948 0.099672 0.007537
vn 0.005123 0.099714 -0.005549
vn 0.005123 0.099714 -0.005549
vn 0.005123 0.099714 -0.005549
vn 0.005123 0.099714 -0.005549
vn 0.005123 0.099714 -0.005549
vn 0.005123 0.099714 -0.005549
vn 0.006570 0.098994 -0.012534
vn 0.006570 0.098994 -0.012534
vn 0.006570 0.098994 -0.012534
vn 0.006570 0.098994 -0.012534
vn 0.006570 0.098994 -0.012534
vn 0.006570 0.098994 -0.012534
vn 0.008415 0.097467 -0.020720
vn 0.008415 0.097467 -0.020720
vn 0.008415 0.097467 -0.020720
vn 0.008415 0.097467 -0.020720
vn 0.008415 0.097467 -0.020720
vn 0.008495 0.097404 -0.020985
vn 0.008495 0.097404 -0.020985
vn 0.008495 0.097404 -0.020985
vn 0.008495 0.097404 -0.020985
vn 0.008495 0.097404 -0.020985
vn 0.008495 0.097404 -0.020985
vn -0.041149 -0.016283 0.089675
vn -0.041149 -0.016283 0.089675
vn -0.041149 -0.016283 0.089675
vn -0.042930 -0.002406 0.090284
vn -0.042930 -0.002406 0.090284
vn -0.042930 -0.002406 0.090284
vn -0.038047 -0.031872 0.086814
vn -0.038047 -0.031872 0.086814
vn -0.038047 -0.031872 0.086814
vn -0.043792 0.010533 0.089282
vn -0.043792 0.010533 0.089282
vn -0.043792 0.010533 0.089282
vn -0.035990 -0.039792 0.084388
vn -0.035990 -0.039792 0.084388
vn -0.035990 -0.039792 0.084388
vn -0.043911 0.019161 0.087776
vn -0.043911 0.019161 0.087776
vn -0.043911 0.019161 0.087776
vn -0.032302 -0.051383 0.079475
vn -0.032302 -0.051383 0.079475
vn -0.032302 -0.051383 0.079475
vn -0.020588 -0.078904 0.057882
vn -0.020588 -0.078904 0.057882
vn -0.020588 -0.078904 0.057882
vn -0.020588 -0.078904 0.057882
vn -0.028563 -0.060894 0.074000
vn -0.028563 -0.060894 0.074000
vn -0.028563 -0.060894 0.074000
vn 0.012709 -0.099187 0.000631
vn 0.012709 -0.099187 0.000631
vn 0.012709 -0.099187 0.000631
vn -0.044506 0.045678 0.077024
vn -0.044506 0.045678 0.077024
vn -0.044506 0.045678 0.077024
vn -0.021776 -0.074364 0.063212
vn -0.021776 -0.074364 0.063212
vn -0.021776 -0.074364 0.063212
vn 0.019119 -0.096697 -0.016858
vn 0.019119 -0.096697 -0.016858
vn 0.019119 -0.096697 -0.016858
vn 0.012179 -0.099247 0.001301
vn 0.012179 -0.099247 0.001301
vn 0.012179 -0.099247 0.001301
vn -0.040277 0.064090 0.065348
vn -0.040277 0.064090 0.065348
vn -0.040277 0.064090 0.065348
vn -0.008871 -0.090898 0.040730
vn -0.008871 -0.090898 0.040730
vn -0.008871 -0.090898 0.040730
vn -0.008871 -0.090898 0.040730
vn -0.008871 -0.090898 0.040730
vn 0.019471 -0.096505 -0.017539
vn 0.019471 -0.096505 -0.017539
vn 0.019471 -0.096505 -0.017539
vn 0.020205 -0.096549 -0.016433
vn 0.020205 -0.096549 -0.016433
vn 0.020205 -0.096549 -0.016433
vn 0.020205 -0.096549 -0.016433
vn 0.020205 -0.096549 -0.016433
vn 0.020205 -0.096549 -0.016433
vn 0.018136 -0.096822 -0.017223
vn 0.018136 -0.096822 -0.017223
vn 0.018136 -0.096822 -0.017223
vn 0.010877 -0.099200 -0.006402
vn 0.010877 -0.099200 -0.006402
vn 0.010877 -0.099200 -0.006402
vn -0.033533 0.079792 0.050088
vn -0.033533 0.079792 0.050088
vn -0.033533 0.079792 0.050088
vn 0.005383 -0.098912 0.013689
vn 0.005383 -0.098912 0.013689
vn 0.005383 -0.098912 0.013689
vn 0.005383 -0.098912 0.013689
vn 0.005383 -0.098912 0.013689
vn 0.018967 -0.096902 -0.015817
vn 0.018967 -0.096902 -0.015817
vn 0.018967 -0.096902 -0.015817
vn 0.020472 -0.096410 -0.016911
vn 0.020472 -0.096410 -0.016911
vn 0.020472 -0.096410 -0.016911
vn 0.020472 -0.096410 -0.016911
vn 0.020472 -0.096410 -0.016911
vn 0.020418 -0.096416 -0.016944
vn 0.020418 -0.096416 -0.016944
vn 0.020418 -0.096416 -0.016944
vn 0.020418 -0.096416 -0.016944
vn 0.020418 -0.096416 -0.016944
vn 0.020418 -0.096416 -0.016944
vn 0.017875 -0.096962 -0.016698
vn 0.017875 -0.096962 -0.016698
vn 0.017875 -0.096962 -0.016698
vn 0.016046 -0.097429 -0.015815
vn 0.016046 -0.097429 -0.015815
vn 0.016046 -0.097429 -0.015815
vn 0.007900 -0.099617 0.003748
vn 0.007900 -0.099617 0.003748
vn 0.007900 -0.099617 0.003748
vn -0.025876 0.090244 0.034444
vn -0.025876 0.090244 0.034444
vn -0.025876 0.090244 0.034444
vn -0.025876 0.090244 0.034444
vn -0.025876 0.090244 0.034444
vn 0.014868 -0.098743 -0.005360
vn 0.014868 -0.098743 -0.005360
vn 0.014868 -0.098743 -0.005360
vn 0.014868 -0.098743 -0.005360
vn 0.014868 -0.098743 -0.005360
vn 0.018689 -0.097050 -0.015233
vn 0.018689 -0.097050 -0.015233
vn 0.018689 -0.097050 -0.015233
vn 0.019692 -0.097051 -0.013900
vn 0.019692 -0.097051 -0.013900
vn 0.019692 -0.097051 -0.013900
vn 0.019692 -0.097051 -0.013900
vn 0.019692 -0.097051 -0.013900
vn 0.016045 -0.097431 -0.015805
vn 0.016045 -0.097431 -0.015805
vn 0.016045 -0.097431 -0.015805
vn 0.017247 -0.097464 -0.014261
vn 0.017247 -0.097464 -0.014261
vn 0.017247 -0.097464 -0.014261
vn 0.015402 -0.097356 -0.016868
vn 0.015402 -0.097356 -0.016868
vn 0.015402 -0.097356 -0.016868
vn 0.010965 -0.099382 -0.001711
vn 0.010965 -0.099382 -0.001711
vn 0.010965 -0.099382 -0.001711
vn -0.029161 0.081806 0.049573
vn -0.029161 0.081806 0.049573
vn -0.029161 0.081806 0.049573
vn -0.027731 0.088206 0.038089
vn -0.027731 0.088206 0.038089
vn -0.027731 0.088206 0.038089
vn -0.027731 0.088206 0.038089
vn -0.020103 0.096617 0.016155
vn -0.020103 0.096617 0.016155
vn -0.020103 0.096617 0.016155
vn -0.020103 0.096617 0.016155
vn -0.020103 0.096617 0.016155
vn 0.017843 -0.097690 -0.011761
vn 0.017843 -0.097690 -0.011761
vn 0.017843 -0.097690 -0.011761
vn 0.017843 -0.097690 -0.011761
vn 0.017843 -0.097690 -0.011761
vn 0.017843 -0.097690 -0.011761
vn 0.015101 -0.097981 -0.013103
vn 0.015101 -0.097981 -0.013103
vn 0.015101 -0.097981 -0.013103
vn 0.016222 -0.097930 -0.012108
vn 0.016222 -0.097930 -0.012108
vn 0.016222 -0.097930 -0.012108
vn 0.013776 -0.097950 -0.014696
vn 0.013776 -0.097950 -0.014696
vn 0.013776 -0.097950 -0.014696
vn 0.007645 -0.099701 -0.001150
vn 0.007645 -0.099701 -0.001150
vn 0.007645 -0.099701 -0.001150
vn -0.022478 0.087953 0.041941
vn -0.022478 0.087953 0.041941
vn -0.022478 0.087953 0.041941
vn -0.027096 0.088356 0.038197
vn -0.027096 0.088356 0.038197
vn -0.027096 0.088356 0.038197
vn -0.014218 0.098901 0.004044
vn -0.014218 0.098901 0.004044
vn -0.014218 0.098901 0.004044
vn -0.014218 0.098901 0.004044
vn -0.014218 0.098901 0.004044
vn -0.014218 0.098901 0.004044
vn 0.017446 -0.097858 -0.010926
vn 0.017446 -0.097858 -0.010926
vn 0.017446 -0.097858 -0.010926
vn 0.017446 -0.097858 -0.010926
vn 0.017446 -0.097858 -0.010926
vn 0.017446 -0.097858 -0.010926
vn 0.013501 -0.098562 -0.010162
vn 0.013501 -0.098562 -0.010162
vn 0.013501 -0.098562 -0.010162
vn 0.015735 -0.098211 -0.010343
vn 0.015735 -0.098211 -0.010343
vn 0.015735 -0.098211 -0.010343
vn 0.012630 -0.098492 -0.011826
vn 0.012630 -0.098492 -0.011826
vn 0.012630 -0.098492 -0.011826
vn 0.013540 -0.097565 -0.017253
vn 0.013540 -0.097565 -0.017253
vn 0.013540 -0.097565 -0.017253
vn 0.007627 -0.099703 -0.001019
vn 0.007627 -0.099703 -0.001019
vn 0.007627 -0.099703 -0.001019
vn -0.013481 0.098367 0.011927
vn -0.013481 0.098367 0.011927
vn -0.013481 0.098367 0.011927
vn -0.022426 0.085814 0.046184
vn -0.022426 0.085814 0.046184
vn -0.022426 0.085814 0.046184
vn -0.013900 0.098591 0.009302
vn -0.013900 0.098591 0.009302
vn -0.013900 0.098591 0.009302
vn -0.013096 0.098943 0.006231
vn -0.013096 0.098943 0.006231
vn -0.013096 0.098943 0.006231
vn -0.012925 0.099161 0.000090
vn -0.012925 0.099161 0.000090
vn -0.012925 0.099161 0.000090
vn -0.012925 0.099161 0.000090
vn -0.012925 0.099161 0.000090
vn 0.015792 -0.098579 -0.005728
vn 0.015792 -0.098579 -0.005728
vn 0.015792 -0.098579 -0.005728
vn 0.015792 -0.098579 -0.005728
vn 0.015792 -0.098579 -0.005728
vn 0.012423 -0.098680 -0.010388
vn 0.012423 -0.098680 -0.010388
vn 0.012423 -0.098680 -0.010388
vn 0.012565 -0.099051 -0.005568
vn 0.012565 -0.099051 -0.005568
vn 0.012565 -0.099051 -0.005568
vn 0.014180 -0.098755 -0.006817
vn 0.014180 -0.098755 -0.006817
vn 0.014180 -0.098755 -0.006817
vn 0.010488 -0.098707 -0.012120
vn 0.010488 -0.098707 -0.012120
vn 0.010488 -0.098707 -0.012120
vn 0.010637 -0.098586 -0.012947
vn 0.010637 -0.098586 -0.012947
vn 0.010637 -0.098586 -0.012947
vn 0.007407 -0.099723 -0.000649
vn 0.007407 -0.099723 -0.000649
vn 0.007407 -0.099723 -0.000649
vn -0.009489 0.099363 0.006084
vn -0.009489 0.099363 0.006084
vn -0.009489 0.099363 0.006084
vn -0.018031 0.089784 0.040171
vn -0.018031 0.089784 0.040171
vn -0.018031 0.089784 0.040171
vn -0.008309 0.099528 -0.005007
vn -0.008309 0.099528 -0.005007
vn -0.008309 0.099528 -0.005007
vn -0.009335 0.099265 -0.007699
vn -0.009335 0.099265 -0.007699
vn -0.009335 0.099265 -0.007699
vn -0.009335 0.099265 -0.007699
vn -0.009335 0.099265 -0.007699
vn -0.009335 0.099265 -0.007699
vn -0.008859 0.099167 -0.009347
vn -0.008859 0.099167 -0.009347
vn -0.008859 0.099167 -0.009347
vn -0.008859 0.099167 -0.009347
vn -0.008859 0.099167 -0.009347
vn 0.013197 -0.099116 -0.001329
vn 0.013197 -0.099116 -0.001329
vn 0.013197 -0.099116 -0.001329
vn 0.013197 -0.099116 -0.001329
vn 0.013197 -0.099116 -0.001329
vn 0.013197 -0.099116 -0.001329
vn 0.009542 -0.099461 -0.004059
vn 0.009542 -0.099461 -0.004059
vn 0.009542 -0.099461 -0.004059
vn 0.010531 -0.099441 -0.000762
vn 0.010531 -0.099441 -0.000762
vn 0.010531 -0.099441 -0.000762
vn 0.008014 -0.099462 -0.006564
vn 0.008014 -0.099462 -0.006564
vn 0.008014 -0.099462 -0.006564
vn 0.009861 -0.098471 -0.014360
vn 0.009861 -0.098471 -0.014360
vn 0.009861 -0.098471 -0.014360
vn 0.005062 -0.099853 -0.001963
vn 0.005062 -0.099853 -0.001963
vn 0.005062 -0.099853 -0.001963
vn -0.006749 0.099714 -0.003402
vn -0.006749 0.099714 -0.003402
vn -0.006749 0.099714 -0.003402
vn -0.009311 0.099188 0.008660
vn -0.009311 0.099188 0.008660
vn -0.009311 0.099188 0.008660
vn -0.017494 0.088586 0.042972
vn -0.017494 0.088586 0.042972
vn -0.017494 0.088586 0.042972
vn -0.008057 0.099475 -0.006313
vn -0.008057 0.099475 -0.006313
vn -0.008057 0.099475 -0.006313
vn -0.006706 0.099695 -0.004003
vn -0.006706 0.099695 -0.004003
vn -0.006706 0.099695 -0.004003
vn -0.006143 0.098481 -0.016239
vn -0.006143 0.098481 -0.016239
vn -0.006143 0.098481 -0.016239
vn -0.006143 0.098481 -0.016239
vn -0.006143 0.098481 -0.016239
vn -0.006143 0.098481 -0.016239
vn 0.011590 -0.099286 0.002832
vn 0.011590 -0.099286 0.002832
vn 0.011590 -0.099286 0.002832
vn 0.011590 -0.099286 0.002832
vn 0.011590 -0.099286 0.002832
vn 0.007787 -0.099596 -0.004470
vn 0.007787 -0.099596 -0.004470
vn 0.007787 -0.099596 -0.004470
vn 0.009120 -0.099583 -0.000303
vn 0.009120 -0.099583 -0.000303
vn 0.009120 -0.099583 -0.000303
vn 0.009702 -0.099450 0.003933
vn 0.009702 -0.099450 0.003933
vn 0.009702 -0.099450 0.003933
vn 0.006829 -0.099491 -0.007413
vn 0.006829 -0.099491 -0.007413
vn 0.006829 -0.099491 -0.007413
vn 0.007308 -0.099176 -0.010523
vn 0.007308 -0.099176 -0.010523
vn 0.007308 -0.099176 -0.010523
vn 0.007600 -0.099244 -0.009636
vn 0.007600 -0.099244 -0.009636
vn 0.007600 -0.099244 -0.009636
vn 0.004992 -0.099658 0.006590
vn 0.004992 -0.099658 0.006590
vn 0.004992 -0.099658 0.006590
vn -0.004669 0.099764 -0.005041
vn -0.004669 0.099764 -0.005041
vn -0.004669 0.099764 -0.005041
vn -0.009108 0.099227 0.008434
vn -0.009108 0.099227 0.008434
vn -0.009108 0.099227 0.008434
vn -0.018267 0.087748 0.044347
vn -0.018267 0.087748 0.044347
vn -0.018267 0.087748 0.044347
vn -0.004623 0.098683 -0.015503
vn -0.004623 0.098683 -0.015503
vn -0.004623 0.098683 -0.015503
vn -0.002469 0.098697 -0.015903
vn -0.002469 0.098697 -0.015903
vn -0.002469 0.098697 -0.015903
vn -0.004575 0.098630 -0.015847
vn -0.004575 0.098630 -0.015847
vn -0.004575 0.098630 -0.015847
vn -0.005826 0.098247 -0.017709
vn -0.005826 0.098247 -0.017709
vn -0.005826 0.098247 -0.017709
vn -0.005826 0.098247 -0.017709
vn -0.005826 0.098247 -0.017709
vn 0.012085 -0.099250 0.001858
vn 0.012085 -0.099250 0.001858
vn 0.012085 -0.099250 0.001858
vn 0.012085 -0.099250 0.001858
vn 0.012085 -0.099250 0.001858
vn 0.012085 -0.099250 0.001858
vn 0.004446 -0.099835 0.003637
vn 0.004446 -0.099835 0.003637
vn 0.004446 -0.099835 0.003637
vn 0.005514 -0.099425 0.009177
vn 0.005514 -0.099425 0.009177
vn 0.005514 -0.099425 0.009177
vn 0.007417 -0.099224 0.009978
vn 0.007417 -0.099224 0.009978
vn 0.007417 -0.099224 0.009978
vn 0.004337 -0.099879 -0.002325
vn 0.004337 -0.099879 -0.002325
vn 0.004337 -0.099879 -0.002325
vn 0.009189 -0.099011 -0.010598
vn 0.009189 -0.099011 -0.010598
vn 0.009189 -0.099011 -0.010598
vn 0.006091 -0.099689 0.005003
vn 0.006091 -0.099689 0.005003
vn 0.006091 -0.099689 0.005003
vn -0.002608 0.098646 -0.016191
vn -0.002608 0.098646 -0.016191
vn -0.002608 0.098646 -0.016191
vn -0.004916 0.099599 -0.007477
vn -0.004916 0.099599 -0.007477
vn -0.004916 0.099599 -0.007477
vn -0.009361 0.099353 0.006434
vn -0.009361 0.099353 0.006434
vn -0.009361 0.099353 0.006434
vn -0.017096 0.086831 0.046563
vn -0.017096 0.086831 0.046563
vn -0.017096 0.086831 0.046563
vn -0.002584 0.098997 -0.013888
vn -0.002584 0.098997 -0.013888
vn -0.002584 0.098997 -0.013888
vn -0.002085 0.097158 -0.023578
vn -0.002085 0.097158 -0.023578
vn -0.002085 0.097158 -0.023578
vn -0.003118 0.096789 -0.024942
vn -0.003118 0.096789 -0.024942
vn -0.003118 0.096789 -0.024942
vn -0.003118 0.096789 -0.024942
vn -0.003118 0.096789 -0.024942
vn -0.003118 0.096789 -0.024942
vn 0.008161 -0.098804 0.013083
vn 0.008161 -0.098804 0.013083
vn 0.008161 -0.098804 0.013083
vn 0.008161 -0.098804 0.013083
vn 0.008161 -0.098804 0.013083
vn 0.003979 -0.099859 0.003520
vn 0.003979 -0.099859 0.003520
vn 0.003979 -0.099859 0.003520
vn 0.004147 -0.099466 0.009454
vn 0.004147 -0.099466 0.009454
vn 0.004147 -0.099466 0.009454
vn 0.005473 -0.099182 0.011530
vn 0.005473 -0.099182 0.011530
vn 0.005473 -0.099182 0.011530
vn 0.006507 -0.098655 0.014996
vn 0.006507 -0.098655 0.014996
vn 0.006507 -0.098655 0.014996
vn 0.007186 -0.099738 -0.000855
vn 0.007186 -0.099738 -0.000855
vn 0.007186 -0.099738 -0.000855
vn 0.009553 -0.099259 -0.007508
vn 0.009553 -0.099259 -0.007508
vn 0.009553 -0.099259 -0.007508
vn 0.007276 -0.099600 -0.005186
vn 0.007276 -0.099600 -0.005186
vn 0.007276 -0.099600 -0.005186
vn 0.007636 -0.098982 0.012012
vn 0.007636 -0.098982 0.012012
vn 0.007636 -0.098982 0.012012
vn -0.003647 0.098844 -0.014714
vn -0.003647 0.098844 -0.014714
vn -0.003647 0.098844 -0.014714
vn -0.009583 0.099386 -0.005526
vn -0.009583 0.099386 -0.005526
vn -0.009583 0.099386 -0.005526
vn -0.013081 0.098591 0.010430
vn -0.013081 0.098591 0.010430
vn -0.013081 0.098591 0.010430
vn -0.012317 0.093691 0.032716
vn -0.012317 0.093691 0.032716
vn -0.012317 0.093691 0.032716
vn 0.000269 0.096924 -0.024608
vn 0.000269 0.096924 -0.024608
vn 0.000269 0.096924 -0.024608
vn -0.001979 0.096861 -0.024780
vn -0.001979 0.096861 -0.024780
vn -0.001979 0.096861 -0.024780
vn 0.000299 0.097099 -0.023910
vn 0.000299 0.097099 -0.023910
vn 0.000299 0.097099 -0.023910
vn -0.002722 0.096095 -0.027537
vn -0.002722 0.096095 -0.027537
vn -0.002722 0.096095 -0.027537
vn -0.002722 0.096095 -0.027537
vn -0.002722 0.096095 -0.027537
vn 0.006938 -0.098574 0.015331
vn 0.006938 -0.098574 0.015331
vn 0.006938 -0.098574 0.015331
vn 0.006938 -0.098574 0.015331
vn 0.006938 -0.098574 0.015331
vn 0.006938 -0.098574 0.015331
vn 0.005175 -0.097453 0.021820
vn 0.005175 -0.097453 0.021820
vn 0.005175 -0.097453 0.021820
vn 0.005175 -0.097453 0.021820
vn 0.005175 -0.097453 0.021820
vn 0.001142 -0.099468 0.010235
vn 0.001142 -0.099468 0.010235
vn 0.001142 -0.099468 0.010235
vn 0.000823 -0.098312 0.018276
vn 0.000823 -0.098312 0.018276
vn 0.000823 -0.098312 0.018276
vn 0.003173 -0.097850 0.020381
vn 0.003173 -0.097850 0.020381
vn 0.003173 -0.097850 0.020381
vn 0.003753 -0.097677 0.021097
vn 0.003753 -0.097677 0.021097
vn 0.003753 -0.097677 0.021097
vn 0.006125 -0.099797 0.001730
vn 0.006125 -0.099797 0.001730
vn 0.006125 -0.099797 0.001730
vn 0.012050 -0.098797 -0.009690
vn 0.012050 -0.098797 -0.009690
vn 0.012050 -0.098797 -0.009690
vn 0.011115 -0.099307 -0.003822
vn 0.011115 -0.099307 -0.003822
vn 0.011115 -0.099307 -0.003822
vn 0.012572 -0.099186 -0.002005
vn 0.012572 -0.099186 -0.002005
vn 0.012572 -0.099186 -0.002005
vn -0.006289 0.097594 -0.020877
vn -0.006289 0.097594 -0.020877
vn -0.006289 0.097594 -0.020877
vn -0.001660 0.096697 -0.025436
vn -0.001660 0.096697 -0.025436
vn -0.001660 0.096697 -0.025436
vn -0.007599 0.099126 -0.010786
vn -0.007599 0.099126 -0.010786
vn -0.007599 0.099126 -0.010786
vn -0.009675 0.099528 -0.000688
vn -0.009675 0.099528 -0.000688
vn -0.009675 0.099528 -0.000688
vn -0.013441 0.093246 0.033534
vn -0.013441 0.093246 0.033534
vn -0.013441 0.093246 0.033534
vn -0.001582 0.096871 -0.024769
vn -0.001582 0.096871 -0.024769
vn -0.001582 0.096871 -0.024769
vn 0.000055 0.095013 -0.031184
vn 0.000055 0.095013 -0.031184
vn 0.000055 0.095013 -0.031184
vn 0.001771 0.094852 -0.031623
vn 0.001771 0.094852 -0.031623
vn 0.001771 0.094852 -0.031623
vn -0.000675 0.094416 -0.032941
vn -0.000675 0.094416 -0.032941
vn -0.000675 0.094416 -0.032941
vn -0.000675 0.094416 -0.032941
vn -0.000675 0.094416 -0.032941
vn -0.000675 0.094416 -0.032941
vn 0.003653 -0.096705 0.025196
vn 0.003653 -0.096705 0.025196
vn 0.003653 -0.096705 0.025196
vn 0.003653 -0.096705 0.025196
vn 0.003653 -0.096705 0.025196
vn 0.003653 -0.096705 0.025196
vn 0.005534 -0.099023 0.012796
vn 0.005534 -0.099023 0.012796
vn 0.005534 -0.099023 0.012796
vn 0.000889 -0.098308 0.018294
vn 0.000889 -0.098308 0.018294
vn 0.000889 -0.098308 0.018294
vn 0.000632 -0.097253 0.023267
vn 0.000632 -0.097253 0.023267
vn 0.000632 -0.097253 0.023267
vn 0.001487 -0.097173 0.023562
vn 0.001487 -0.097173 0.023562
vn 0.001487 -0.097173 0.023562
vn 0.003025 -0.096730 0.025182
vn 0.003025 -0.096730 0.025182
vn 0.003025 -0.096730 0.025182
vn 0.009237 -0.099423 0.005445
vn 0.009237 -0.099423 0.005445
vn 0.009237 -0.099423 0.005445
vn 0.011163 -0.099132 -0.006951
vn 0.011163 -0.099132 -0.006951
vn 0.011163 -0.099132 -0.006951
vn 0.009915 -0.099502 -0.001067
vn 0.009915 -0.099502 -0.001067
vn 0.009915 -0.099502 -0.001067
vn 0.009021 -0.099575 0.001868
vn 0.009021 -0.099575 0.001868
vn 0.009021 -0.099575 0.001868
vn -0.007264 0.097905 -0.019022
vn -0.007264 0.097905 -0.019022
vn -0.007264 0.097905 -0.019022
vn -0.005915 0.096210 -0.026621
vn -0.005915 0.096210 -0.026621
vn -0.005915 0.096210 -0.026621
vn -0.006315 0.099371 -0.009247
vn -0.006315 0.099371 -0.009247
vn -0.006315 0.099371 -0.009247
vn -0.006796 0.099741 -0.002363
vn -0.006796 0.099741 -0.002363
vn -0.006796 0.099741 -0.002363
vn -0.007097 0.098996 0.012226
vn -0.007097 0.098996 0.012226
vn -0.007097 0.098996 0.012226
vn -0.009327 0.083006 0.054982
vn -0.009327 0.083006 0.054982
vn -0.009327 0.083006 0.054982
vn 0.000360 0.093445 -0.035607
vn 0.000360 0.093445 -0.035607
vn 0.000360 0.093445 -0.035607
vn 0.000147 0.094540 -0.032591
vn 0.000147 0.094540 -0.032591
vn 0.000147 0.094540 -0.032591
vn 0.001825 0.095103 -0.030855
vn 0.001825 0.095103 -0.030855
vn 0.001825 0.095103 -0.030855
vn 0.001306 0.094947 -0.031359
vn 0.001306 0.094947 -0.031359
vn 0.001306 0.094947 -0.031359
vn -0.000389 0.093491 -0.035486
vn -0.000389 0.093491 -0.035486
vn -0.000389 0.093491 -0.035486
vn -0.000389 0.093491 -0.035486
vn -0.000389 0.093491 -0.035486
vn 0.002715 -0.095227 0.030405
vn 0.002715 -0.095227 0.030405
vn 0.002715 -0.095227 0.030405
vn 0.002715 -0.095227 0.030405
vn 0.002715 -0.095227 0.030405
vn 0.004394 -0.098678 0.015599
vn 0.004394 -0.098678 0.015599
vn 0.004394 -0.098678 0.015599
vn -0.001590 -0.096870 0.024774
vn -0.001590 -0.096870 0.024774
vn -0.001590 -0.096870 0.024774
vn -0.001962 -0.095305 0.030219
vn -0.001962 -0.095305 0.030219
vn -0.001962 -0.095305 0.030219
vn 0.000830 -0.095685 0.029045
vn 0.000830 -0.095685 0.029045
vn 0.000830 -0.095685 0.029045
vn 0.001577 -0.095788 0.028675
vn 0.001577 -0.095788 0.028675
vn 0.001577 -0.095788 0.028675
vn 0.007271 -0.099281 0.009512
vn 0.007271 -0.099281 0.009512
vn 0.007271 -0.099281 0.009512
vn 0.008845 -0.099406 -0.006343
vn 0.008845 -0.099406 -0.006343
vn 0.008845 -0.099406 -0.006343
vn 0.008405 -0.099530 -0.004805
vn 0.008405 -0.099530 -0.004805
vn 0.008405 -0.099530 -0.004805
vn -0.000503 -0.099723 -0.007426
vn -0.000503 -0.099723 -0.007426
vn -0.000503 -0.099723 -0.007426
vn -0.005918 0.096553 -0.025346
vn -0.005918 0.096553 -0.025346
vn -0.005918 0.096553 -0.025346
vn -0.003470 0.098380 -0.017588
vn -0.003470 0.098380 -0.017588
vn -0.003470 0.098380 -0.017588
vn -0.002371 0.093212 -0.036138
vn -0.002371 0.093212 -0.036138
vn -0.002371 0.093212 -0.036138
vn 0.001188 0.096755 -0.025242
vn 0.001188 0.096755 -0.025242
vn 0.001188 0.096755 -0.025242
vn -0.007016 0.099739 -0.001685
vn -0.007016 0.099739 -0.001685
vn -0.007016 0.099739 -0.001685
vn 0.001695 0.099447 0.010360
vn 0.001695 0.099447 0.010360
vn 0.001695 0.099447 0.010360
vn -0.000169 -0.099934 -0.003641
vn -0.000169 -0.099934 -0.003641
vn -0.000169 -0.099934 -0.003641
vn -0.000394 0.092012 0.039161
vn -0.000394 0.092012 0.039161
vn -0.000394 0.092012 0.039161
vn -0.004537 0.093690 -0.034663
vn -0.004537 0.093690 -0.034663
vn -0.004537 0.093690 -0.034663
vn 0.000389 0.092607 -0.037732
vn 0.000389 0.092607 -0.037732
vn 0.000389 0.092607 -0.037732
vn 0.000389 0.092607 -0.037732
vn 0.000389 0.092607 -0.037732
vn 0.000389 0.092607 -0.037732
vn 0.000521 0.091696 -0.039895
vn 0.000521 0.091696 -0.039895
vn 0.000521 0.091696 -0.039895
vn 0.000521 0.091696 -0.039895
vn 0.000521 0.091696 -0.039895
vn 0.001222 -0.094505 0.032670
vn 0.001222 -0.094505 0.032670
vn 0.001222 -0.094505 0.032670
vn 0.001222 -0.094505 0.032670
vn 0.001222 -0.094505 0.032670
vn 0.001222 -0.094505 0.032670
vn 0.006504 -0.098233 0.017548
vn 0.006504 -0.098233 0.017548
vn 0.006504 -0.098233 0.017548
vn 0.003892 -0.096297 0.026680
vn 0.003892 -0.096297 0.026680
vn 0.003892 -0.096297 0.026680
vn -0.001495 -0.095271 0.030351
vn -0.001495 -0.095271 0.030351
vn -0.001495 -0.095271 0.030351
vn -0.001925 -0.094666 0.032165
vn -0.001925 -0.094666 0.032165
vn -0.001925 -0.094666 0.032165
vn -0.000438 -0.094651 0.032266
vn -0.000438 -0.094651 0.032266
vn -0.000438 -0.094651 0.032266
vn 0.002542 -0.099953 0.001738
vn 0.002542 -0.099953 0.001738
vn 0.002542 -0.099953 0.001738
vn 0.002801 -0.099960 0.000457
vn 0.002801 -0.099960 0.000457
vn 0.002801 -0.099960 0.000457
vn 0.000070 -0.099552 -0.009457
vn 0.000070 -0.099552 -0.009457
vn 0.000070 -0.099552 -0.009457
vn -0.002884 0.097775 -0.020777
vn -0.002884 0.097775 -0.020777
vn -0.002884 0.097775 -0.020777
vn -0.002407 0.099792 -0.005986
vn -0.002407 0.099792 -0.005986
vn -0.002407 0.099792 -0.005986
vn 0.001722 0.098207 -0.018775
vn 0.001722 0.098207 -0.018775
vn 0.001722 0.098207 -0.018775
vn -0.003622 0.096219 -0.026995
vn -0.003622 0.096219 -0.026995
vn -0.003622 0.096219 -0.026995
vn 0.002999 0.099891 -0.003580
vn 0.002999 0.099891 -0.003580
vn 0.002999 0.099891 -0.003580
vn 0.003243 0.099846 -0.004504
vn 0.003243 0.099846 -0.004504
vn 0.003243 0.099846 -0.004504
vn 0.002978 0.099751 0.006393
vn 0.002978 0.099751 0.006393
vn 0.002978 0.099751 0.006393
vn -0.008646 -0.099581 -0.002994
vn -0.008646 -0.099581 -0.002994
vn -0.008646 -0.099581 -0.002994
vn -0.000919 0.092243 0.038606
vn -0.000919 0.092243 0.038606
vn -0.000919 0.092243 0.038606
vn 0.000643 0.091550 -0.040227
vn 0.000643 0.091550 -0.040227
vn 0.000643 0.091550 -0.040227
vn 0.000643 0.091550 -0.040227
vn 0.000643 0.091550 -0.040227
vn 0.000643 0.091550 -0.040227
vn 0.000910 -0.094199 0.033552
vn 0.000910 -0.094199 0.033552
vn 0.000910 -0.094199 0.033552
vn 0.000910 -0.094199 0.033552
vn 0.000910 -0.094199 0.033552
vn 0.000910 -0.094199 0.033552
vn 0.000592 -0.093469 0.035541
vn 0.000592 -0.093469 0.035541
vn 0.000592 -0.093469 0.035541
vn 0.000592 -0.093469 0.035541
vn 0.000592 -0.093469 0.035541
vn 0.002952 -0.096775 0.025017
vn 0.002952 -0.096775 0.025017
vn 0.002952 -0.096775 0.025017
vn 0.002316 -0.095136 0.030721
vn 0.002316 -0.095136 0.030721
vn 0.002316 -0.095136 0.030721
vn -0.003302 -0.093514 0.035275
vn -0.003302 -0.093514 0.035275
vn -0.003302 -0.093514 0.035275
vn -0.003430 -0.092822 0.037046
vn -0.003430 -0.092822 0.037046
vn -0.003430 -0.092822 0.037046
vn -0.000551 -0.094074 0.033909
vn -0.000551 -0.094074 0.033909
vn -0.000551 -0.094074 0.033909
vn -0.001932 -0.099682 0.007733
vn -0.001932 -0.099682 0.007733
vn -0.001932 -0.099682 0.007733
vn -0.004696 -0.099637 -0.007099
vn -0.004696 -0.099637 -0.007099
vn -0.004696 -0.099637 -0.007099
vn 0.003887 0.094907 -0.031266
vn 0.003887 0.094907 -0.031266
vn 0.003887 0.094907 -0.031266
vn 0.004279 0.098517 -0.016615
vn 0.004279 0.098517 -0.016615
vn 0.004279 0.098517 -0.016615
vn 0.007537 0.095124 -0.029909
vn 0.007537 0.095124 -0.029909
vn 0.007537 0.095124 -0.029909
vn 0.003651 0.091406 -0.040394
vn 0.003651 0.091406 -0.040394
vn 0.003651 0.091406 -0.040394
vn 0.007843 0.099364 -0.008084
vn 0.007843 0.099364 -0.008084
vn 0.007843 0.099364 -0.008084
vn 0.006530 0.099615 0.005846
vn 0.006530 0.099615 0.005846
vn 0.006530 0.099615 0.005846
vn -0.005723 -0.098884 -0.013757
vn -0.005723 -0.098884 -0.013757
vn -0.005723 -0.098884 -0.013757
vn -0.008925 -0.098888 -0.011893
vn -0.008925 -0.098888 -0.011893
vn -0.008925 -0.098888 -0.011893
vn 0.006469 0.098408 0.016556
vn 0.006469 0.098408 0.016556
vn 0.006469 0.098408 0.016556
vn -0.002323 0.078233 0.062243
vn -0.002323 0.078233 0.062243
vn -0.002323 0.078233 0.062243
vn 0.000707 0.090880 -0.041718
vn 0.000707 0.090880 -0.041718
vn 0.000707 0.090880 -0.041718
vn 0.000707 0.090880 -0.041718
vn 0.000707 0.090880 -0.041718
vn 0.000103 -0.092850 0.037133
vn 0.000103 -0.092850 0.037133
vn 0.000103 -0.092850 0.037133
vn 0.000103 -0.092850 0.037133
vn 0.000103 -0.092850 0.037133
vn 0.000103 -0.092850 0.037133
vn 0.000000 -0.092422 0.038186
vn 0.000000 -0.092422 0.038186
vn 0.000000 -0.092422 0.038186
vn 0.000000 -0.092422 0.038186
vn 0.000000 -0.092422 0.038186
vn -0.003551 -0.098563 0.016516
vn -0.003551 -0.098563 0.016516
vn -0.003551 -0.098563 0.016516
vn 0.002588 -0.095111 0.030776
vn 0.002588 -0.095111 0.030776
vn 0.002588 -0.095111 0.030776
vn 0.002228 -0.093092 0.036455
vn 0.002228 -0.093092 0.036455
vn 0.002228 -0.093092 0.036455
vn -0.003131 -0.092806 0.037111
vn -0.003131 -0.092806 0.037111
vn -0.003131 -0.092806 0.037111
vn -0.003452 -0.092915 0.036808
vn -0.003452 -0.092915 0.036808
vn -0.003452 -0.092915 0.036808
vn -0.001508 -0.092884 0.037018
vn -0.001508 -0.092884 0.037018
vn -0.001508 -0.092884 0.037018
vn -0.006076 -0.099808 -0.001184
vn -0.006076 -0.099808 -0.001184
vn -0.006076 -0.099808 -0.001184
vn 0.004986 0.097772 -0.020389
vn 0.004986 0.097772 -0.020389
vn 0.004986 0.097772 -0.020389
vn 0.007938 0.098922 -0.012307
vn 0.007938 0.098922 -0.012307
vn 0.007938 0.098922 -0.012307
vn 0.009618 0.097504 -0.020011
vn 0.009618 0.097504 -0.020011
vn 0.009618 0.097504 -0.020011
vn 0.006908 0.096365 -0.025807
vn 0.006908 0.096365 -0.025807
vn 0.006908 0.096365 -0.025807
vn 0.002304 0.095380 -0.029955
vn 0.002304 0.095380 -0.029955
vn 0.002304 0.095380 -0.029955
vn 0.008021 0.099287 -0.008824
vn 0.008021 0.099287 -0.008824
vn 0.008021 0.099287 -0.008824
vn 0.008113 0.099669 0.000408
vn 0.008113 0.099669 0.000408
vn 0.008113 0.099669 0.000408
vn -0.007562 -0.098836 -0.013199
vn -0.007562 -0.098836 -0.013199
vn -0.007562 -0.098836 -0.013199
vn -0.007620 -0.098489 -0.015554
vn -0.007620 -0.098489 -0.015554
vn -0.007620 -0.098489 -0.015554
vn 0.008063 0.098318 0.016390
vn 0.008063 0.098318 0.016390
vn 0.008063 0.098318 0.016390
vn 0.007578 0.091654 0.039270
vn 0.007578 0.091654 0.039270
vn 0.007578 0.091654 0.039270
vn 0.001264 0.090184 -0.043188
vn 0.001264 0.090184 -0.043188
vn 0.001264 0.090184 -0.043188
vn 0.001264 0.090184 -0.043188
vn 0.001264 0.090184 -0.043188
vn 0.001264 0.090184 -0.043188
vn -0.001508 -0.092866 0.037062
vn -0.001508 -0.092866 0.037062
vn -0.001508 -0.092866 0.037062
vn -0.000035 -0.092365 0.038324
vn -0.000035 -0.092365 0.038324
vn -0.000035 -0.092365 0.038324
vn -0.000035 -0.092365 0.038324
vn -0.000035 -0.092365 0.038324
vn -0.000035 -0.092365 0.038324
vn -0.005530 -0.098005 0.019092
vn -0.005530 -0.098005 0.019092
vn -0.005530 -0.098005 0.019092
vn 0.002399 -0.094952 0.031279
vn 0.002399 -0.094952 0.031279
vn 0.002399 -0.094952 0.031279
vn 0.000967 -0.091895 0.039425
vn 0.000967 -0.091895 0.039425
vn 0.000967 -0.091895 0.039425
vn -0.004431 -0.091058 0.041095
vn -0.004431 -0.091058 0.041095
vn -0.004431 -0.091058 0.041095
vn -0.004504 -0.090941 0.041345
vn -0.004504 -0.090941 0.041345
vn -0.004504 -0.090941 0.041345
vn -0.006518 -0.099785 -0.000630
vn -0.006518 -0.099785 -0.000630
vn -0.006518 -0.099785 -0.000630
vn 0.009172 0.097857 -0.018434
vn 0.009172 0.097857 -0.018434
vn 0.009172 0.097857 -0.018434
vn 0.009435 0.097740 -0.018918
vn 0.009435 0.097740 -0.018918
vn 0.009435 0.097740 -0.018918
vn 0.012145 0.096194 -0.024480
vn 0.012145 0.096194 -0.024480
vn 0.012145 0.096194 -0.024480
vn 0.009488 0.094706 -0.030671
vn 0.009488 0.094706 -0.030671
vn 0.009488 0.094706 -0.030671
vn 0.007107 0.091325 -0.040116
vn 0.007107 0.091325 -0.040116
vn 0.007107 0.091325 -0.040116
vn 0.011008 0.098849 -0.010375
vn 0.011008 0.098849 -0.010375
vn 0.011008 0.098849 -0.010375
vn 0.010618 0.099434 -0.000354
vn 0.010618 0.099434 -0.000354
vn 0.010618 0.099434 -0.000354
vn -0.008195 -0.098955 -0.011861
vn -0.008195 -0.098955 -0.011861
vn -0.008195 -0.098955 -0.011861
vn -0.009262 -0.098645 -0.013544
vn -0.009262 -0.098645 -0.013544
vn -0.009262 -0.098645 -0.013544
vn 0.010758 0.099093 0.008059
vn 0.010758 0.099093 0.008059
vn 0.010758 0.099093 0.008059
vn -0.000028 0.089560 0.044486
vn -0.000028 0.089560 0.044486
vn -0.000028 0.089560 0.044486
vn 0.001186 0.090609 -0.042291
vn 0.001186 0.090609 -0.042291
vn 0.001186 0.090609 -0.042291
vn 0.001186 0.090609 -0.042291
vn 0.001186 0.090609 -0.042291
vn -0.002160 -0.091599 0.040062
vn -0.002160 -0.091599 0.040062
vn -0.002160 -0.091599 0.040062
vn -0.002174 -0.091646 0.039953
vn -0.002174 -0.091646 0.039953
vn -0.002174 -0.091646 0.039953
vn -0.000155 -0.091611 0.040094
vn -0.000155 -0.091611 0.040094
vn -0.000155 -0.091611 0.040094
vn -0.000155 -0.091611 0.040094
vn -0.000155 -0.091611 0.040094
vn -0.008852 -0.098788 0.012752
vn -0.008852 -0.098788 0.012752
vn -0.008852 -0.098788 0.012752
vn -0.007516 -0.095785 0.027727
vn -0.007516 -0.095785 0.027727
vn -0.007516 -0.095785 0.027727
vn -0.006168 -0.093517 0.034878
vn -0.006168 -0.093517 0.034878
vn -0.006168 -0.093517 0.034878
vn 0.002345 -0.091810 0.039565
vn 0.002345 -0.091810 0.039565
vn 0.002345 -0.091810 0.039565
vn 0.001062 -0.090515 0.042496
vn 0.001062 -0.090515 0.042496
vn 0.001062 -0.090515 0.042496
vn -0.004378 -0.090934 0.041373
vn -0.004378 -0.090934 0.041373
vn -0.004378 -0.090934 0.041373
vn -0.004715 -0.091466 0.040147
vn -0.004715 -0.091466 0.040147
vn -0.004715 -0.091466 0.040147
vn -0.008856 -0.099471 -0.005202
vn -0.008856 -0.099471 -0.005202
vn -0.008856 -0.099471 -0.005202
vn 0.011070 0.098810 -0.010679
vn 0.011070 0.098810 -0.010679
vn 0.011070 0.098810 -0.010679
vn 0.012885 0.096973 -0.020742
vn 0.012885 0.096973 -0.020742
vn 0.012885 0.096973 -0.020742
vn 0.011819 0.096756 -0.022328
vn 0.011819 0.096756 -0.022328
vn 0.011819 0.096756 -0.022328
vn 0.009596 0.094434 -0.031466
vn 0.009596 0.094434 -0.031466
vn 0.009596 0.094434 -0.031466
vn 0.006605 0.093186 -0.035677
vn 0.006605 0.093186 -0.035677
vn 0.006605 0.093186 -0.035677
vn 0.011442 0.099277 -0.003638
vn 0.011442 0.099277 -0.003638
vn 0.011442 0.099277 -0.003638
vn -0.009299 -0.098683 -0.013235
vn -0.009299 -0.098683 -0.013235
vn -0.009299 -0.098683 -0.013235
vn -0.006801 -0.098979 -0.012523
vn -0.006801 -0.098979 -0.012523
vn -0.006801 -0.098979 -0.012523
vn 0.007503 0.099468 0.007058
vn 0.007503 0.099468 0.007058
vn 0.007503 0.099468 0.007058
vn 0.007506 0.097545 0.020704
vn 0.007506 0.097545 0.020704
vn 0.007506 0.097545 0.020704
vn -0.001304 0.090789 0.041901
vn -0.001304 0.090789 0.041901
vn -0.001304 0.090789 0.041901
vn 0.000863 0.091204 -0.041001
vn 0.000863 0.091204 -0.041001
vn 0.000863 0.091204 -0.041001
vn 0.000863 0.091204 -0.041001
vn 0.000863 0.091204 -0.041001
vn 0.000863 0.091204 -0.041001
vn -0.002115 -0.092007 0.039119
vn -0.002115 -0.092007 0.039119
vn -0.002115 -0.092007 0.039119
vn -0.000644 -0.090776 0.041945
vn -0.000644 -0.090776 0.041945
vn -0.000644 -0.090776 0.041945
vn -0.000644 -0.090776 0.041945
vn -0.000644 -0.090776 0.041945
vn -0.000644 -0.090776 0.041945
vn -0.000612 -0.090993 0.041472
vn -0.000612 -0.090993 0.041472
vn -0.000612 -0.090993 0.041472
vn -0.000612 -0.090993 0.041472
vn -0.000612 -0.090993 0.041472
vn -0.009802 -0.098495 0.014232
vn -0.009802 -0.098495 0.014232
vn -0.009802 -0.098495 0.014232
vn -0.011349 -0.095341 0.027952
vn -0.011349 -0.095341 0.027952
vn -0.011349 -0.095341 0.027952
vn -0.006723 -0.092208 0.038112
vn -0.006723 -0.092208 0.038112
vn -0.006723 -0.092208 0.038112
vn 0.001136 -0.090694 0.042112
vn 0.001136 -0.090694 0.042112
vn 0.001136 -0.090694 0.042112
vn 0.000462 -0.089919 0.043754
vn 0.000462 -0.089919 0.043754
vn 0.000462 -0.089919 0.043754
vn -0.005205 -0.089222 0.044860
vn -0.005205 -0.089222 0.044860
vn -0.005205 -0.089222 0.044860
vn -0.005261 -0.089851 0.043579
vn -0.005261 -0.089851 0.043579
vn -0.005261 -0.089851 0.043579
vn -0.009979 -0.099446 -0.003306
vn -0.009979 -0.099446 -0.003306
vn -0.009979 -0.099446 -0.003306
vn 0.011187 0.098781 -0.010828
vn 0.011187 0.098781 -0.010828
vn 0.011187 0.098781 -0.010828
vn 0.006906 0.099157 -0.010966
vn 0.006906 0.099157 -0.010966
vn 0.006906 0.099157 -0.010966
vn 0.012447 0.096379 -0.023583
vn 0.012447 0.096379 -0.023583
vn 0.012447 0.096379 -0.023583
vn 0.012033 0.092551 -0.035910
vn 0.012033 0.092551 -0.035910
vn 0.012033 0.092551 -0.035910
vn 0.008983 0.099557 -0.002780
vn 0.008983 0.099557 -0.002780
vn 0.008983 0.099557 -0.002780
vn -0.005388 -0.098292 -0.017598
vn -0.005388 -0.098292 -0.017598
vn -0.005388 -0.098292 -0.017598
vn -0.005339 -0.098330 -0.017399
vn -0.005339 -0.098330 -0.017399
vn -0.005339 -0.098330 -0.017399
vn -0.005987 -0.099353 -0.009648
vn -0.005987 -0.099353 -0.009648
vn -0.005987 -0.099353 -0.009648
vn 0.009228 0.099568 0.001035
vn 0.009228 0.099568 0.001035
vn 0.009228 0.099568 0.001035
vn 0.005018 0.098585 0.015995
vn 0.005018 0.098585 0.015995
vn 0.005018 0.098585 0.015995
vn -0.001189 0.086072 0.050895
vn -0.001189 0.086072 0.050895
vn -0.001189 0.086072 0.050895
vn 0.004208 0.090732 -0.041833
vn 0.004208 0.090732 -0.041833
vn 0.004208 0.090732 -0.041833
vn 0.000528 0.090390 -0.042772
vn 0.000528 0.090390 -0.042772
vn 0.000528 0.090390 -0.042772
vn 0.000528 0.090390 -0.042772
vn 0.000528 0.090390 -0.042772
vn -0.003280 -0.090060 0.043341
vn -0.003280 -0.090060 0.043341
vn -0.003280 -0.090060 0.043341
vn -0.000637 -0.090938 0.041591
vn -0.000637 -0.090938 0.041591
vn -0.000637 -0.090938 0.041591
vn -0.000637 -0.090938 0.041591
vn -0.011714 -0.098603 0.011840
vn -0.011714 -0.098603 0.011840
vn -0.011714 -0.098603 0.011840
vn -0.010404 -0.095959 0.026145
vn -0.010404 -0.095959 0.026145
vn -0.010404 -0.095959 0.026145
vn -0.005841 -0.092943 0.036435
vn -0.005841 -0.092943 0.036435
vn -0.005841 -0.092943 0.036435
vn 0.001005 -0.089813 0.043962
vn 0.001005 -0.089813 0.043962
vn 0.001005 -0.089813 0.043962
vn 0.000540 -0.088289 0.046955
vn 0.000540 -0.088289 0.046955
vn 0.000540 -0.088289 0.046955
vn -0.005613 -0.089840 0.043558
vn -0.005613 -0.089840 0.043558
vn -0.005613 -0.089840 0.043558
vn -0.005811 -0.091161 0.040692
vn -0.005811 -0.091161 0.040692
vn -0.005811 -0.091161 0.040692
vn -0.008271 -0.099651 0.001157
vn -0.008271 -0.099651 0.001157
vn -0.008271 -0.099651 0.001157
vn 0.011065 0.098681 -0.011819
vn 0.011065 0.098681 -0.011819
vn 0.011065 0.098681 -0.011819
vn 0.005257 0.098252 -0.017860
vn 0.005257 0.098252 -0.017860
vn 0.005257 0.098252 -0.017860
vn 0.009071 0.094542 -0.031298
vn 0.009071 0.094542 -0.031298
vn 0.009071 0.094542 -0.031298
vn 0.013421 0.094254 -0.030594
vn 0.013421 0.094254 -0.030594
vn 0.013421 0.094254 -0.030594
vn -0.000788 -0.098797 -0.015443
vn -0.000788 -0.098797 -0.015443
vn -0.000788 -0.098797 -0.015443
vn -0.001218 -0.097347 -0.022848
vn -0.001218 -0.097347 -0.022848
vn -0.001218 -0.097347 -0.022848
vn -0.005977 -0.099631 0.006157
vn -0.005977 -0.099631 0.006157
vn -0.005977 -0.099631 0.006157
vn 0.002316 0.099967 0.001144
vn 0.002316 0.099967 0.001144
vn 0.002316 0.099967 0.001144
vn -0.000277 0.097807 0.020826
vn -0.000277 0.097807 0.020826
vn -0.000277 0.097807 0.020826
vn 0.002567 0.092641 0.037563
vn 0.002567 0.092641 0.037563
vn 0.002567 0.092641 0.037563
vn 0.004216 0.090626 -0.042062
vn 0.004216 0.090626 -0.042062
vn 0.004216 0.090626 -0.042062
vn 0.003817 0.090342 -0.042706
vn 0.003817 0.090342 -0.042706
vn 0.003817 0.090342 -0.042706
vn 0.000512 0.089835 -0.043926
vn 0.000512 0.089835 -0.043926
vn 0.000512 0.089835 -0.043926
vn -0.003654 -0.091268 0.040703
vn -0.003654 -0.091268 0.040703
vn -0.003654 -0.091268 0.040703
vn -0.000707 -0.090566 0.042394
vn -0.000707 -0.090566 0.042394
vn -0.000707 -0.090566 0.042394
vn -0.000707 -0.090566 0.042394
vn -0.000707 -0.090566 0.042394
vn -0.010017 -0.099138 0.008451
vn -0.010017 -0.099138 0.008451
vn -0.010017 -0.099138 0.008451
vn -0.011243 -0.094584 0.030454
vn -0.011243 -0.094584 0.030454
vn -0.011243 -0.094584 0.030454
vn -0.011633 -0.096048 0.025287
vn -0.011633 -0.096048 0.025287
vn -0.011633 -0.096048 0.025287
vn -0.009591 -0.092335 0.037178
vn -0.009591 -0.092335 0.037178
vn -0.009591 -0.092335 0.037178
vn -0.006146 -0.090031 0.043089
vn -0.006146 -0.090031 0.043089
vn -0.006146 -0.090031 0.043089
vn -0.000043 -0.088876 0.045837
vn -0.000043 -0.088876 0.045837
vn -0.000043 -0.088876 0.045837
vn 0.000626 -0.088365 0.046810
vn 0.000626 -0.088365 0.046810
vn 0.000626 -0.088365 0.046810
vn -0.005702 -0.087643 0.047813
vn -0.005702 -0.087643 0.047813
vn -0.005702 -0.087643 0.047813
vn -0.007439 -0.088737 0.045503
vn -0.007439 -0.088737 0.045503
vn -0.007439 -0.088737 0.045503
vn -0.002470 -0.099736 -0.006827
vn -0.002470 -0.099736 -0.006827
vn -0.002470 -0.099736 -0.006827
vn 0.003244 0.099659 -0.007582
vn 0.003244 0.099659 -0.007582
vn 0.003244 0.099659 -0.007582
vn 0.002136 0.098852 -0.014955
vn 0.002136 0.098852 -0.014955
vn 0.002136 0.098852 -0.014955
vn 0.007272 0.096210 -0.026280
vn 0.007272 0.096210 -0.026280
vn 0.007272 0.096210 -0.026280
vn 0.007674 0.097200 -0.022211
vn 0.007674 0.097200 -0.022211
vn 0.007674 0.097200 -0.022211
vn 0.000049 -0.098545 -0.016997
vn 0.000049 -0.098545 -0.016997
vn 0.000049 -0.098545 -0.016997
vn 0.000392 -0.097531 -0.022079
vn 0.000392 -0.097531 -0.022079
vn 0.000392 -0.097531 -0.022079
vn 0.000790 -0.098465 -0.017438
vn 0.000790 -0.098465 -0.017438
vn 0.000790 -0.098465 -0.017438
vn 0.002910 0.099530 0.009235
vn 0.002910 0.099530 0.009235
vn 0.002910 0.099530 0.009235
vn 0.003621 0.099867 -0.003679
vn 0.003621 0.099867 -0.003679
vn 0.003621 0.099867 -0.003679
vn 0.000897 0.091756 0.039749
vn 0.000897 0.091756 0.039749
vn 0.000897 0.091756 0.039749
vn 0.009431 0.089677 -0.043233
vn 0.009431 0.089677 -0.043233
vn 0.009431 0.089677 -0.043233
vn 0.004094 0.090532 -0.042275
vn 0.004094 0.090532 -0.042275
vn 0.004094 0.090532 -0.042275
vn 0.007676 0.089684 -0.043564
vn 0.007676 0.089684 -0.043564
vn 0.007676 0.089684 -0.043564
vn 0.000056 0.091600 -0.040119
vn 0.000056 0.091600 -0.040119
vn 0.000056 0.091600 -0.040119
vn 0.000056 0.091600 -0.040119
vn 0.000056 0.091600 -0.040119
vn 0.000056 0.091600 -0.040119
vn -0.003642 -0.091046 0.041199
vn -0.003642 -0.091046 0.041199
vn -0.003642 -0.091046 0.041199
vn -0.000669 -0.090637 0.042244
vn -0.000669 -0.090637 0.042244
vn -0.000669 -0.090637 0.042244
vn -0.000669 -0.090637 0.042244
vn -0.000669 -0.090637 0.042244
vn -0.000669 -0.090637 0.042244
vn -0.000564 -0.090221 0.043126
vn -0.000564 -0.090221 0.043126
vn -0.000564 -0.090221 0.043126
vn -0.000564 -0.090221 0.043126
vn -0.000564 -0.090221 0.043126
vn -0.005458 -0.098549 0.016071
vn -0.005458 -0.098549 0.016071
vn -0.005458 -0.098549 0.016071
vn -0.012190 -0.094265 0.031071
vn -0.012190 -0.094265 0.031071
vn -0.012190 -0.094265 0.031071
vn -0.012334 -0.095440 0.027185
vn -0.012334 -0.095440 0.027185
vn -0.012334 -0.095440 0.027185
vn -0.010100 -0.091433 0.039218
vn -0.010100 -0.091433 0.039218
vn -0.010100 -0.091433 0.039218
vn -0.006400 -0.089824 0.043483
vn -0.006400 -0.089824 0.043483
vn -0.006400 -0.089824 0.043483
vn -0.000072 -0.088606 0.046356
vn -0.000072 -0.088606 0.046356
vn -0.000072 -0.088606 0.046356
vn 0.000386 -0.086449 0.050264
vn 0.000386 -0.086449 0.050264
vn 0.000386 -0.086449 0.050264
vn -0.003373 -0.089051 0.045371
vn -0.003373 -0.089051 0.045371
vn -0.003373 -0.089051 0.045371
vn -0.007899 -0.089914 0.043048
vn -0.007899 -0.089914 0.043048
vn -0.007899 -0.089914 0.043048
vn -0.001741 -0.099896 -0.004216
vn -0.001741 -0.099896 -0.004216
vn -0.001741 -0.099896 -0.004216
vn 0.003231 0.097842 -0.020409
vn 0.003231 0.097842 -0.020409
vn 0.003231 0.097842 -0.020409
vn 0.002610 0.099195 -0.012390
vn 0.002610 0.099195 -0.012390
vn 0.002610 0.099195 -0.012390
vn 0.002877 0.096645 -0.025525
vn 0.002877 0.096645 -0.025525
vn 0.002877 0.096645 -0.025525
vn -0.000395 -0.098225 -0.018753
vn -0.000395 -0.098225 -0.018753
vn -0.000395 -0.098225 -0.018753
vn -0.000417 -0.098457 -0.017493
vn -0.000417 -0.098457 -0.017493
vn -0.000417 -0.098457 -0.017493
vn 0.000853 0.099583 0.009082
vn 0.000853 0.099583 0.009082
vn 0.000853 0.099583 0.009082
vn 0.001875 0.099896 -0.004153
vn 0.001875 0.099896 -0.004153
vn 0.001875 0.099896 -0.004153
vn -0.005227 0.093383 0.035388
vn -0.005227 0.093383 0.035388
vn -0.005227 0.093383 0.035388
vn 0.009584 0.088712 -0.045148
vn 0.009584 0.088712 -0.045148
vn 0.009584 0.088712 -0.045148
vn 0.008094 0.088516 -0.045819
vn 0.008094 0.088516 -0.045819
vn 0.008094 0.088516 -0.045819
vn -0.006446 -0.095739 0.028150
vn -0.006446 -0.095739 0.028150
vn -0.006446 -0.095739 0.028150
vn -0.000841 0.089484 -0.044631
vn -0.000841 0.089484 -0.044631
vn -0.000841 0.089484 -0.044631
vn -0.005251 -0.045613 -0.088837
vn -0.005251 -0.045613 -0.088837
vn -0.005251 -0.045613 -0.088837
vn -0.005065 -0.089461 0.044396
vn -0.005065 -0.089461 0.044396
vn -0.005065 -0.089461 0.044396
vn -0.000498 -0.091955 0.039295
vn -0.000498 -0.091955 0.039295
vn -0.000498 -0.091955 0.039295
vn -0.000498 -0.091955 0.039295
vn -0.000498 -0.091955 0.039295
vn -0.000498 -0.091955 0.039295
vn -0.002052 -0.099488 0.009891
vn -0.002052 -0.099488 0.009891
vn -0.002052 -0.099488 0.009891
vn -0.012864 -0.093501 0.033046
vn -0.012864 -0.093501 0.033046
vn -0.012864 -0.093501 0.033046
vn -0.003865 -0.097037 0.023852
vn -0.003865 -0.097037 0.023852
vn -0.003865 -0.097037 0.023852
vn -0.010500 -0.091209 0.039632
vn -0.010500 -0.091209 0.039632
vn -0.010500 -0.091209 0.039632
vn -0.006586 -0.088877 0.045361
vn -0.006586 -0.088877 0.045361
vn -0.006586 -0.088877 0.045361
vn -0.001300 -0.087449 0.048488
vn -0.001300 -0.087449 0.048488
vn -0.001300 -0.087449 0.048488
vn -0.001313 -0.085701 0.051513
vn -0.001313 -0.085701 0.051513
vn -0.001313 -0.085701 0.051513
vn -0.003009 -0.086219 0.050569
vn -0.003009 -0.086219 0.050569
vn -0.003009 -0.086219 0.050569
vn -0.009668 -0.088000 0.046503
vn -0.009668 -0.088000 0.046503
vn -0.009668 -0.088000 0.046503
vn 0.000272 -0.099805 -0.006238
vn 0.000272 -0.099805 -0.006238
vn 0.000272 -0.099805 -0.006238
vn 0.001856 0.098004 -0.019792
vn 0.001856 0.098004 -0.019792
vn 0.001856 0.098004 -0.019792
vn 0.001487 0.099941 -0.003107
vn 0.001487 0.099941 -0.003107
vn 0.001487 0.099941 -0.003107
vn 0.000987 0.099439 -0.010529
vn 0.000987 0.099439 -0.010529
vn 0.000987 0.099439 -0.010529
vn 0.003316 0.096198 -0.027110
vn 0.003316 0.096198 -0.027110
vn 0.003316 0.096198 -0.027110
vn 0.001093 -0.098043 -0.019655
vn 0.001093 -0.098043 -0.019655
vn 0.001093 -0.098043 -0.019655
vn -0.000831 -0.098154 -0.019109
vn -0.000831 -0.098154 -0.019109
vn -0.000831 -0.098154 -0.019109
vn 0.000518 -0.097286 -0.023134
vn 0.000518 -0.097286 -0.023134
vn 0.000518 -0.097286 -0.023134
vn 0.001592 0.099728 0.007195
vn 0.001592 0.099728 0.007195
vn 0.001592 0.099728 0.007195
vn 0.000251 0.098297 0.018373
vn 0.000251 0.098297 0.018373
vn 0.000251 0.098297 0.018373
vn -0.004593 0.092184 0.038484
vn -0.004593 0.092184 0.038484
vn -0.004593 0.092184 0.038484
vn 0.008161 0.087821 -0.047126
vn 0.008161 0.087821 -0.047126
vn 0.008161 0.087821 -0.047126
vn 0.001517 0.074691 -0.066475
vn 0.001517 0.074691 -0.066475
vn 0.001517 0.074691 -0.066475
vn 0.008171 0.088498 -0.045841
vn 0.008171 0.088498 -0.045841
vn 0.008171 0.088498 -0.045841
vn -0.004411 0.036854 -0.092857
vn -0.004411 0.036854 -0.092857
vn -0.004411 0.036854 -0.092857
vn -0.004411 0.036854 -0.092857
vn -0.007320 0.044663 -0.089172
vn -0.007320 0.044663 -0.089172
vn -0.007320 0.044663 -0.089172
vn -0.006102 -0.045929 -0.088619
vn -0.006102 -0.045929 -0.088619
vn -0.006102 -0.045929 -0.088619
vn -0.005645 -0.091173 0.040689
vn -0.005645 -0.091173 0.040689
vn -0.005645 -0.091173 0.040689
vn -0.003698 -0.090202 0.043011
vn -0.003698 -0.090202 0.043011
vn -0.003698 -0.090202 0.043011
vn 0.001099 -0.090124 0.043318
vn 0.001099 -0.090124 0.043318
vn 0.001099 -0.090124 0.043318
vn 0.001099 -0.090124 0.043318
vn 0.001099 -0.090124 0.043318
vn -0.001683 -0.099432 0.010512
vn -0.001683 -0.099432 0.010512
vn -0.001683 -0.099432 0.010512
vn -0.004093 -0.097387 0.022337
vn -0.004093 -0.097387 0.022337
vn -0.004093 -0.097387 0.022337
vn -0.005464 -0.095230 0.030023
vn -0.005464 -0.095230 0.030023
vn -0.005464 -0.095230 0.030023
vn -0.012973 -0.092096 0.036744
vn -0.012973 -0.092096 0.036744
vn -0.012973 -0.092096 0.036744
vn -0.005409 -0.095105 0.030426
vn -0.005409 -0.095105 0.030426
vn -0.005409 -0.095105 0.030426
vn -0.010411 -0.091427 0.039151
vn -0.010411 -0.091427 0.039151
vn -0.010411 -0.091427 0.039151
vn -0.006798 -0.088696 0.045682
vn -0.006798 -0.088696 0.045682
vn -0.006798 -0.088696 0.045682
vn -0.002051 -0.084536 0.053381
vn -0.002051 -0.084536 0.053381
vn -0.002051 -0.084536 0.053381
vn -0.000244 -0.087007 0.049292
vn -0.000244 -0.087007 0.049292
vn -0.000244 -0.087007 0.049292
vn -0.006219 -0.087974 0.047136
vn -0.006219 -0.087974 0.047136
vn -0.006219 -0.087974 0.047136
vn -0.010364 -0.088772 0.044857
vn -0.010364 -0.088772 0.044857
vn -0.010364 -0.088772 0.044857
vn -0.001114 -0.099991 -0.000685
vn -0.001114 -0.099991 -0.000685
vn -0.001114 -0.099991 -0.000685
vn -0.000290 -0.099305 -0.011768
vn -0.000290 -0.099305 -0.011768
vn -0.000290 -0.099305 -0.011768
vn 0.002479 0.097440 -0.022346
vn 0.002479 0.097440 -0.022346
vn 0.002479 0.097440 -0.022346
vn 0.002030 0.098809 -0.015250
vn 0.002030 0.098809 -0.015250
vn 0.002030 0.098809 -0.015250
vn 0.000823 0.099921 -0.003885
vn 0.000823 0.099921 -0.003885
vn 0.000823 0.099921 -0.003885
vn 0.001221 0.099849 -0.005359
vn 0.001221 0.099849 -0.005359
vn 0.001221 0.099849 -0.005359
vn 0.002477 0.096189 -0.027233
vn 0.002477 0.096189 -0.027233
vn 0.002477 0.096189 -0.027233
vn -0.000680 -0.099357 -0.011299
vn -0.000680 -0.099357 -0.011299
vn -0.000680 -0.099357 -0.011299
vn 0.001724 -0.095800 -0.028626
vn 0.001724 -0.095800 -0.028626
vn 0.001724 -0.095800 -0.028626
vn 0.002168 -0.097369 -0.022686
vn 0.002168 -0.097369 -0.022686
vn 0.002168 -0.097369 -0.022686
vn 0.000345 0.099832 0.005787
vn 0.000345 0.099832 0.005787
vn 0.000345 0.099832 0.005787
vn -0.000503 0.098664 0.016285
vn -0.000503 0.098664 0.016285
vn -0.000503 0.098664 0.016285
vn -0.001861 0.094029 0.033986
vn -0.001861 0.094029 0.033986
vn -0.001861 0.094029 0.033986
vn -0.004408 0.075480 0.065448
vn -0.004408 0.075480 0.065448
vn -0.004408 0.075480 0.065448
vn 0.000841 0.086658 -0.049897
vn 0.000841 0.086658 -0.049897
vn 0.000841 0.086658 -0.049897
vn -0.004065 0.061262 -0.078933
vn -0.004065 0.061262 -0.078933
vn -0.004065 0.061262 -0.078933
vn -0.002169 -0.075953 0.065011
vn -0.002169 -0.075953 0.065011
vn -0.002169 -0.075953 0.065011
vn 0.002915 0.086301 -0.050434
vn 0.002915 0.086301 -0.050434
vn 0.002915 0.086301 -0.050434
vn -0.001698 -0.081908 0.057342
vn -0.001698 -0.081908 0.057342
vn -0.001698 -0.081908 0.057342
vn -0.006102 -0.045942 -0.088612
vn -0.006102 -0.045942 -0.088612
vn -0.006102 -0.045942 -0.088612
vn -0.009535 -0.088521 0.045531
vn -0.009535 -0.088521 0.045531
vn -0.009535 -0.088521 0.045531
vn -0.009239 0.029956 -0.094960
vn -0.009239 0.029956 -0.094960
vn -0.009239 0.029956 -0.094960
vn 0.001388 -0.089420 0.044746
vn 0.001388 -0.089420 0.044746
vn 0.001388 -0.089420 0.044746
vn -0.002721 -0.099020 0.013695
vn -0.002721 -0.099020 0.013695
vn -0.002721 -0.099020 0.013695
vn -0.002549 -0.097641 0.021444
vn -0.002549 -0.097641 0.021444
vn -0.002549 -0.097641 0.021444
vn -0.007185 -0.092445 0.037448
vn -0.007185 -0.092445 0.037448
vn -0.007185 -0.092445 0.037448
vn -0.009424 -0.094454 0.031457
vn -0.009424 -0.094454 0.031457
vn -0.009424 -0.094454 0.031457
vn -0.002856 -0.095723 0.028793
vn -0.002856 -0.095723 0.028793
vn -0.002856 -0.095723 0.028793
vn -0.011531 -0.090866 0.040130
vn -0.011531 -0.090866 0.040130
vn -0.011531 -0.090866 0.040130
vn -0.006496 -0.089761 0.043597
vn -0.006496 -0.089761 0.043597
vn -0.006496 -0.089761 0.043597
vn -0.001079 -0.089260 0.045072
vn -0.001079 -0.089260 0.045072
vn -0.001079 -0.089260 0.045072
vn -0.000168 -0.086816 0.049628
vn -0.000168 -0.086816 0.049628
vn -0.000168 -0.086816 0.049628
vn 0.000089 -0.086883 0.049511
vn 0.000089 -0.086883 0.049511
vn 0.000089 -0.086883 0.049511
vn -0.006366 -0.087324 0.048312
vn -0.006366 -0.087324 0.048312
vn -0.006366 -0.087324 0.048312
vn -0.011839 -0.088071 0.045861
vn -0.011839 -0.088071 0.045861
vn -0.011839 -0.088071 0.045861
vn -0.000118 -0.099999 0.000351
vn -0.000118 -0.099999 0.000351
vn -0.000118 -0.099999 0.000351
vn 0.001462 -0.099073 -0.013504
vn 0.001462 -0.099073 -0.013504
vn 0.001462 -0.099073 -0.013504
vn 0.001794 0.097458 -0.022333
vn 0.001794 0.097458 -0.022333
vn 0.001794 0.097458 -0.022333
vn 0.001014 0.098915 -0.014656
vn 0.001014 0.098915 -0.014656
vn 0.001014 0.098915 -0.014656
vn 0.000306 0.099825 0.005905
vn 0.000306 0.099825 0.005905
vn 0.000306 0.099825 0.005905
vn 0.000044 0.099890 -0.004698
vn 0.000044 0.099890 -0.004698
vn 0.000044 0.099890 -0.004698
vn 0.002683 0.095957 -0.028020
vn 0.002683 0.095957 -0.028020
vn 0.002683 0.095957 -0.028020
vn 0.002704 -0.097456 -0.022247
vn 0.002704 -0.097456 -0.022247
vn 0.002704 -0.097456 -0.022247
vn 0.002700 -0.096082 -0.027586
vn 0.002700 -0.096082 -0.027586
vn 0.002700 -0.096082 -0.027586
vn 0.000990 -0.098413 -0.017720
vn 0.000990 -0.098413 -0.017720
vn 0.000990 -0.098413 -0.017720
vn -0.001286 0.098408 0.017727
vn -0.001286 0.098408 0.017727
vn -0.001286 0.098408 0.017727
vn 0.000196 0.088375 0.046796
vn 0.000196 0.088375 0.046796
vn 0.000196 0.088375 0.046796
vn 0.001024 0.087075 -0.049162
vn 0.001024 0.087075 -0.049162
vn 0.001024 0.087075 -0.049162
vn 0.000103 0.087014 -0.049280
vn 0.000103 0.087014 -0.049280
vn 0.000103 0.087014 -0.049280
vn -0.004112 0.061151 -0.079017
vn -0.004112 0.061151 -0.079017
vn -0.004112 0.061151 -0.079017
vn -0.001299 -0.086079 0.050879
vn -0.001299 -0.086079 0.050879
vn -0.001299 -0.086079 0.050879
vn -0.032702 -0.082878 -0.045408
vn -0.032702 -0.082878 -0.045408
vn -0.032702 -0.082878 -0.045408
vn -0.006104 0.058136 -0.081135
vn -0.006104 0.058136 -0.081135
vn -0.006104 0.058136 -0.081135
vn 0.000569 -0.092861 0.037102
vn 0.000569 -0.092861 0.037102
vn 0.000569 -0.092861 0.037102
vn 0.000569 -0.092861 0.037102
vn -0.005346 -0.045404 -0.088938
vn -0.005346 -0.045404 -0.088938
vn -0.005346 -0.045404 -0.088938
vn -0.000883 -0.099042 0.013777
vn -0.000883 -0.099042 0.013777
vn -0.000883 -0.099042 0.013777
vn -0.003292 -0.096994 0.024109
vn -0.003292 -0.096994 0.024109
vn -0.003292 -0.096994 0.024109
vn -0.002716 -0.094496 0.032604
vn -0.002716 -0.094496 0.032604
vn -0.002716 -0.094496 0.032604
vn -0.011040 -0.090340 0.041434
vn -0.011040 -0.090340 0.041434
vn -0.011040 -0.090340 0.041434
vn -0.003354 -0.095061 0.030858
vn -0.003354 -0.095061 0.030858
vn -0.003354 -0.095061 0.030858
vn -0.011153 -0.091583 0.038577
vn -0.011153 -0.091583 0.038577
vn -0.011153 -0.091583 0.038577
vn -0.009934 -0.086819 0.048618
vn -0.009934 -0.086819 0.048618
vn -0.009934 -0.086819 0.048618
vn -0.002861 -0.088073 0.047276
vn -0.002861 -0.088073 0.047276
vn -0.002861 -0.088073 0.047276
vn -0.000114 -0.086847 0.049574
vn -0.000114 -0.086847 0.049574
vn -0.000114 -0.086847 0.049574
vn -0.000096 -0.086696 0.049837
vn -0.000096 -0.086696 0.049837
vn -0.000096 -0.086696 0.049837
vn -0.006385 -0.087333 0.048292
vn -0.006385 -0.087333 0.048292
vn -0.006385 -0.087333 0.048292
vn -0.036551 -0.063396 -0.068153
vn -0.036551 -0.063396 -0.068153
vn -0.036551 -0.063396 -0.068153
vn -0.000433 -0.099991 0.001272
vn -0.000433 -0.099991 0.001272
vn -0.000433 -0.099991 0.001272
vn 0.002044 0.097246 -0.023218
vn 0.002044 0.097246 -0.023218
vn 0.002044 0.097246 -0.023218
vn 0.001635 0.098505 -0.017149
vn 0.001635 0.098505 -0.017149
vn 0.001635 0.098505 -0.017149
vn 0.001074 0.099532 -0.009603
vn 0.001074 0.099532 -0.009603
vn 0.001074 0.099532 -0.009603
vn -0.000092 0.099873 0.005035
vn -0.000092 0.099873 0.005035
vn -0.000092 0.099873 0.005035
vn 0.000290 0.099993 -0.001149
vn 0.000290 0.099993 -0.001149
vn 0.000290 0.099993 -0.001149
vn 0.002294 0.096010 -0.027871
vn 0.002294 0.096010 -0.027871
vn 0.002294 0.096010 -0.027871
vn 0.000688 -0.096625 -0.025752
vn 0.000688 -0.096625 -0.025752
vn 0.000688 -0.096625 -0.025752
vn 0.002692 -0.096090 -0.027559
vn 0.002692 -0.096090 -0.027559
vn 0.002692 -0.096090 -0.027559
vn 0.002576 -0.098545 -0.016798
vn 0.002576 -0.098545 -0.016798
vn 0.002576 -0.098545 -0.016798
vn -0.001093 0.098193 0.018894
vn -0.001093 0.098193 0.018894
vn -0.001093 0.098193 0.018894
vn -0.004426 0.086849 0.049373
vn -0.004426 0.086849 0.049373
vn -0.004426 0.086849 0.049373
vn -0.000196 0.086756 -0.049733
vn -0.000196 0.086756 -0.049733
vn -0.000196 0.086756 -0.049733
vn -0.000237 0.086846 -0.049575
vn -0.000237 0.086846 -0.049575
vn -0.000237 0.086846 -0.049575
vn 0.000119 0.061660 -0.078727
vn 0.000119 0.061660 -0.078727
vn 0.000119 0.061660 -0.078727
vn -0.005943 -0.086347 0.050089
vn -0.005943 -0.086347 0.050089
vn -0.005943 -0.086347 0.050089
vn -0.001208 0.054271 -0.083983
vn -0.001208 0.054271 -0.083983
vn -0.001208 0.054271 -0.083983
vn -0.001673 -0.098676 0.016134
vn -0.001673 -0.098676 0.016134
vn -0.001673 -0.098676 0.016134
vn -0.001790 -0.097168 0.023564
vn -0.001790 -0.097168 0.023564
vn -0.001790 -0.097168 0.023564
vn -0.003652 -0.092881 0.036876
vn -0.003652 -0.092881 0.036876
vn -0.003652 -0.092881 0.036876
vn -0.005026 -0.093880 0.034077
vn -0.005026 -0.093880 0.034077
vn -0.005026 -0.093880 0.034077
vn -0.002103 -0.095601 0.029256
vn -0.002103 -0.095601 0.029256
vn -0.002103 -0.095601 0.029256
vn -0.005935 -0.090877 0.041305
vn -0.005935 -0.090877 0.041305
vn -0.005935 -0.090877 0.041305
vn -0.008582 -0.091129 0.040273
vn -0.008582 -0.091129 0.040273
vn -0.008582 -0.091129 0.040273
vn -0.002516 -0.087115 0.049037
vn -0.002516 -0.087115 0.049037
vn -0.002516 -0.087115 0.049037
vn -0.007624 -0.089452 0.044048
vn -0.007624 -0.089452 0.044048
vn -0.007624 -0.089452 0.044048
vn -0.000126 -0.086851 0.049566
vn -0.000126 -0.086851 0.049566
vn -0.000126 -0.086851 0.049566
vn -0.000115 -0.086729 0.049779
vn -0.000115 -0.086729 0.049779
vn -0.000115 -0.086729 0.049779
vn 0.000833 -0.099984 0.001559
vn 0.000833 -0.099984 0.001559
vn 0.000833 -0.099984 0.001559
vn 0.003435 0.097309 -0.022784
vn 0.003435 0.097309 -0.022784
vn 0.003435 0.097309 -0.022784
vn 0.002296 0.098471 -0.017266
vn 0.002296 0.098471 -0.017266
vn 0.002296 0.098471 -0.017266
vn 0.001193 0.099523 -0.009685
vn 0.001193 0.099523 -0.009685
vn 0.001193 0.099523 -0.009685
vn -0.000777 0.099765 0.006813
vn -0.000777 0.099765 0.006813
vn -0.000777 0.099765 0.006813
vn -0.000091 0.099997 -0.000783
vn -0.000091 0.099997 -0.000783
vn -0.000091 0.099997 -0.000783
vn 0.002072 0.096247 -0.027058
vn 0.002072 0.096247 -0.027058
vn 0.002072 0.096247 -0.027058
vn 0.001287 -0.099960 0.002520
vn 0.001287 -0.099960 0.002520
vn 0.001287 -0.099960 0.002520
vn 0.003898 -0.093646 -0.034860
vn 0.003898 -0.093646 -0.034860
vn 0.003898 -0.093646 -0.034860
vn 0.003575 -0.096075 -0.027509
vn 0.003575 -0.096075 -0.027509
vn 0.003575 -0.096075 -0.027509
vn 0.002868 -0.098433 -0.017398
vn 0.002868 -0.098433 -0.017398
vn 0.002868 -0.098433 -0.017398
vn -0.002421 0.098107 0.019215
vn -0.002421 0.098107 0.019215
vn -0.002421 0.098107 0.019215
vn -0.005819 0.089217 0.044794
vn -0.005819 0.089217 0.044794
vn -0.005819 0.089217 0.044794
vn 0.001210 0.088557 -0.046435
vn 0.001210 0.088557 -0.046435
vn 0.001210 0.088557 -0.046435
vn -0.000009 0.086783 -0.049686
vn -0.000009 0.086783 -0.049686
vn -0.000009 0.086783 -0.049686
vn 0.005715 -0.085706 -0.051204
vn 0.005715 -0.085706 -0.051204
vn 0.005715 -0.085706 -0.051204
vn -0.001022 -0.098707 0.015996
vn -0.001022 -0.098707 0.015996
vn -0.001022 -0.098707 0.015996
vn -0.001610 -0.097289 0.023072
vn -0.001610 -0.097289 0.023072
vn -0.001610 -0.097289 0.023072
vn -0.002132 -0.093503 0.035392
vn -0.002132 -0.093503 0.035392
vn -0.002132 -0.093503 0.035392
vn -0.002211 -0.095642 0.029114
vn -0.002211 -0.095642 0.029114
vn -0.002211 -0.095642 0.029114
vn -0.002959 -0.094196 0.033442
vn -0.002959 -0.094196 0.033442
vn -0.002959 -0.094196 0.033442
vn -0.002005 -0.093687 0.034910
vn -0.002005 -0.093687 0.034910
vn -0.002005 -0.093687 0.034910
vn -0.005134 -0.092450 0.037770
vn -0.005134 -0.092450 0.037770
vn -0.005134 -0.092450 0.037770
vn -0.001993 -0.088142 0.047191
vn -0.001993 -0.088142 0.047191
vn -0.001993 -0.088142 0.047191
vn -0.006832 -0.090369 0.042270
vn -0.006832 -0.090369 0.042270
vn -0.006832 -0.090369 0.042270
vn 0.000009 -0.086934 0.049422
vn 0.000009 -0.086934 0.049422
vn 0.000009 -0.086934 0.049422
vn 0.002420 0.057099 -0.082060
vn 0.002420 0.057099 -0.082060
vn 0.002420 0.057099 -0.082060
vn 0.000971 -0.099707 -0.007593
vn 0.000971 -0.099707 -0.007593
vn 0.000971 -0.099707 -0.007593
vn -0.000887 -0.099693 0.007778
vn -0.000887 -0.099693 0.007778
vn -0.000887 -0.099693 0.007778
vn 0.003951 0.096944 -0.024212
vn 0.003951 0.096944 -0.024212
vn 0.003951 0.096944 -0.024212
vn 0.003030 0.097984 -0.019746
vn 0.003030 0.097984 -0.019746
vn 0.003030 0.097984 -0.019746
vn 0.002113 0.099009 -0.013883
vn 0.002113 0.099009 -0.013883
vn 0.002113 0.099009 -0.013883
vn 0.001154 0.099746 -0.007032
vn 0.001154 0.099746 -0.007032
vn 0.001154 0.099746 -0.007032
vn -0.001011 0.099796 0.006298
vn -0.001011 0.099796 0.006298
vn -0.001011 0.099796 0.006298
vn -0.000113 0.099979 0.002067
vn -0.000113 0.099979 0.002067
vn -0.000113 0.099979 0.002067
vn -0.004835 0.077588 0.062902
vn -0.004835 0.077588 0.062902
vn -0.004835 0.077588 0.062902
vn 0.005042 -0.095822 -0.028155
vn 0.005042 -0.095822 -0.028155
vn 0.005042 -0.095822 -0.028155
vn 0.003355 -0.095164 -0.030537
vn 0.003355 -0.095164 -0.030537
vn 0.003355 -0.095164 -0.030537
vn 0.002397 -0.097873 -0.020375
vn 0.002397 -0.097873 -0.020375
vn 0.002397 -0.097873 -0.020375
vn -0.001219 0.099170 0.012796
vn -0.001219 0.099170 0.012796
vn -0.001219 0.099170 0.012796
vn -0.002280 0.094830 0.031656
vn -0.002280 0.094830 0.031656
vn -0.002280 0.094830 0.031656
vn 0.002500 0.087940 -0.047543
vn 0.002500 0.087940 -0.047543
vn 0.002500 0.087940 -0.047543
vn 0.003957 0.050586 -0.086171
vn 0.003957 0.050586 -0.086171
vn 0.003957 0.050586 -0.086171
vn 0.002499 0.087910 -0.047597
vn 0.002499 0.087910 -0.047597
vn 0.002499 0.087910 -0.047597
vn -0.001531 -0.098450 0.017474
vn -0.001531 -0.098450 0.017474
vn -0.001531 -0.098450 0.017474
vn -0.001898 -0.097307 0.022971
vn -0.001898 -0.097307 0.022971
vn -0.001898 -0.097307 0.022971
vn -0.002002 -0.093676 0.034940
vn -0.002002 -0.093676 0.034940
vn -0.002002 -0.093676 0.034940
vn -0.001183 -0.096279 0.027000
vn -0.001183 -0.096279 0.027000
vn -0.001183 -0.096279 0.027000
vn -0.001295 -0.094926 0.031422
vn -0.001295 -0.094926 0.031422
vn -0.001295 -0.094926 0.031422
vn -0.003296 -0.091309 0.040643
vn -0.003296 -0.091309 0.040643
vn -0.003296 -0.091309 0.040643
vn -0.005719 -0.090085 0.043035
vn -0.005719 -0.090085 0.043035
vn -0.005719 -0.090085 0.043035
vn -0.004953 -0.086724 0.049542
vn -0.004953 -0.086724 0.049542
vn -0.004953 -0.086724 0.049542
vn 0.003940 -0.099922 0.000256
vn 0.003940 -0.099922 0.000256
vn 0.003940 -0.099922 0.000256
vn 0.001517 -0.099715 -0.007386
vn 0.001517 -0.099715 -0.007386
vn 0.001517 -0.099715 -0.007386
vn -0.000456 -0.099719 0.007483
vn -0.000456 -0.099719 0.007483
vn -0.000456 -0.099719 0.007483
vn 0.005626 0.097368 -0.022087
vn 0.005626 0.097368 -0.022087
vn 0.005626 0.097368 -0.022087
vn 0.004520 0.098287 -0.017868
vn 0.004520 0.098287 -0.017868
vn 0.004520 0.098287 -0.017868
vn 0.004146 0.098610 -0.016091
vn 0.004146 0.098610 -0.016091
vn 0.004146 0.098610 -0.016091
vn 0.002519 0.099660 -0.007846
vn 0.002519 0.099660 -0.007846
vn 0.002519 0.099660 -0.007846
vn 0.001342 0.099970 0.002045
vn 0.001342 0.099970 0.002045
vn 0.001342 0.099970 0.002045
vn -0.004059 0.080192 0.059606
vn -0.004059 0.080192 0.059606
vn -0.004059 0.080192 0.059606
vn 0.004213 -0.096638 -0.025365
vn 0.004213 -0.096638 -0.025365
vn 0.004213 -0.096638 -0.025365
vn 0.004345 -0.095093 -0.030633
vn 0.004345 -0.095093 -0.030633
vn 0.004345 -0.095093 -0.030633
vn 0.003265 -0.097525 -0.021869
vn 0.003265 -0.097525 -0.021869
vn 0.003265 -0.097525 -0.021869
vn -0.000490 0.099085 0.013485
vn -0.000490 0.099085 0.013485
vn -0.000490 0.099085 0.013485
vn -0.003400 0.095988 0.027835
vn -0.003400 0.095988 0.027835
vn -0.003400 0.095988 0.027835
vn 0.007539 0.089484 -0.043998
vn 0.007539 0.089484 -0.043998
vn 0.007539 0.089484 -0.043998
vn 0.008397 -0.094033 -0.032974
vn 0.008397 -0.094033 -0.032974
vn 0.008397 -0.094033 -0.032974
vn 0.004959 0.086643 -0.049683
vn 0.004959 0.086643 -0.049683
vn 0.004959 0.086643 -0.049683
vn -0.002192 -0.098451 0.017396
vn -0.002192 -0.098451 0.017396
vn -0.002192 -0.098451 0.017396
vn -0.001960 -0.097267 0.023136
vn -0.001960 -0.097267 0.023136
vn -0.001960 -0.097267 0.023136
vn -0.001889 -0.093670 0.034961
vn -0.001889 -0.093670 0.034961
vn -0.001889 -0.093670 0.034961
vn -0.002280 -0.096392 0.026523
vn -0.002280 -0.096392 0.026523
vn -0.002280 -0.096392 0.026523
vn -0.001768 -0.095188 0.030596
vn -0.001768 -0.095188 0.030596
vn -0.001768 -0.095188 0.030596
vn 0.000846 -0.093336 0.035884
vn 0.000846 -0.093336 0.035884
vn 0.000846 -0.093336 0.035884
vn 0.000875 -0.092860 0.037098
vn 0.000875 -0.092860 0.037098
vn 0.000875 -0.092860 0.037098
vn 0.011837 -0.075101 -0.064959
vn 0.011837 -0.075101 -0.064959
vn 0.011837 -0.075101 -0.064959
vn 0.000652 0.089315 -0.044971
vn 0.000652 0.089315 -0.044971
vn 0.000652 0.089315 -0.044971
vn 0.001417 -0.099738 -0.007087
vn 0.001417 -0.099738 -0.007087
vn 0.001417 -0.099738 -0.007087
vn -0.000527 -0.099879 0.004887
vn -0.000527 -0.099879 0.004887
vn -0.000527 -0.099879 0.004887
vn -0.002035 -0.099021 0.013809
vn -0.002035 -0.099021 0.013809
vn -0.002035 -0.099021 0.013809
vn 0.007397 0.096177 -0.026367
vn 0.007397 0.096177 -0.026367
vn 0.007397 0.096177 -0.026367
vn 0.005135 0.097936 -0.019548
vn 0.005135 0.097936 -0.019548
vn 0.005135 0.097936 -0.019548
vn 0.004014 0.098939 -0.013961
vn 0.004014 0.098939 -0.013961
vn 0.004014 0.098939 -0.013961
vn 0.002339 0.099943 -0.002426
vn 0.002339 0.099943 -0.002426
vn 0.002339 0.099943 -0.002426
vn 0.001134 0.099802 0.006193
vn 0.001134 0.099802 0.006193
vn 0.001134 0.099802 0.006193
vn -0.005258 0.081034 0.058360
vn -0.005258 0.081034 0.058360
vn -0.005258 0.081034 0.058360
vn 0.002363 -0.096684 -0.025430
vn 0.002363 -0.096684 -0.025430
vn 0.002363 -0.096684 -0.025430
vn 0.004008 -0.095469 -0.029490
vn 0.004008 -0.095469 -0.029490
vn 0.004008 -0.095469 -0.029490
vn 0.003238 -0.097488 -0.022038
vn 0.003238 -0.097488 -0.022038
vn 0.003238 -0.097488 -0.022038
vn -0.000725 0.098196 0.018893
vn -0.000725 0.098196 0.018893
vn -0.000725 0.098196 0.018893
vn -0.001599 0.097002 0.024248
vn -0.001599 0.097002 0.024248
vn -0.001599 0.097002 0.024248
vn 0.006799 0.090231 -0.042568
vn 0.006799 0.090231 -0.042568
vn 0.006799 0.090231 -0.042568
vn 0.008556 0.091207 -0.040100
vn 0.008556 0.091207 -0.040100
vn 0.008556 0.091207 -0.040100
vn -0.010756 0.081921 0.056332
vn -0.010756 0.081921 0.056332
vn -0.010756 0.081921 0.056332
vn -0.003003 -0.098025 0.019548
vn -0.003003 -0.098025 0.019548
vn -0.003003 -0.098025 0.019548
vn -0.003380 -0.097507 0.021929
vn -0.003380 -0.097507 0.021929
vn -0.003380 -0.097507 0.021929
vn -0.001040 -0.094196 0.033558
vn -0.001040 -0.094196 0.033558
vn -0.001040 -0.094196 0.033558
vn -0.001890 -0.096704 0.025392
vn -0.001890 -0.096704 0.025392
vn -0.001890 -0.096704 0.025392
vn -0.001330 -0.095364 0.030067
vn -0.001330 -0.095364 0.030067
vn -0.001330 -0.095364 0.030067
vn 0.000872 -0.093337 0.035880
vn 0.000872 -0.093337 0.035880
vn 0.000872 -0.093337 0.035880
vn 0.000692 -0.093090 0.036520
vn 0.000692 -0.093090 0.036520
vn 0.000692 -0.093090 0.036520
vn -0.005084 -0.081257 0.058064
vn -0.005084 -0.081257 0.058064
vn -0.005084 -0.081257 0.058064
vn 0.017177 -0.010363 -0.097967
vn 0.017177 -0.010363 -0.097967
vn 0.017177 -0.010363 -0.097967
vn 0.000144 -0.099609 -0.008832
vn 0.000144 -0.099609 -0.008832
vn 0.000144 -0.099609 -0.008832
vn -0.002665 -0.099673 0.007627
vn -0.002665 -0.099673 0.007627
vn -0.002665 -0.099673 0.007627
vn -0.003411 -0.098784 0.015168
vn -0.003411 -0.098784 0.015168
vn -0.003411 -0.098784 0.015168
vn -0.001681 0.093332 0.035866
vn -0.001681 0.093332 0.035866
vn -0.001681 0.093332 0.035866
vn 0.001476 -0.094058 -0.033926
vn 0.001476 -0.094058 -0.033926
vn 0.001476 -0.094058 -0.033926
vn 0.003004 -0.094724 -0.031910
vn 0.003004 -0.094724 -0.031910
vn 0.003004 -0.094724 -0.031910
vn 0.001480 -0.098054 -0.019575
vn 0.001480 -0.098054 -0.019575
vn 0.001480 -0.098054 -0.019575
vn 0.007006 0.090291 -0.042409
vn 0.007006 0.090291 -0.042409
vn 0.007006 0.090291 -0.042409
vn 0.006165 0.092248 -0.038110
vn 0.006165 0.092248 -0.038110
vn 0.006165 0.092248 -0.038110
vn 0.012439 -0.073331 -0.066842
vn 0.012439 -0.073331 -0.066842
vn 0.012439 -0.073331 -0.066842
vn -0.003955 -0.098404 0.017349
vn -0.003955 -0.098404 0.017349
vn -0.003955 -0.098404 0.017349
vn -0.004154 -0.097079 0.023629
vn -0.004154 -0.097079 0.023629
vn -0.004154 -0.097079 0.023629
vn -0.000879 -0.095772 0.028757
vn -0.000879 -0.095772 0.028757
vn -0.000879 -0.095772 0.028757
vn 0.000042 -0.095412 0.029943
vn 0.000042 -0.095412 0.029943
vn 0.000042 -0.095412 0.029943
vn -0.002888 -0.096340 0.026650
vn -0.002888 -0.096340 0.026650
vn -0.002888 -0.096340 0.026650
vn 0.000070 -0.093802 0.034659
vn 0.000070 -0.093802 0.034659
vn 0.000070 -0.093802 0.034659
vn 0.000750 -0.093085 0.036532
vn 0.000750 -0.093085 0.036532
vn 0.000750 -0.093085 0.036532
vn 0.002311 0.086629 -0.049901
vn 0.002311 0.086629 -0.049901
vn 0.002311 0.086629 -0.049901
vn 0.010982 -0.098781 -0.011034
vn 0.010982 -0.098781 -0.011034
vn 0.010982 -0.098781 -0.011034
vn -0.001966 -0.099974 -0.001137
vn -0.001966 -0.099974 -0.001137
vn -0.001966 -0.099974 -0.001137
vn 0.001033 -0.098411 -0.017725
vn 0.001033 -0.098411 -0.017725
vn 0.001033 -0.098411 -0.017725
vn -0.003225 -0.099459 0.009871
vn -0.003225 -0.099459 0.009871
vn -0.003225 -0.099459 0.009871
vn 0.002237 -0.095555 -0.029398
vn 0.002237 -0.095555 -0.029398
vn 0.002237 -0.095555 -0.029398
vn 0.003567 0.090832 -0.041675
vn 0.003567 0.090832 -0.041675
vn 0.003567 0.090832 -0.041675
vn 0.021519 -0.010149 -0.097128
vn 0.021519 -0.010149 -0.097128
vn 0.021519 -0.010149 -0.097128
vn -0.005621 -0.097715 0.020500
vn -0.005621 -0.097715 0.020500
vn -0.005621 -0.097715 0.020500
vn -0.005858 -0.097516 0.021363
vn -0.005858 -0.097516 0.021363
vn -0.005858 -0.097516 0.021363
vn -0.004246 -0.096965 0.024080
vn -0.004246 -0.096965 0.024080
vn -0.004246 -0.096965 0.024080
vn -0.003434 -0.095701 0.028800
vn -0.003434 -0.095701 0.028800
vn -0.003434 -0.095701 0.028800
vn -0.002745 -0.095156 0.030623
vn -0.002745 -0.095156 0.030623
vn -0.002745 -0.095156 0.030623
vn 0.002210 -0.095117 0.030787
vn 0.002210 -0.095117 0.030787
vn 0.002210 -0.095117 0.030787
vn 0.002262 -0.093643 0.035012
vn 0.002262 -0.093643 0.035012
vn 0.002262 -0.093643 0.035012
vn 0.009163 -0.098427 0.015104
vn 0.009163 -0.098427 0.015104
vn 0.009163 -0.098427 0.015104
vn 0.012636 -0.098966 0.006794
vn 0.012636 -0.098966 0.006794
vn 0.012636 -0.098966 0.006794
vn 0.011164 0.063315 -0.076594
vn 0.011164 0.063315 -0.076594
vn 0.011164 0.063315 -0.076594
vn -0.006513 -0.097206 0.022551
vn -0.006513 -0.097206 0.022551
vn -0.006513 -0.097206 0.022551
vn -0.005141 -0.096485 0.025771
vn -0.005141 -0.096485 0.025771
vn -0.005141 -0.096485 0.025771
vn -0.006265 -0.094023 0.033473
vn -0.006265 -0.094023 0.033473
vn -0.006265 -0.094023 0.033473
vn -0.000874 -0.096530 0.026101
vn -0.000874 -0.096530 0.026101
vn -0.000874 -0.096530 0.026101
vn -0.002787 -0.097027 0.024040
vn -0.002787 -0.097027 0.024040
vn -0.002787 -0.097027 0.024040
vn -0.000640 -0.095496 0.029667
vn -0.000640 -0.095496 0.029667
vn -0.000640 -0.095496 0.029667
vn -0.004014 0.095190 -0.030377
vn -0.004014 0.095190 -0.030377
vn -0.004014 0.095190 -0.030377
vn -0.014664 0.098911 -0.001253
vn -0.014664 0.098911 -0.001253
vn -0.014664 0.098911 -0.001253
vn -0.007168 -0.096570 0.024958
vn -0.007168 -0.096570 0.024958
vn -0.007168 -0.096570 0.024958
vn -0.005294 -0.095980 0.027566
vn -0.005294 -0.095980 0.027566
vn -0.005294 -0.095980 0.027566
vn -0.007025 -0.095775 0.027888
vn -0.007025 -0.095775 0.027888
vn -0.007025 -0.095775 0.027888
vn 0.035686 -0.071868 -0.059678
vn 0.035686 -0.071868 -0.059678
vn 0.035686 -0.071868 -0.059678
vn 0.028401 -0.087235 -0.039792
vn 0.028401 -0.087235 -0.039792
vn 0.028401 -0.087235 -0.039792
vn -0.005748 -0.096623 0.025119
vn -0.005748 -0.096623 0.025119
vn -0.005748 -0.096623 0.025119
vn 0.032803 -0.081305 -0.048098
vn 0.032803 -0.081305 -0.048098
vn 0.032803 -0.081305 -0.048098
vn -0.022933 0.093795 0.026011
vn -0.022933 0.093795 0.026011
vn -0.022933 0.093795 0.026011
vn -0.021202 0.095674 0.019926
vn -0.021202 0.095674 0.019926
vn -0.021202 0.095674 0.019926
vn -0.000621 0.099033 -0.013861
vn -0.000621 0.099033 -0.013861
vn -0.000621 0.099033 -0.013861
vn 0.032395 -0.081085 -0.048741
vn 0.032395 -0.081085 -0.048741
vn 0.032395 -0.081085 -0.048741
vn 0.034099 -0.080085 -0.049231
vn 0.034099 -0.080085 -0.049231
vn 0.034099 -0.080085 -0.049231
vn -0.008110 0.099642 -0.002376
vn -0.008110 0.099642 -0.002376
vn -0.008110 0.099642 -0.002376
vn 0.002910 0.096999 -0.024141
vn 0.002910 0.096999 -0.024141
vn 0.002910 0.096999 -0.024141
vn 0.003012 0.095853 -0.028340
vn 0.003012 0.095853 -0.028340
vn 0.003012 0.095853 -0.028340
vn 0.007177 0.095827 -0.027671
vn 0.007177 0.095827 -0.027671
vn 0.007177 0.095827 -0.027671
vn 0.007825 0.092405 -0.037417
vn 0.007825 0.092405 -0.037417
vn 0.007825 0.092405 -0.037417
vn -0.001278 0.095257 -0.030404
vn -0.001278 0.095257 -0.030404
vn -0.001278 0.095257 -0.030404
vn 0.001803 0.096541 -0.026011
vn 0.001803 0.096541 -0.026011
vn 0.001803 0.096541 -0.026011
vn 0.006056 0.096570 -0.025249
vn 0.006056 0.096570 -0.025249
vn 0.006056 0.096570 -0.025249
vn 0.005602 0.096088 -0.027123
vn 0.005602 0.096088 -0.027123
vn 0.005602 0.096088 -0.027123
vn 0.003702 0.095414 -0.029705
vn 0.003702 0.095414 -0.029705
vn 0.003702 0.095414 -0.029705
vn -0.001553 0.095516 -0.029567
vn -0.001553 0.095516 -0.029567
vn -0.001553 0.095516 -0.029567
vn 0.005407 0.095962 -0.027604
vn 0.005407 0.095962 -0.027604
vn 0.005407 0.095962 -0.027604
vn 0.001057 0.095263 -0.030396
vn 0.001057 0.095263 -0.030396
vn 0.001057 0.095263 -0.030396
vn 0.004902 0.096531 -0.025647
vn 0.004902 0.096531 -0.025647
vn 0.004902 0.096531 -0.025647
vn 0.007251 0.096348 -0.025777
vn 0.007251 0.096348 -0.025777
vn 0.007251 0.096348 -0.025777
vn 0.003348 0.095865 -0.028262
vn 0.003348 0.095865 -0.028262
vn 0.003348 0.095865 -0.028262
vn 0.001023 0.095576 -0.029396
vn 0.001023 0.095576 -0.029396
vn 0.001023 0.095576 -0.029396
vn -0.002391 0.093813 -0.034547
vn -0.002391 0.093813 -0.034547
vn -0.002391 0.093813 -0.034547
vn 0.005069 0.096317 -0.026407
vn 0.005069 0.096317 -0.026407
vn 0.005069 0.096317 -0.026407
vn 0.006662 0.096967 -0.023514
vn 0.006662 0.096967 -0.023514
vn 0.006662 0.096967 -0.023514
vn 0.002400 0.096363 -0.026617
vn 0.002400 0.096363 -0.026617
vn 0.002400 0.096363 -0.026617
vn 0.001606 0.095036 -0.031074
vn 0.001606 0.095036 -0.031074
vn 0.001606 0.095036 -0.031074
vn 0.006779 0.096892 -0.023791
vn 0.006779 0.096892 -0.023791
vn 0.006779 0.096892 -0.023791
vn 0.003839 0.097094 -0.023622
vn 0.003839 0.097094 -0.023622
vn 0.003839 0.097094 -0.023622
vn 0.002789 0.095923 -0.028125
vn 0.002789 0.095923 -0.028125
vn 0.002789 0.095923 -0.028125
vn 0.001848 0.094937 -0.031362
vn 0.001848 0.094937 -0.031362
vn 0.001848 0.094937 -0.031362
vn 0.001804 0.094988 -0.031210
vn 0.001804 0.094988 -0.031210
vn 0.001804 0.094988 -0.031210
vn 0.001440 0.094272 -0.033326
vn 0.001440 0.094272 -0.033326
vn 0.001440 0.094272 -0.033326
vn 0.002818 0.094634 -0.032195
vn 0.002818 0.094634 -0.032195
vn 0.002818 0.094634 -0.032195
vn 0.002839 0.093596 -0.035097
vn 0.002839 0.093596 -0.035097
vn 0.002839 0.093596 -0.035097
vn 0.002663 0.094825 -0.031639
vn 0.002663 0.094825 -0.031639
vn 0.002663 0.094825 -0.031639
vn 0.002661 0.093845 -0.034438
vn 0.002661 0.093845 -0.034438
vn 0.002661 0.093845 -0.034438
vn 0.002522 0.092569 -0.037744
vn 0.002522 0.092569 -0.037744
vn 0.002522 0.092569 -0.037744
vn 0.003252 0.094754 -0.031798
vn 0.003252 0.094754 -0.031798
vn 0.003252 0.094754 -0.031798
vn 0.003033 0.093709 -0.034777
vn 0.003033 0.093709 -0.034777
vn 0.003033 0.093709 -0.034777
vn 0.003153 0.092300 -0.038351
vn 0.003153 0.092300 -0.038351
vn 0.003153 0.092300 -0.038351
vn 0.003134 0.093552 -0.035189
vn 0.003134 0.093552 -0.035189
vn 0.003134 0.093552 -0.035189
vn 0.003446 0.094530 -0.032437
vn 0.003446 0.094530 -0.032437
vn 0.003446 0.094530 -0.032437
vn 0.002812 0.092871 -0.036974
vn 0.002812 0.092871 -0.036974
vn 0.002812 0.092871 -0.036974
vn 0.003669 0.093114 -0.036280
vn 0.003669 0.093114 -0.036280
vn 0.003669 0.093114 -0.036280
vn 0.006897 0.092255 -0.037966
vn 0.006897 0.092255 -0.037966
vn 0.006897 0.092255 -0.037966
vn 0.005578 0.095222 -0.030029
vn 0.005578 0.095222 -0.030029
vn 0.005578 0.095222 -0.030029
vn 0.007885 0.091408 -0.039780
vn 0.007885 0.091408 -0.039780
vn 0.007885 0.091408 -0.039780
vn 0.009258 0.089713 -0.043197
vn 0.009258 0.089713 -0.043197
vn 0.009258 0.089713 -0.043197
vn 0.007096 0.092811 -0.036548
vn 0.007096 0.092811 -0.036548
vn 0.007096 0.092811 -0.036548
vn 0.010639 0.091446 -0.039043
vn 0.010639 0.091446 -0.039043
vn 0.010639 0.091446 -0.039043
vn 0.008073 0.092048 -0.038237
vn 0.008073 0.092048 -0.038237
vn 0.008073 0.092048 -0.038237
vn 0.010534 0.091775 -0.038292
vn 0.010534 0.091775 -0.038292
vn 0.010534 0.091775 -0.038292
vn 0.012844 0.091843 -0.037416
vn 0.012844 0.091843 -0.037416
vn 0.012844 0.091843 -0.037416
vn 0.012600 0.093086 -0.034297
vn 0.012600 0.093086 -0.034297
vn 0.012600 0.093086 -0.034297
vn 0.012454 0.091031 -0.039474
vn 0.012454 0.091031 -0.039474
vn 0.012454 0.091031 -0.039474
vn 0.012455 0.090080 -0.041599
vn 0.012455 0.090080 -0.041599
vn 0.012455 0.090080 -0.041599
vn 0.012848 0.090510 -0.040531
vn 0.012848 0.090510 -0.040531
vn 0.012848 0.090510 -0.040531
vn 0.012916 0.091754 -0.037608
vn 0.012916 0.091754 -0.037608
vn 0.012916 0.091754 -0.037608
vn 0.011583 0.093981 -0.032148
vn 0.011583 0.093981 -0.032148
vn 0.011583 0.093981 -0.032148
vn 0.009436 0.089792 -0.042992
vn 0.009436 0.089792 -0.042992
vn 0.009436 0.089792 -0.042992
vn 0.009528 0.090451 -0.041567
vn 0.009528 0.090451 -0.041567
vn 0.009528 0.090451 -0.041567
vn 0.009660 0.090333 -0.041792
vn 0.009660 0.090333 -0.041792
vn 0.009660 0.090333 -0.041792
vn 0.008821 0.091189 -0.040084
vn 0.008821 0.091189 -0.040084
vn 0.008821 0.091189 -0.040084
vn 0.009569 0.089609 -0.043344
vn 0.009569 0.089609 -0.043344
vn 0.009569 0.089609 -0.043344
vn 0.009669 0.090281 -0.041904
vn 0.009669 0.090281 -0.041904
vn 0.009669 0.090281 -0.041904
vn 0.008789 0.091322 -0.039787
vn 0.008789 0.091322 -0.039787
vn 0.008789 0.091322 -0.039787
vn 0.006323 0.088779 -0.045588
vn 0.006323 0.088779 -0.045588
vn 0.006323 0.088779 -0.045588
vn 0.006826 0.088927 -0.045226
vn 0.006826 0.088927 -0.045226
vn 0.006826 0.088927 -0.045226
vn 0.005487 0.088106 -0.046982
vn 0.005487 0.088106 -0.046982
vn 0.005487 0.088106 -0.046982
vn 0.006894 0.088000 -0.046994
vn 0.006894 0.088000 -0.046994
vn 0.006894 0.088000 -0.046994
vn 0.004893 0.090863 -0.041472
vn 0.004893 0.090863 -0.041472
vn 0.004893 0.090863 -0.041472
vn 0.002541 0.091367 -0.040565
vn 0.002541 0.091367 -0.040565
vn 0.002541 0.091367 -0.040565
vn 0.002660 0.087882 -0.047641
vn 0.002660 0.087882 -0.047641
vn 0.002660 0.087882 -0.047641
vn 0.002985 0.087142 -0.048963
vn 0.002985 0.087142 -0.048963
vn 0.002985 0.087142 -0.048963
vn -0.001748 0.088203 -0.047088
vn -0.001748 0.088203 -0.047088
vn -0.001748 0.088203 -0.047088
vn 0.003079 0.088184 -0.047054
vn 0.003079 0.088184 -0.047054
vn 0.003079 0.088184 -0.047054
vn -0.001493 0.088236 -0.047033
vn -0.001493 0.088236 -0.047033
vn -0.001493 0.088236 -0.047033
vn -0.001739 0.088662 -0.046218
vn -0.001739 0.088662 -0.046218
vn -0.001739 0.088662 -0.046218
vn -0.003056 0.090353 -0.042743
vn -0.003056 0.090353 -0.042743
vn -0.003056 0.090353 -0.042743
vn -0.002356 0.092587 -0.037711
vn -0.002356 0.092587 -0.037711
vn -0.002356 0.092587 -0.037711
vn -0.000045 0.089749 -0.044103
vn -0.000045 0.089749 -0.044103
vn -0.000045 0.089749 -0.044103
vn 0.001782 0.091544 -0.040207
vn 0.001782 0.091544 -0.040207
vn 0.001782 0.091544 -0.040207
vn -0.001848 0.090394 -0.042726
vn -0.001848 0.090394 -0.042726
vn -0.001848 0.090394 -0.042726
vn 0.001551 0.088251 -0.047004
vn 0.001551 0.088251 -0.047004
vn 0.001551 0.088251 -0.047004
vn 0.001685 0.091656 -0.039954
vn 0.001685 0.091656 -0.039954
vn 0.001685 0.091656 -0.039954
vn 0.004740 0.090665 -0.041920
vn 0.004740 0.090665 -0.041920
vn 0.004740 0.090665 -0.041920
vn 0.003349 0.092321 -0.038284
vn 0.003349 0.092321 -0.038284
vn 0.003349 0.092321 -0.038284
vn 0.004198 0.091008 -0.041229
vn 0.004198 0.091008 -0.041229
vn 0.004198 0.091008 -0.041229
vn 0.003608 0.093514 -0.035244
vn 0.003608 0.093514 -0.035244
vn 0.003608 0.093514 -0.035244
vn 0.003980 0.090688 -0.041951
vn 0.003980 0.090688 -0.041951
vn 0.003980 0.090688 -0.041951
vn 0.001619 0.092873 -0.037040
vn 0.001619 0.092873 -0.037040
vn 0.001619 0.092873 -0.037040
vn 0.001727 0.092431 -0.038125
vn 0.001727 0.092431 -0.038125
vn 0.001727 0.092431 -0.038125
vn 0.001662 0.092260 -0.038541
vn 0.001662 0.092260 -0.038541
vn 0.001662 0.092260 -0.038541
vn 0.000810 0.094532 -0.032605
vn 0.000810 0.094532 -0.032605
vn 0.000810 0.094532 -0.032605
vn -0.000569 0.093291 -0.036007
vn -0.000569 0.093291 -0.036007
vn -0.000569 0.093291 -0.036007
vn 0.001400 0.093827 -0.034561
vn 0.001400 0.093827 -0.034561
vn 0.001400 0.093827 -0.034561
vn -0.000008 0.093184 -0.036286
vn -0.000008 0.093184 -0.036286
vn -0.000008 0.093184 -0.036286
vn -0.000413 0.093138 -0.036402
vn -0.000413 0.093138 -0.036402
vn -0.000413 0.093138 -0.036402
vn 0.002004 0.093381 -0.035720
vn 0.002004 0.093381 -0.035720
vn 0.002004 0.093381 -0.035720
vn -0.000104 0.092432 -0.038163
vn -0.000104 0.092432 -0.038163
vn -0.000104 0.092432 -0.038163
vn -0.000868 0.092919 -0.036951
vn -0.000868 0.092919 -0.036951
vn -0.000868 0.092919 -0.036951
vn 0.001898 0.093382 -0.035725
vn 0.001898 0.093382 -0.035725
vn 0.001898 0.093382 -0.035725
vn 0.001874 0.093962 -0.034170
vn 0.001874 0.093962 -0.034170
vn 0.001874 0.093962 -0.034170
vn 0.004248 0.091689 -0.039688
vn 0.004248 0.091689 -0.039688
vn 0.004248 0.091689 -0.039688
vn 0.011032 0.090666 -0.040719
vn 0.011032 0.090666 -0.040719
vn 0.011032 0.090666 -0.040719
vn 0.010209 0.085825 -0.050298
vn 0.010209 0.085825 -0.050298
vn 0.010209 0.085825 -0.050298
vn 0.010218 0.085810 -0.050321
vn 0.010218 0.085810 -0.050321
vn 0.010218 0.085810 -0.050321
vn 0.009281 0.088924 -0.044793
vn 0.009281 0.088924 -0.044793
vn 0.009281 0.088924 -0.044793
vn 0.006249 0.088469 -0.046196
vn 0.006249 0.088469 -0.046196
vn 0.006249 0.088469 -0.046196
vn 0.006174 0.088962 -0.045251
vn 0.006174 0.088962 -0.045251
vn 0.006174 0.088962 -0.045251
vn 0.003947 0.086972 -0.049197
vn 0.003947 0.086972 -0.049197
vn 0.003947 0.086972 -0.049197
vn 0.006323 0.088780 -0.045586
vn 0.006323 0.088780 -0.045586
vn 0.006323 0.088780 -0.045586
vn 0.004038 0.086724 -0.049624
vn 0.004038 0.086724 -0.049624
vn 0.004038 0.086724 -0.049624
vn 0.003038 0.078658 -0.061674
vn 0.003038 0.078658 -0.061674
vn 0.003038 0.078658 -0.061674
vn 0.001824 0.088261 -0.046975
vn 0.001824 0.088261 -0.046975
vn 0.001824 0.088261 -0.046975
vn -0.000704 0.086373 -0.050390
vn -0.000704 0.086373 -0.050390
vn -0.000704 0.086373 -0.050390
vn -0.000682 0.085612 -0.051673
vn -0.000682 0.085612 -0.051673
vn -0.000682 0.085612 -0.051673
vn 0.002373 0.086636 -0.049886
vn 0.002373 0.086636 -0.049886
vn 0.002373 0.086636 -0.049886
vn 0.000567 0.086053 -0.050937
vn 0.000567 0.086053 -0.050937
vn 0.000567 0.086053 -0.050937
vn -0.001492 0.086627 -0.049936
vn -0.001492 0.086627 -0.049936
vn -0.001492 0.086627 -0.049936
vn -0.001452 0.087082 -0.049139
vn -0.001452 0.087082 -0.049139
vn -0.001452 0.087082 -0.049139
vn 0.000434 0.088105 -0.047301
vn 0.000434 0.088105 -0.047301
vn 0.000434 0.088105 -0.047301
vn 0.003349 0.089616 -0.044246
vn 0.003349 0.089616 -0.044246
vn 0.003349 0.089616 -0.044246
vn -0.001671 0.087593 -0.048214
vn -0.001671 0.087593 -0.048214
vn -0.001671 0.087593 -0.048214
vn 0.002652 0.086323 -0.050412
vn 0.002652 0.086323 -0.050412
vn 0.002652 0.086323 -0.050412
vn 0.005600 0.087214 -0.048605
vn 0.005600 0.087214 -0.048605
vn 0.005600 0.087214 -0.048605
vn 0.000178 0.086751 -0.049742
vn 0.000178 0.086751 -0.049742
vn 0.000178 0.086751 -0.049742
vn 0.002819 0.089605 -0.044305
vn 0.002819 0.089605 -0.044305
vn 0.002819 0.089605 -0.044305
vn 0.006105 0.089008 -0.045170
vn 0.006105 0.089008 -0.045170
vn 0.006105 0.089008 -0.045170
vn 0.007169 0.088370 -0.046254
vn 0.007169 0.088370 -0.046254
vn 0.007169 0.088370 -0.046254
vn 0.004499 0.088434 -0.046466
vn 0.004499 0.088434 -0.046466
vn 0.004499 0.088434 -0.046466
vn 0.005897 0.089237 -0.044743
vn 0.005897 0.089237 -0.044743
vn 0.005897 0.089237 -0.044743
vn 0.006013 0.090885 -0.041276
vn 0.006013 0.090885 -0.041276
vn 0.006013 0.090885 -0.041276
vn 0.005992 0.089691 -0.043813
vn 0.005992 0.089691 -0.043813
vn 0.005992 0.089691 -0.043813
vn 0.005677 0.089063 -0.045118
vn 0.005677 0.089063 -0.045118
vn 0.005677 0.089063 -0.045118
vn 0.003775 0.089513 -0.044420
vn 0.003775 0.089513 -0.044420
vn 0.003775 0.089513 -0.044420
vn 0.003931 0.091345 -0.040505
vn 0.003931 0.091345 -0.040505
vn 0.003931 0.091345 -0.040505
vn 0.003577 0.090938 -0.041442
vn 0.003577 0.090938 -0.041442
vn 0.003577 0.090938 -0.041442
vn 0.003356 0.090421 -0.042578
vn 0.003356 0.090421 -0.042578
vn 0.003356 0.090421 -0.042578
vn 0.003590 0.090819 -0.041702
vn 0.003590 0.090819 -0.041702
vn 0.003590 0.090819 -0.041702
vn 0.003353 0.090654 -0.042078
vn 0.003353 0.090654 -0.042078
vn 0.003353 0.090654 -0.042078
vn 0.002003 0.091088 -0.041218
vn 0.002003 0.091088 -0.041218
vn 0.002003 0.091088 -0.041218
vn 0.001971 0.091569 -0.040141
vn 0.001971 0.091569 -0.040141
vn 0.001971 0.091569 -0.040141
vn 0.001995 0.091218 -0.040931
vn 0.001995 0.091218 -0.040931
vn 0.001995 0.091218 -0.040931
vn 0.001929 0.091335 -0.040673
vn 0.001929 0.091335 -0.040673
vn 0.001929 0.091335 -0.040673
vn 0.096261 -0.000000 -0.027088
vn 0.088481 -0.000000 -0.046595
vn 0.088480 -0.000000 -0.046597
vn 0.083802 -0.000000 -0.054564
vn 0.083686 -0.000000 -0.054741
vn 0.078408 -0.000000 -0.062066
vn 0.078145 -0.000000 -0.062397
vn 0.072343 -0.000000 -0.069039
vn 0.071906 -0.000000 -0.069495
vn 0.071062 -0.000000 -0.070357
vn 0.069698 -0.000000 -0.071709
vn 0.070209 -0.000000 -0.071209
vn 0.069344 -0.000000 -0.072051
vn 0.099796 -0.000000 -0.006385
vn 0.099796 -0.000000 -0.006384
vn 0.096262 -0.000000 -0.027087
vn 0.098928 -0.000000 0.014601
vn 0.098928 -0.000000 0.014601
vn 0.095832 -0.000000 0.028571
vn 0.095770 -0.000000 0.028776
vn 0.094471 -0.000000 0.032791
vn 0.094366 -0.000000 0.033092
vn 0.093871 -0.000000 0.034472
vn 0.093624 -0.000000 0.035136
vn 0.093241 -0.000000 0.036142
vn 0.092838 -0.000000 0.037164
vn 0.092581 -0.000000 0.037800
vn 0.092008 -0.000000 0.039174
vn 0.088434 -0.000000 0.046684
vn 0.087443 -0.000000 0.048514
vn 0.083438 -0.000000 0.055119
vn 0.081934 -0.000000 0.057330
vn 0.077640 -0.000000 0.063024
vn 0.075539 -0.000000 0.065527
vn 0.075887 -0.000000 0.065124
vn 0.074075 -0.000000 0.067178
vn 0.073924 -0.000000 0.067344
vn 0.072266 -0.000000 0.069121
vn 0.096977 -0.000000 0.024401
vn 0.097003 -0.000000 0.024297
vn 0.097984 -0.000000 0.019976
vn 0.097984 -0.000000 0.019976
vn 0.072206 -0.000000 0.069183
vn 0.070564 -0.000000 0.070857
vn 0.066416 -0.000000 0.074759
vn 0.062053 -0.000000 0.078418
vn 0.063859 -0.000000 0.076955
vn 0.068143 -0.000000 0.073188
vn 0.059367 -0.000000 0.080471
vn 0.057489 -0.000000 0.081823
vn 0.057147 -0.000000 0.082062
vn 0.054755 -0.000000 0.083677
vn 0.054881 -0.000000 0.083594
vn 0.052571 -0.000000 0.085067
vn 0.051955 -0.000000 0.085444
vn 0.049805 -0.000000 0.086715
vn 0.049093 -0.000000 0.087120
vn 0.046981 -0.000000 0.088277
vn 0.040359 -0.000000 0.091494
vn 0.044103 -0.000000 0.089749
vn 0.042578 -0.000000 0.090483
vn 0.041042 -0.000000 0.091190
vn 0.039493 -0.000000 0.091871
vn 0.039039 -0.000000 0.092065
vn 0.038584 -0.000000 0.092257
vn 0.038128 -0.000000 0.092446
vn 0.036213 -0.000000 0.093213
vn 0.037898 -0.000000 0.092540
vn 0.037668 -0.000000 0.092634
vn 0.037438 -0.000000 0.092728
vn 0.037221 -0.000000 0.092815
vn 0.037004 -0.000000 0.092902
vn 0.036486 -0.000000 0.093106
vn 0.036786 -0.000000 0.092988
vn 0.035302 -0.000000 0.093561
vn 0.035369 -0.000000 0.093536
vn 0.035955 -0.000000 0.093312
vn 0.036207 -0.000000 0.093215
vn 0.035056 -0.000000 0.093654
vn 0.034555 -0.000000 0.093840
vn 0.033555 -0.000000 0.094202
vn 0.018897 -0.000000 0.098198
vn 0.024365 -0.000000 0.096986
vn 0.029757 -0.000000 0.095470
vn 0.035736 -0.000000 0.093397
vn 0.098770 -0.000000 0.015637
vn 0.098779 -0.000000 0.015576
vn 0.098781 -0.000000 0.015569
vn 0.098830 -0.000000 0.015251
vn 0.098831 -0.000000 0.015246
vn 0.098880 -0.000000 0.014926
vn 0.098880 -0.000000 0.014924
vn 0.098771 -0.000000 0.015630
vn 0.098760 -0.000000 0.015697
vn 0.098761 -0.000000 0.015691
vn 0.098751 -0.000000 0.015757
vn 0.098751 -0.000000 0.015753
vn 0.098743 -0.000000 0.015803
vn 0.098744 -0.000000 0.015796
vn 0.098740 -0.000000 0.015827
vn 0.098733 -0.000000 0.015869
vn 0.098735 -0.000000 0.015857
vn 0.098730 -0.000000 0.015887
vn 0.098518 -0.000000 0.017151
vn 0.098591 -0.000000 0.016729
vn 0.098663 -0.000000 0.016299
vn 0.098512 -0.000000 0.017189
vn 0.098510 -0.000000 0.017196
vn 0.098517 -0.000000 0.017159
vn 0.098505 -0.000000 0.017224
vn 0.098492 -0.000000 0.017302
vn 0.098499 -0.000000 0.017259
vn 0.098493 -0.000000 0.017295
vn 0.098489 -0.000000 0.017317
vn 0.098490 -0.000000 0.017310
vn 0.098476 -0.000000 0.017391
vn 0.098412 -0.000000 0.017752
vn 0.098396 -0.000000 0.017840
vn 0.098332 -0.000000 0.018187
vn 0.098314 -0.000000 0.018288
vn 0.098251 -0.000000 0.018621
vn 0.098229 -0.000000 0.018735
vn 0.098243 -0.000000 0.018665
vn 0.098234 -0.000000 0.018709
vn 0.098226 -0.000000 0.018752
vn 0.098220 -0.000000 0.018784
vn 0.098222 -0.000000 0.018771
vn 0.098214 -0.000000 0.018815
vn 0.098216 -0.000000 0.018807
vn 0.098208 -0.000000 0.018847
vn 0.098209 -0.000000 0.018842
vn 0.098201 -0.000000 0.018881
vn 0.098194 -0.000000 0.018919
vn 0.098187 -0.000000 0.018958
vn 0.098165 -0.000000 0.019067
vn 0.098122 -0.000000 0.019287
vn 0.098079 -0.000000 0.019507
vn 0.098079 -0.000000 0.019507
vn 0.098071 -0.000000 0.019544
vn 0.098057 -0.000000 0.019619
vn 0.098064 -0.000000 0.019582
vn 0.098057 -0.000000 0.019619
vn 0.098033 -0.000000 0.019738
vn 0.098009 -0.000000 0.019857
vn -0.000000 -0.100000 0.000000
vn -0.000000 -0.100000 0.000000
vn -0.000000 -0.100000 0.000000
vn -0.000000 -0.100000 0.000000
vn -0.000000 -0.100000 0.000000
vn -0.000000 -0.100000 0.000000
vn -0.000000 -0.100000 0.000000
vn -0.000000 -0.100000 0.000000
vn -0.000000 -0.100000 0.000000
vn -0.000000 -0.100000 0.000000
vn -0.000000 -0.100000 0.000000
vn -0.000000 -0.100000 0.000000
vn -0.000000 -0.100000 0.000000
vn -0.000000 -0.100000 0.000000
vn -0.000000 -0.100000 0.000000
vn -0.000000 -0.100000 0.000000
vn -0.000000 -0.100000 0.000000
vn -0.000000 -0.100000 0.000000
vn -0.000000 -0.100000 0.000000
vn -0.000000 -0.100000 0.000000
vn -0.000000 -0.100000 0.000000
vn -0.000000 -0.100000 0.000000
vn -0.000000 -0.100000 0.000000
vn -0.000000 -0.100000 0.000000
vn -0.000000 -0.100000 0.000000
vn -0.000000 -0.100000 0.000000
vn -0.000000 -0.100000 0.000000
vn -0.000000 -0.100000 0.000000
vn -0.000000 -0.100000 0.000000
vn -0.000000 -0.100000 0.000000
vn -0.000000 -0.100000 0.000000
vn -0.000000 -0.100000 0.000000
vn -0.000000 -0.100000 0.000000
vn -0.000000 -0.100000 0.000000
vn -0.000000 -0.100000 0.000000
vn -0.000000 -0.100000 0.000000
vn -0.000000 -0.100000 0.000000
vn -0.000000 -0.100000 0.000000
vn -0.000000 -0.100000 0.000000
vn -0.000000 -0.100000 0.000000
vn -0.000000 -0.100000 0.000000
vn -0.000000 -0.100000 0.000000
vn -0.000000 -0.100000 0.000000
vn -0.000000 -0.100000 0.000000
usemtl Nylon_6-6_(White)
f 318/697/681 373/698/682 317/699/683
f 317/699/683 373/698/682 376/700/684
f 317/699/683 376/700/684 343/701/685
f 343/701/685 376/700/684 421/702/686
f 343/701/685 421/702/686 342/703/687
f 342/703/687 421/702/686 419/704/688
f 342/703/687 419/704/688 341/705/689
f 341/705/689 419/704/688 417/706/690
f 341/705/689 417/706/690 340/707/691
f 340/707/691 417/706/690 415/708/692
f 340/707/691 415/708/692 339/709/693
f 339/709/693 415/708/692 413/710/694
f 339/709/693 413/710/694 338/711/695
f 338/711/695 413/710/694 411/712/696
f 338/711/695 411/712/696 337/713/697
f 337/713/697 411/712/696 410/714/698
f 337/713/697 410/714/698 336/715/699
f 336/715/699 410/714/698 408/716/700
f 336/715/699 408/716/700 335/717/701
f 335/717/701 408/716/700 406/718/702
f 335/717/701 406/718/702 334/719/703
f 334/719/703 406/718/702 404/720/704
f 334/719/703 404/720/704 333/721/705
f 333/721/705 404/720/704 402/722/706
f 333/721/705 402/722/706 332/723/707
f 332/723/707 402/722/706 400/724/708
f 332/723/707 400/724/708 331/725/709
f 331/725/709 400/724/708 369/726/710
f 331/725/709 369/726/710 330/727/711
f 330/728/711 369/729/710 398/730/712
f 330/728/711 398/730/712 329/731/713
f 329/731/713 398/730/712 396/732/714
f 329/731/713 396/732/714 328/733/715
f 328/733/715 396/732/714 394/734/716
f 328/733/715 394/734/716 327/735/717
f 327/735/717 394/734/716 392/736/718
f 327/735/717 392/736/718 326/737/719
f 326/737/719 392/736/718 390/738/720
f 326/737/719 390/738/720 325/739/721
f 325/739/721 390/738/720 389/740/722
f 325/739/721 389/740/722 324/741/723
f 324/741/723 389/740/722 387/742/724
f 324/741/723 387/742/724 323/743/725
f 323/743/725 387/742/724 385/744/726
f 323/743/725 385/744/726 322/745/727
f 322/745/727 385/744/726 383/746/728
f 322/745/727 383/746/728 321/747/729
f 321/747/729 383/746/728 381/748/730
f 321/747/729 381/748/730 320/749/731
f 320/749/731 381/748/730 379/750/732
f 320/749/731 379/750/732 319/751/733
f 319/751/733 379/750/732 377/752/734
f 319/751/733 377/752/734 318/697/681
f 318/697/681 377/752/734 373/698/682
f 345/753/735 375/754/736 344/755/737
f 344/755/737 375/754/736 374/756/738
f 344/755/737 374/756/738 368/757/739
f 368/757/739 374/756/738 378/758/740
f 368/757/739 378/758/740 367/759/741
f 367/759/741 378/758/740 380/760/742
f 367/759/741 380/760/742 366/761/743
f 366/761/743 380/760/742 382/762/744
f 366/761/743 382/762/744 365/763/745
f 365/763/745 382/762/744 384/764/746
f 365/763/745 384/764/746 364/765/747
f 364/765/747 384/764/746 386/766/748
f 364/765/747 386/766/748 363/767/749
f 363/767/749 386/766/748 388/768/750
f 363/767/749 388/768/750 372/769/751
f 372/769/751 388/768/750 387/742/724
f 372/769/751 387/742/724 389/740/722
f 375/754/736 345/753/735 422/770/752
f 422/770/752 345/753/735 346/771/753
f 422/770/752 346/771/753 420/772/754
f 420/772/754 346/771/753 347/773/755
f 420/772/754 347/773/755 418/774/756
f 418/774/756 347/773/755 348/775/757
f 418/774/756 348/775/757 416/776/758
f 416/776/758 348/775/757 349/777/759
f 416/776/758 349/777/759 414/778/760
f 414/778/760 349/777/759 350/779/761
f 414/778/760 350/779/761 412/780/762
f 412/780/762 350/779/761 371/781/763
f 412/780/762 371/781/763 410/714/698
f 410/714/698 371/781/763 408/716/700
f 350/779/761 351/782/764 371/781/763
f 371/781/763 351/782/764 409/783/765
f 371/781/763 409/783/765 408/716/700
f 408/716/700 409/783/765 406/718/702
f 351/782/764 352/784/766 409/783/765
f 409/783/765 352/784/766 407/785/767
f 409/783/765 407/785/767 406/718/702
f 406/718/702 407/785/767 404/720/704
f 352/784/766 353/786/768 407/785/767
f 407/785/767 353/786/768 405/787/769
f 407/785/767 405/787/769 404/720/704
f 404/720/704 405/787/769 402/722/706
f 353/786/768 354/788/770 405/787/769
f 405/787/769 354/788/770 403/789/771
f 405/787/769 403/789/771 402/722/706
f 402/722/706 403/789/771 400/724/708
f 354/788/770 355/790/772 403/789/771
f 403/789/771 355/790/772 401/791/773
f 403/789/771 401/791/773 400/724/708
f 400/724/708 401/791/773 369/726/710
f 355/790/772 356/792/774 401/791/773
f 401/791/773 356/792/774 370/793/775
f 401/791/773 370/793/775 369/726/710
f 369/729/710 370/794/775 398/730/712
f 356/795/774 357/796/776 370/794/775
f 370/794/775 357/796/776 399/797/777
f 370/794/775 399/797/777 398/730/712
f 398/730/712 399/797/777 396/732/714
f 357/796/776 358/798/778 399/797/777
f 399/797/777 358/798/778 397/799/779
f 399/797/777 397/799/779 396/732/714
f 396/732/714 397/799/779 394/734/716
f 358/798/778 359/800/780 397/799/779
f 397/799/779 359/800/780 395/801/781
f 397/799/779 395/801/781 394/734/716
f 394/734/716 395/801/781 392/736/718
f 359/800/780 360/802/782 395/801/781
f 395/801/781 360/802/782 393/803/783
f 395/801/781 393/803/783 392/736/718
f 392/736/718 393/803/783 390/738/720
f 360/802/782 361/804/784 393/803/783
f 393/803/783 361/804/784 391/805/785
f 393/803/783 391/805/785 390/738/720
f 390/738/720 391/805/785 389/740/722
f 361/804/784 362/806/786 391/805/785
f 391/805/785 362/806/786 372/769/751
f 391/805/785 372/769/751 389/740/722
f 362/806/786 363/767/749 372/769/751
f 373/698/682 374/756/738 376/700/684
f 376/700/684 374/756/738 375/754/736
f 376/700/684 375/754/736 421/702/686
f 421/702/686 375/754/736 422/770/752
f 421/702/686 422/770/752 419/704/688
f 419/704/688 422/770/752 420/772/754
f 419/704/688 420/772/754 417/706/690
f 417/706/690 420/772/754 418/774/756
f 417/706/690 418/774/756 415/708/692
f 415/708/692 418/774/756 416/776/758
f 415/708/692 416/776/758 413/710/694
f 413/710/694 416/776/758 414/778/760
f 413/710/694 414/778/760 411/712/696
f 411/712/696 414/778/760 412/780/762
f 411/712/696 412/780/762 410/714/698
f 374/756/738 373/698/682 378/758/740
f 378/758/740 373/698/682 377/752/734
f 378/758/740 377/752/734 380/760/742
f 380/760/742 377/752/734 379/750/732
f 380/760/742 379/750/732 382/762/744
f 382/762/744 379/750/732 381/748/730
f 382/762/744 381/748/730 384/764/746
f 384/764/746 381/748/730 383/746/728
f 384/764/746 383/746/728 386/766/748
f 386/766/748 383/746/728 385/744/726
f 386/766/748 385/744/726 388/768/750
f 388/768/750 385/744/726 387/742/724
f 424/807/787 471/808/788 423/809/789
f 423/809/789 471/808/788 474/810/790
f 423/809/789 474/810/790 443/811/791
f 443/811/791 474/810/790 506/812/792
f 443/811/791 506/812/792 442/813/793
f 442/813/793 506/812/792 504/814/794
f 442/813/793 504/814/794 441/815/795
f 441/815/795 504/814/794 502/816/796
f 441/815/795 502/816/796 440/817/797
f 440/817/797 502/816/796 499/818/798
f 440/817/797 499/818/798 439/819/799
f 439/819/799 499/818/798 501/820/800
f 439/819/799 501/820/800 465/821/801
f 465/821/801 501/820/800 464/822/802
f 465/821/801 464/822/802 498/823/803
f 498/823/803 464/822/802 449/824/804
f 498/823/803 449/824/804 497/825/805
f 497/825/805 449/824/804 450/826/806
f 497/825/805 450/826/806 495/827/807
f 495/827/807 450/826/806 451/828/808
f 495/827/807 451/828/808 463/829/809
f 463/829/809 451/828/808 452/830/810
f 463/829/809 452/830/810 492/831/811
f 492/831/811 452/830/810 462/832/812
f 492/831/811 462/832/812 461/833/813
f 461/834/813 462/835/812 490/836/814
f 461/834/813 490/836/814 433/837/815
f 433/837/815 490/836/814 432/838/816
f 432/838/816 490/836/814 488/839/817
f 432/838/816 488/839/817 431/840/818
f 431/840/818 488/839/817 486/841/819
f 431/840/818 486/841/819 430/842/820
f 430/842/820 486/841/819 484/843/821
f 430/842/820 484/843/821 429/844/822
f 429/844/822 484/843/821 469/845/823
f 429/844/822 469/845/823 428/846/824
f 428/846/824 469/845/823 482/847/825
f 428/846/824 482/847/825 480/848/826
f 480/848/826 482/847/825 483/849/827
f 480/848/826 483/849/827 481/850/828
f 481/850/828 483/849/827 457/851/829
f 481/850/828 457/851/829 458/852/830
f 471/808/788 424/807/787 475/853/831
f 475/853/831 424/807/787 425/854/832
f 475/853/831 425/854/832 477/855/833
f 477/855/833 425/854/832 426/856/834
f 477/855/833 426/856/834 478/857/835
f 478/857/835 426/856/834 427/858/836
f 478/857/835 427/858/836 480/848/826
f 480/848/826 427/858/836 428/846/824
f 433/859/815 434/860/837 461/833/813
f 461/833/813 434/860/837 491/861/838
f 461/833/813 491/861/838 492/831/811
f 492/831/811 491/861/838 463/829/809
f 434/860/837 435/862/839 491/861/838
f 491/861/838 435/862/839 493/863/840
f 491/861/838 493/863/840 463/829/809
f 463/829/809 493/863/840 495/827/807
f 435/862/839 436/864/841 493/863/840
f 493/863/840 436/864/841 494/865/842
f 493/863/840 494/865/842 495/827/807
f 495/827/807 494/865/842 497/825/805
f 436/864/841 437/866/843 494/865/842
f 494/865/842 437/866/843 496/867/844
f 494/865/842 496/867/844 497/825/805
f 497/825/805 496/867/844 498/823/803
f 437/866/843 438/868/845 496/867/844
f 496/867/844 438/868/845 465/821/801
f 496/867/844 465/821/801 498/823/803
f 438/868/845 439/819/799 465/821/801
f 445/869/846 473/870/847 444/871/848
f 444/871/848 473/870/847 472/872/849
f 444/871/848 472/872/849 460/873/850
f 460/873/850 472/872/849 476/874/851
f 460/873/850 476/874/851 467/875/852
f 467/875/852 476/874/851 475/853/831
f 467/875/852 475/853/831 477/855/833
f 473/870/847 445/869/846 466/876/853
f 466/876/853 445/869/846 446/877/854
f 466/876/853 446/877/854 505/878/855
f 505/878/855 446/877/854 503/879/856
f 505/878/855 503/879/856 502/816/796
f 502/816/796 503/879/856 499/818/798
f 446/877/854 447/880/857 503/879/856
f 503/879/856 447/880/857 500/881/858
f 503/879/856 500/881/858 499/818/798
f 499/818/798 500/881/858 501/820/800
f 447/880/857 448/882/859 500/881/858
f 500/881/858 448/882/859 464/822/802
f 500/881/858 464/822/802 501/820/800
f 448/882/859 449/824/804 464/822/802
f 452/883/810 453/884/860 462/835/812
f 462/835/812 453/884/860 470/885/861
f 462/835/812 470/885/861 490/836/814
f 490/836/814 470/885/861 488/839/817
f 453/884/860 454/886/862 470/885/861
f 470/885/861 454/886/862 489/887/863
f 470/885/861 489/887/863 488/839/817
f 488/839/817 489/887/863 486/841/819
f 489/887/863 454/886/862 487/888/864
f 487/888/864 454/886/862 455/889/865
f 487/888/864 455/889/865 485/890/866
f 485/890/866 455/889/865 456/891/867
f 485/890/866 456/891/867 468/892/868
f 468/892/868 456/891/867 457/851/829
f 468/892/868 457/851/829 483/849/827
f 481/850/828 458/852/830 479/893/869
f 479/893/869 458/852/830 459/894/870
f 479/893/869 459/894/870 467/875/852
f 467/875/852 459/894/870 460/873/850
f 471/808/788 472/872/849 474/810/790
f 474/810/790 472/872/849 473/870/847
f 474/810/790 473/870/847 506/812/792
f 506/812/792 473/870/847 466/876/853
f 506/812/792 466/876/853 504/814/794
f 504/814/794 466/876/853 505/878/855
f 504/814/794 505/878/855 502/816/796
f 475/853/831 476/874/851 471/808/788
f 471/808/788 476/874/851 472/872/849
f 479/893/869 467/875/852 477/855/833
f 481/850/828 479/893/869 478/857/835
f 478/857/835 479/893/869 477/855/833
f 480/848/826 481/850/828 478/857/835
f 468/892/868 483/849/827 482/847/825
f 484/843/821 485/890/866 469/845/823
f 469/845/823 485/890/866 468/892/868
f 469/845/823 468/892/868 482/847/825
f 485/890/866 484/843/821 487/888/864
f 487/888/864 484/843/821 486/841/819
f 487/888/864 486/841/819 489/887/863
f 460/895/850 515/896/871 444/897/848
f 444/898/848 515/899/871 516/900/872
f 444/898/848 516/900/872 445/901/846
f 445/901/846 516/900/872 517/902/873
f 445/901/846 517/902/873 446/903/854
f 446/903/854 517/902/873 518/904/874
f 446/903/854 518/904/874 447/905/857
f 447/905/857 518/904/874 519/906/875
f 447/905/857 519/906/875 448/907/859
f 448/907/859 519/906/875 520/908/876
f 448/907/859 520/908/876 449/909/804
f 449/909/804 520/908/876 521/910/877
f 449/909/804 521/910/877 450/911/806
f 450/911/806 521/910/877 522/912/878
f 450/911/806 522/912/878 451/913/808
f 451/913/808 522/912/878 523/914/879
f 451/913/808 523/914/879 452/915/810
f 452/915/810 523/914/879 507/916/880
f 452/915/810 507/916/880 453/917/860
f 453/917/860 507/916/880 508/918/881
f 453/917/860 508/918/881 454/919/862
f 454/919/862 508/918/881 509/920/882
f 454/919/862 509/920/882 455/921/865
f 455/921/865 509/920/882 510/922/883
f 455/921/865 510/922/883 456/923/867
f 456/923/867 510/922/883 511/924/884
f 456/923/867 511/924/884 457/925/829
f 457/925/829 511/924/884 512/926/885
f 457/925/829 512/926/885 458/927/830
f 458/927/830 512/926/885 513/928/886
f 458/927/830 513/928/886 459/929/870
f 459/929/870 513/928/886 514/930/887
f 459/929/870 514/930/887 460/895/850
f 460/895/850 514/930/887 515/896/871
f 343/931/685 537/932/888 317/933/683
f 317/934/683 537/935/888 538/936/889
f 317/934/683 538/936/889 318/937/681
f 318/937/681 538/936/889 539/938/890
f 318/937/681 539/938/890 319/939/733
f 319/939/733 539/938/890 655/940/891
f 319/939/733 655/940/891 658/941/892
f 658/941/892 655/940/891 656/942/893
f 658/941/892 656/942/893 657/943/894
f 537/932/888 343/931/685 536/944/895
f 536/944/895 343/931/685 342/945/687
f 536/944/895 342/945/687 535/946/896
f 535/946/896 342/945/687 341/947/689
f 535/946/896 341/947/689 534/948/897
f 534/948/897 341/947/689 340/949/691
f 534/948/897 340/949/691 533/950/898
f 533/950/898 340/949/691 339/951/693
f 533/950/898 339/951/693 532/952/899
f 532/952/899 339/951/693 338/953/695
f 532/952/899 338/953/695 531/954/900
f 531/954/900 338/953/695 337/955/697
f 531/954/900 337/955/697 530/956/901
f 530/956/901 337/955/697 336/957/699
f 530/956/901 336/957/699 529/958/902
f 529/958/902 336/957/699 335/959/701
f 529/958/902 335/959/701 528/960/903
f 528/960/903 335/959/701 334/961/703
f 528/960/903 334/961/703 527/962/904
f 527/962/904 334/961/703 333/963/705
f 527/962/904 333/963/705 526/964/905
f 526/964/905 333/963/705 332/965/707
f 526/964/905 332/965/707 525/966/906
f 525/966/906 332/965/707 331/967/709
f 525/966/906 331/967/709 524/968/907
f 524/968/907 331/967/709 330/969/711
f 524/968/907 330/969/711 550/970/908
f 550/970/908 330/969/711 329/971/713
f 550/970/908 329/971/713 727/972/909
f 727/972/909 329/971/713 328/973/715
f 727/972/909 328/973/715 726/974/910
f 726/974/910 328/973/715 725/975/911
f 725/975/911 328/973/715 724/976/912
f 724/976/912 328/973/715 723/977/913
f 723/977/913 328/973/715 327/978/717
f 723/977/913 327/978/717 722/979/914
f 722/979/914 327/978/717 721/980/915
f 721/980/915 327/978/717 720/981/916
f 720/981/916 327/978/717 326/982/719
f 720/981/916 326/982/719 719/983/917
f 719/983/917 326/982/719 718/984/918
f 718/984/918 326/982/719 717/985/919
f 717/985/919 326/982/719 716/986/920
f 716/986/920 326/982/719 715/987/921
f 715/987/921 326/982/719 714/988/922
f 714/988/922 326/982/719 713/989/923
f 713/989/923 326/982/719 325/990/721
f 713/989/923 325/990/721 712/991/924
f 712/991/924 325/990/721 711/992/925
f 711/992/925 325/990/721 710/993/926
f 710/993/926 325/990/721 709/994/927
f 709/994/927 325/990/721 708/995/928
f 708/995/928 325/990/721 707/996/929
f 707/996/929 325/990/721 706/997/930
f 706/997/930 325/990/721 705/998/931
f 705/998/931 325/990/721 704/999/932
f 704/999/932 325/990/721 324/1000/723
f 704/999/932 324/1000/723 703/1001/933
f 703/1001/933 324/1000/723 702/1002/934
f 702/1002/934 324/1000/723 701/1003/935
f 701/1003/935 324/1000/723 700/1004/936
f 700/1004/936 324/1000/723 699/1005/937
f 699/1005/937 324/1000/723 698/1006/938
f 698/1006/938 324/1000/723 697/1007/939
f 697/1007/939 324/1000/723 323/1008/725
f 697/1007/939 323/1008/725 696/1009/940
f 696/1009/940 323/1008/725 695/1010/941
f 695/1010/941 323/1008/725 694/1011/942
f 694/1011/942 323/1008/725 693/1012/943
f 693/1012/943 323/1008/725 692/1013/944
f 692/1013/944 323/1008/725 691/1014/945
f 691/1014/945 323/1008/725 322/1015/727
f 691/1014/945 322/1015/727 690/1016/946
f 690/1016/946 322/1015/727 689/1017/947
f 689/1017/947 322/1015/727 688/1018/948
f 688/1018/948 322/1015/727 687/1019/949
f 687/1019/949 322/1015/727 686/1020/950
f 686/1020/950 322/1015/727 685/1021/951
f 685/1021/951 322/1015/727 321/1022/729
f 685/1021/951 321/1022/729 684/1023/952
f 684/1023/952 321/1022/729 683/1024/953
f 683/1024/953 321/1022/729 682/1025/954
f 682/1025/954 321/1022/729 681/1026/955
f 681/1026/955 321/1022/729 680/1027/956
f 680/1027/956 321/1022/729 679/1028/957
f 679/1028/957 321/1022/729 678/1029/958
f 678/1029/958 321/1022/729 677/1030/959
f 677/1030/959 321/1022/729 676/1031/960
f 676/1031/960 321/1022/729 675/1032/961
f 675/1032/961 321/1022/729 674/1033/962
f 674/1033/962 321/1022/729 320/1034/731
f 674/1033/962 320/1034/731 673/1035/963
f 673/1035/963 320/1034/731 672/1036/964
f 672/1036/964 320/1034/731 671/1037/965
f 671/1037/965 320/1034/731 670/1038/966
f 670/1038/966 320/1034/731 669/1039/967
f 669/1039/967 320/1034/731 668/1040/968
f 668/1040/968 320/1034/731 667/1041/969
f 667/1041/969 320/1034/731 666/1042/970
f 666/1042/970 320/1034/731 319/939/733
f 666/1042/970 319/939/733 665/1043/971
f 665/1043/971 319/939/733 664/1044/972
f 664/1044/972 319/939/733 663/1045/973
f 663/1045/973 319/939/733 662/1046/974
f 662/1046/974 319/939/733 661/1047/975
f 661/1047/975 319/939/733 660/1048/976
f 660/1048/976 319/939/733 659/1049/977
f 659/1049/977 319/939/733 658/941/892
f 540/1050/978 650/1051/979 539/938/890
f 539/938/890 650/1051/979 651/1052/980
f 539/938/890 651/1052/980 652/1053/981
f 541/1054/982 627/1055/983 540/1050/978
f 540/1050/978 627/1055/983 628/1056/984
f 540/1050/978 628/1056/984 629/1057/985
f 542/1058/986 613/1059/987 541/1054/982
f 541/1054/982 613/1059/987 614/1060/988
f 541/1054/982 614/1060/988 615/1061/989
f 543/1062/990 600/1063/991 542/1058/986
f 542/1058/986 600/1063/991 601/1064/992
f 542/1058/986 601/1064/992 602/1065/993
f 544/1066/994 591/1067/995 543/1062/990
f 543/1062/990 591/1067/995 592/1068/996
f 543/1062/990 592/1068/996 593/1069/997
f 545/1070/998 580/1071/999 544/1066/994
f 544/1066/994 580/1071/999 581/1072/1000
f 544/1066/994 581/1072/1000 582/1073/1001
f 546/1074/1002 569/1075/1003 545/1070/998
f 545/1070/998 569/1075/1003 570/1076/1004
f 545/1070/998 570/1076/1004 571/1077/1005
f 547/1078/1006 564/1079/1007 546/1074/1002
f 546/1074/1002 564/1079/1007 565/1080/1008
f 546/1074/1002 565/1080/1008 566/1081/1009
f 548/1082/1010 554/1083/1011 547/1078/1006
f 547/1078/1006 554/1083/1011 555/1084/1012
f 547/1078/1006 555/1084/1012 556/1085/1013
f 549/1086/1014 551/1087/1015 548/1082/1010
f 548/1082/1010 551/1087/1015 552/1088/1016
f 548/1082/1010 552/1088/1016 553/1089/1017
f 550/970/908 727/972/909 549/1086/1014
f 549/1086/1014 727/972/909 729/1090/1018
f 549/1086/1014 729/1090/1018 730/1091/1019
f 553/1089/1017 554/1083/1011 548/1082/1010
f 556/1085/1013 557/1092/1020 547/1078/1006
f 547/1078/1006 557/1092/1020 558/1093/1021
f 547/1078/1006 558/1093/1021 559/1094/1022
f 559/1094/1022 560/1095/1023 547/1078/1006
f 547/1078/1006 560/1095/1023 561/1096/1024
f 547/1078/1006 561/1096/1024 562/1097/1025
f 562/1097/1025 563/1098/1026 547/1078/1006
f 547/1078/1006 563/1098/1026 564/1079/1007
f 566/1081/1009 567/1099/1027 546/1074/1002
f 546/1074/1002 567/1099/1027 568/1100/1028
f 546/1074/1002 568/1100/1028 569/1075/1003
f 571/1077/1005 572/1101/1029 545/1070/998
f 545/1070/998 572/1101/1029 573/1102/1030
f 545/1070/998 573/1102/1030 574/1103/1031
f 574/1103/1031 575/1104/1032 545/1070/998
f 545/1070/998 575/1104/1032 576/1105/1033
f 545/1070/998 576/1105/1033 577/1106/1034
f 577/1106/1034 578/1107/1035 545/1070/998
f 545/1070/998 578/1107/1035 579/1108/1036
f 545/1070/998 579/1108/1036 580/1071/999
f 582/1073/1001 583/1109/1037 544/1066/994
f 544/1066/994 583/1109/1037 584/1110/1038
f 544/1066/994 584/1110/1038 585/1111/1039
f 585/1111/1039 586/1112/1040 544/1066/994
f 544/1066/994 586/1112/1040 587/1113/1041
f 544/1066/994 587/1113/1041 588/1114/1042
f 588/1114/1042 589/1115/1043 544/1066/994
f 544/1066/994 589/1115/1043 590/1116/1044
f 544/1066/994 590/1116/1044 591/1067/995
f 593/1069/997 594/1117/1045 543/1062/990
f 543/1062/990 594/1117/1045 595/1118/1046
f 543/1062/990 595/1118/1046 596/1119/1047
f 596/1119/1047 597/1120/1048 543/1062/990
f 543/1062/990 597/1120/1048 598/1121/1049
f 543/1062/990 598/1121/1049 599/1122/1050
f 599/1122/1050 600/1063/991 543/1062/990
f 602/1065/993 603/1123/1051 542/1058/986
f 542/1058/986 603/1123/1051 604/1124/1052
f 542/1058/986 604/1124/1052 605/1125/1053
f 605/1125/1053 606/1126/1054 542/1058/986
f 542/1058/986 606/1126/1054 607/1127/1055
f 542/1058/986 607/1127/1055 608/1128/1056
f 608/1128/1056 609/1129/1057 542/1058/986
f 542/1058/986 609/1129/1057 610/1130/1058
f 542/1058/986 610/1130/1058 611/1131/1059
f 611/1131/1059 612/1132/1060 542/1058/986
f 542/1058/986 612/1132/1060 613/1059/987
f 615/1061/989 616/1133/1061 541/1054/982
f 541/1054/982 616/1133/1061 617/1134/1062
f 541/1054/982 617/1134/1062 618/1135/1063
f 618/1135/1063 619/1136/1064 541/1054/982
f 541/1054/982 619/1136/1064 620/1137/1065
f 541/1054/982 620/1137/1065 621/1138/1066
f 621/1138/1066 622/1139/1067 541/1054/982
f 541/1054/982 622/1139/1067 623/1140/1068
f 541/1054/982 623/1140/1068 624/1141/1069
f 624/1141/1069 625/1142/1070 541/1054/982
f 541/1054/982 625/1142/1070 626/1143/1071
f 541/1054/982 626/1143/1071 627/1055/983
f 629/1057/985 630/1144/1072 540/1050/978
f 540/1050/978 630/1144/1072 631/1145/1073
f 540/1050/978 631/1145/1073 632/1146/1074
f 632/1146/1074 633/1147/1075 540/1050/978
f 540/1050/978 633/1147/1075 634/1148/1076
f 540/1050/978 634/1148/1076 635/1149/1077
f 635/1149/1077 636/1150/1078 540/1050/978
f 540/1050/978 636/1150/1078 637/1151/1079
f 540/1050/978 637/1151/1079 638/1152/1080
f 638/1152/1080 639/1153/1081 540/1050/978
f 540/1050/978 639/1153/1081 640/1154/1082
f 540/1050/978 640/1154/1082 641/1155/1083
f 641/1155/1083 642/1156/1084 540/1050/978
f 540/1050/978 642/1156/1084 643/1157/1085
f 540/1050/978 643/1157/1085 644/1158/1086
f 644/1158/1086 645/1159/1087 540/1050/978
f 540/1050/978 645/1159/1087 646/1160/1088
f 540/1050/978 646/1160/1088 647/1161/1089
f 647/1161/1089 648/1162/1090 540/1050/978
f 540/1050/978 648/1162/1090 649/1163/1091
f 540/1050/978 649/1163/1091 650/1051/979
f 652/1053/981 653/1164/1092 539/938/890
f 539/938/890 653/1164/1092 654/1165/1093
f 539/938/890 654/1165/1093 655/940/891
f 727/972/909 728/1166/1094 729/1090/1018
f 730/1091/1019 731/1167/1095 549/1086/1014
f 549/1086/1014 731/1167/1095 733/1168/1096
f 549/1086/1014 733/1168/1096 551/1087/1015
f 731/1167/1095 732/1169/1097 733/1168/1096
f 735/1170/1098 736/1171/1099 734/1172/1100
f 734/1172/1100 736/1171/1099 737/1173/1101
f 745/1174/1102 738/1175/1103 742/1176/1104
f 742/1176/1104 738/1175/1103 739/1177/1105
f 742/1176/1104 739/1177/1105 740/1178/1106
f 740/1178/1106 741/1179/1107 742/1176/1104
f 743/1180/1108 744/1181/1109 742/1176/1104
f 742/1176/1104 744/1181/1109 745/1174/1102
f 741/1182/1110 746/1183/1111 742/1184/1112
f 742/1184/1112 746/1183/1111 747/1185/1113
f 742/1184/1112 747/1185/1113 748/1186/1114
f 748/1186/1114 749/1187/1115 742/1184/1112
f 736/1188/1116 750/1189/1117 737/1190/1118
f 737/1190/1118 750/1189/1117 751/1191/1119
f 737/1190/1118 751/1191/1119 743/1192/1120
f 743/1192/1120 742/1193/1121 737/1190/1118
f 752/1194/1122 753/1195/1123 754/1196/1124
f 749/1197/1125 748/1198/1126 758/1199/1127
f 758/1199/1127 748/1198/1126 757/1200/1128
f 757/1200/1128 748/1198/1126 755/1201/1129
f 757/1200/1128 755/1201/1129 756/1202/1130
f 759/1203/1131 760/1204/1132 758/1205/1133
f 758/1205/1133 760/1204/1132 761/1206/1134
f 762/1207/1135 763/1208/1136 752/1209/1137
f 752/1209/1137 763/1208/1136 764/1210/1138
f 752/1209/1137 764/1210/1138 753/1211/1139
f 754/1212/1140 765/1213/1141 752/1214/1142
f 757/1215/1143 759/1216/1144 758/1217/1145
f 766/1218/1146 767/1219/1147 773/1220/1148
f 773/1220/1148 767/1219/1147 768/1221/1149
f 773/1220/1148 768/1221/1149 769/1222/1150
f 769/1222/1150 770/1223/1151 773/1220/1148
f 773/1220/1148 770/1223/1151 771/1224/1152
f 773/1220/1148 771/1224/1152 772/1225/1153
f 761/1226/1154 760/1227/1155 773/1228/1156
f 773/1228/1156 760/1227/1155 774/1229/1157
f 773/1228/1156 774/1229/1157 775/1230/1158
f 775/1230/1158 766/1231/1159 773/1228/1156
f 776/1232/1160 777/1233/1161 752/1234/1162
f 752/1234/1162 777/1233/1161 778/1235/1163
f 752/1234/1162 778/1235/1163 762/1236/1164
f 765/1237/1165 779/1238/1166 752/1239/1167
f 773/1240/1168 772/1241/1169 783/1242/1170
f 783/1242/1170 772/1241/1169 780/1243/1171
f 783/1242/1170 780/1243/1171 781/1244/1172
f 781/1244/1172 782/1245/1173 783/1242/1170
f 783/1246/1174 782/1247/1175 786/1248/1176
f 786/1248/1176 782/1247/1175 784/1249/1177
f 786/1248/1176 784/1249/1177 785/1250/1178
f 787/1251/1179 788/1252/1180 752/1253/1181
f 752/1253/1181 788/1252/1180 789/1254/1182
f 752/1253/1181 789/1254/1182 776/1255/1183
f 752/1256/1184 779/1257/1185 790/1258/1186
f 785/1259/1187 791/1260/1188 786/1261/1189
f 786/1261/1189 791/1260/1188 792/1262/1190
f 786/1261/1189 792/1262/1190 793/1263/1191
f 786/1264/1192 793/1265/1193 797/1266/1194
f 797/1266/1194 793/1265/1193 794/1267/1195
f 797/1266/1194 794/1267/1195 795/1268/1196
f 795/1268/1196 796/1269/1197 797/1266/1194
f 796/1270/1198 798/1271/1199 797/1272/1200
f 797/1272/1200 798/1271/1199 799/1273/1201
f 797/1272/1200 799/1273/1201 800/1274/1202
f 801/1275/1203 802/1276/1204 752/1277/1205
f 752/1277/1205 802/1276/1204 803/1278/1206
f 752/1277/1205 803/1278/1206 787/1279/1207
f 790/1280/1208 804/1281/1209 752/1282/1210
f 805/1283/1211 806/1284/1212 807/1285/1213
f 806/1286/1214 808/1287/1215 807/1288/1216
f 809/1289/1217 810/1290/1218 813/1291/1219
f 813/1291/1219 810/1290/1218 811/1292/1220
f 813/1291/1219 811/1292/1220 812/1293/1221
f 814/1294/1222 815/1295/1223 821/1296/1224
f 821/1296/1224 815/1295/1223 816/1297/1225
f 821/1296/1224 816/1297/1225 817/1298/1226
f 817/1298/1226 818/1299/1227 821/1296/1224
f 821/1296/1224 818/1299/1227 819/1300/1228
f 821/1296/1224 819/1300/1228 820/1301/1229
f 822/1302/1230 823/1303/1231 826/1304/1232
f 826/1304/1232 823/1303/1231 824/1305/1233
f 826/1304/1232 824/1305/1233 825/1306/1234
f 797/1307/1235 800/1308/1236 830/1309/1237
f 830/1309/1237 800/1308/1236 827/1310/1238
f 830/1309/1237 827/1310/1238 828/1311/1239
f 828/1311/1239 829/1312/1240 830/1309/1237
f 812/1313/1241 831/1314/1242 813/1315/1243
f 813/1315/1243 831/1314/1242 832/1316/1244
f 813/1315/1243 832/1316/1244 834/1317/1245
f 834/1317/1245 832/1316/1244 833/1318/1246
f 835/1319/1247 836/1320/1248 752/1321/1249
f 752/1321/1249 836/1320/1248 837/1322/1250
f 752/1321/1249 837/1322/1250 801/1323/1251
f 833/1324/1252 838/1325/1253 834/1326/1254
f 834/1326/1254 838/1325/1253 839/1327/1255
f 834/1326/1254 839/1327/1255 840/1328/1256
f 804/1329/1257 841/1330/1258 752/1331/1259
f 807/1332/1260 842/1333/1261 805/1334/1262
f 807/1335/1263 808/1336/1264 843/1337/1265
f 845/1338/1266 846/1339/1267 844/1340/1268
f 844/1340/1268 846/1339/1267 847/1341/1269
f 844/1340/1268 847/1341/1269 735/1342/1270
f 735/1342/1270 734/1343/1271 844/1340/1268
f 830/1344/1272 829/1345/1273 826/1346/1274
f 826/1346/1274 829/1345/1273 848/1347/1275
f 826/1346/1274 848/1347/1275 849/1348/1276
f 849/1348/1276 822/1349/1277 826/1346/1274
f 821/1350/1278 820/1351/1279 813/1352/1280
f 813/1352/1280 820/1351/1279 850/1353/1281
f 813/1352/1280 850/1353/1281 851/1354/1282
f 851/1354/1282 809/1355/1283 813/1352/1280
f 826/1356/1284 825/1357/1285 821/1358/1286
f 821/1358/1286 825/1357/1285 852/1359/1287
f 821/1358/1286 852/1359/1287 853/1360/1288
f 853/1360/1288 814/1361/1289 821/1358/1286
f 855/1362/1290 856/1363/1291 854/1364/1292
f 854/1364/1292 856/1363/1291 857/1365/1293
f 854/1364/1292 857/1365/1293 858/1366/1294
f 840/1367/1295 859/1368/1296 834/1369/1297
f 834/1369/1297 859/1368/1296 860/1370/1298
f 834/1369/1297 860/1370/1298 835/1371/1299
f 835/1371/1299 752/1372/1300 834/1369/1297
f 841/1373/1301 861/1374/1302 752/1375/1303
f 752/1375/1303 861/1374/1302 862/1376/1304
f 752/1375/1303 862/1376/1304 863/1377/1305
f 863/1377/1305 864/1378/1306 752/1375/1303
f 865/1379/1307 842/1380/1308 807/1381/1309
f 807/1382/1310 843/1383/1311 854/1384/1312
f 854/1384/1312 843/1383/1311 866/1385/1313
f 854/1384/1312 866/1385/1313 867/1386/1314
f 867/1386/1314 855/1387/1315 854/1384/1312
f 869/1388/1316 870/1389/1317 868/1390/1318
f 868/1390/1318 870/1389/1317 871/1391/1319
f 868/1390/1318 871/1391/1319 872/1392/1320
f 873/1393/1321 874/1394/1322 880/1395/1323
f 880/1395/1323 874/1394/1322 875/1396/1324
f 880/1395/1323 875/1396/1324 876/1397/1325
f 876/1397/1325 877/1398/1326 880/1395/1323
f 880/1395/1323 877/1398/1326 878/1399/1327
f 880/1395/1323 878/1399/1327 879/1400/1328
f 881/1401/1329 882/1402/1330 885/1403/1331
f 885/1403/1331 882/1402/1330 883/1404/1332
f 885/1403/1331 883/1404/1332 884/1405/1333
f 886/1406/1334 887/1407/1335 844/1408/1336
f 844/1408/1336 887/1407/1335 845/1409/1337
f 858/1410/1338 888/1411/1339 854/1412/1340
f 854/1412/1340 888/1411/1339 889/1413/1341
f 854/1412/1340 889/1413/1341 869/1414/1342
f 869/1414/1342 868/1415/1343 854/1412/1340
f 864/1416/1344 863/1417/1345 807/1418/1346
f 807/1418/1346 863/1417/1345 865/1419/1347
f 872/1420/1348 890/1421/1349 868/1422/1350
f 868/1422/1350 890/1421/1349 891/1423/1351
f 868/1422/1350 891/1423/1351 873/1424/1352
f 873/1424/1352 880/1425/1353 868/1422/1350
f 880/1426/1354 879/1427/1355 895/1428/1356
f 895/1428/1356 879/1427/1355 892/1429/1357
f 895/1428/1356 892/1429/1357 893/1430/1358
f 893/1430/1358 894/1431/1359 895/1428/1356
f 894/1432/1360 896/1433/1361 895/1434/1362
f 895/1434/1362 896/1433/1361 897/1435/1363
f 895/1434/1362 897/1435/1363 881/1436/1364
f 881/1436/1364 885/1437/1365 895/1434/1362
f 884/1438/1366 898/1439/1367 885/1440/1368
f 885/1440/1368 898/1439/1367 899/1441/1369
f 885/1440/1368 899/1441/1369 900/1442/1370
f 899/1443/1371 901/1444/1372 900/1445/1373
f 900/1445/1373 901/1444/1372 902/1446/1374
f 900/1445/1373 902/1446/1374 886/1447/1375
f 886/1447/1375 844/1448/1376 900/1445/1373
f 654/1449/1377 653/1450/1378 903/1451/1379
f 903/1452/1380 655/1453/1381 654/1454/1382
f 653/1455/1383 652/1456/1384 903/1457/1385
f 656/1458/1386 655/1459/1387 903/1460/1388
f 903/1461/1389 652/1462/1390 651/1463/1391
f 657/1464/1392 656/1465/1393 903/1466/1394
f 651/1467/1395 650/1468/1396 903/1469/1397
f 657/1470/1398 903/1471/1399 658/1472/1400
f 658/1472/1400 903/1471/1399 904/1473/1401
f 650/1474/1402 649/1475/1403 903/1476/1404
f 903/1477/1405 905/1478/1406 904/1479/1407
f 659/1480/1408 658/1481/1409 904/1482/1410
f 903/1483/1411 649/1484/1412 648/1485/1413
f 906/1486/1414 905/1487/1415 903/1488/1416
f 905/1489/1417 907/1490/1418 904/1491/1419
f 904/1492/1420 660/1493/1421 659/1494/1422
f 648/1495/1423 647/1496/1424 903/1497/1425
f 903/1497/1425 647/1496/1424 646/1498/1426
f 903/1497/1425 646/1498/1426 645/1499/1427
f 906/1500/1428 908/1501/1429 905/1502/1430
f 903/1503/1431 636/1504/1432 906/1505/1433
f 906/1505/1433 636/1504/1432 635/1506/1434
f 906/1505/1433 635/1506/1434 634/1507/1435
f 634/1507/1435 633/1508/1436 906/1505/1433
f 908/1509/1437 907/1510/1438 905/1511/1439
f 907/1512/1440 909/1513/1441 904/1514/1442
f 661/1515/1443 660/1516/1444 904/1517/1445
f 645/1518/1446 644/1519/1447 903/1520/1448
f 903/1520/1448 644/1519/1447 643/1521/1449
f 903/1520/1448 643/1521/1449 642/1522/1450
f 908/1523/1451 906/1524/1452 910/1525/1453
f 639/1526/1454 638/1527/1455 903/1528/1456
f 903/1528/1456 638/1527/1455 637/1529/1457
f 903/1528/1456 637/1529/1457 636/1530/1458
f 906/1531/1459 633/1532/1460 910/1533/1461
f 910/1533/1461 633/1532/1460 632/1534/1462
f 910/1533/1461 632/1534/1462 631/1535/1463
f 631/1535/1463 630/1536/1464 910/1533/1461
f 911/1537/1465 907/1538/1466 908/1539/1467
f 912/1540/1468 909/1541/1469 907/1542/1470
f 904/1543/1471 909/1544/1472 913/1545/1473
f 664/1546/1474 663/1547/1475 904/1548/1476
f 904/1548/1476 663/1547/1475 662/1549/1477
f 904/1548/1476 662/1549/1477 661/1550/1478
f 642/1551/1479 641/1552/1480 903/1553/1481
f 903/1553/1481 641/1552/1480 640/1554/1482
f 903/1553/1481 640/1554/1482 639/1555/1483
f 914/1556/1484 908/1557/1485 910/1558/1486
f 630/1559/1487 629/1560/1488 910/1561/1489
f 910/1561/1489 629/1560/1488 628/1562/1490
f 910/1561/1489 628/1562/1490 627/1563/1491
f 912/1564/1492 907/1565/1493 911/1566/1494
f 911/1567/1495 908/1568/1496 914/1569/1497
f 915/1570/1498 909/1571/1499 912/1572/1500
f 909/1573/1501 915/1574/1502 913/1575/1503
f 913/1576/1504 916/1577/1505 904/1578/1506
f 665/1579/1507 664/1580/1508 917/1581/1509
f 917/1581/1509 664/1580/1508 904/1582/1510
f 668/1583/1511 667/1584/1512 917/1585/1513
f 917/1585/1513 667/1584/1512 666/1586/1514
f 917/1585/1513 666/1586/1514 665/1587/1515
f 627/1588/1516 626/1589/1517 910/1590/1518
f 910/1590/1518 626/1589/1517 625/1591/1519
f 910/1590/1518 625/1591/1519 624/1592/1520
f 624/1592/1520 914/1593/1521 910/1590/1518
f 912/1594/1522 911/1595/1523 918/1596/1524
f 918/1597/1525 911/1598/1526 914/1599/1527
f 912/1600/1528 919/1601/1529 915/1602/1530
f 915/1603/1531 920/1604/1532 913/1605/1533
f 921/1606/1534 916/1607/1535 913/1608/1536
f 916/1609/1537 917/1610/1538 904/1611/1539
f 671/1612/1540 670/1613/1541 922/1614/1542
f 922/1614/1542 670/1613/1541 669/1615/1543
f 922/1614/1542 669/1615/1543 668/1616/1544
f 668/1616/1544 917/1617/1545 922/1614/1542
f 914/1618/1546 624/1619/1547 923/1620/1548
f 923/1620/1548 624/1619/1547 623/1621/1549
f 923/1620/1548 623/1621/1549 622/1622/1550
f 622/1622/1550 621/1623/1551 923/1620/1548
f 924/1624/1552 912/1625/1553 918/1626/1554
f 923/1627/1555 918/1628/1556 914/1629/1557
f 912/1630/1558 925/1631/1559 919/1632/1560
f 919/1633/1561 920/1634/1562 915/1635/1563
f 920/1636/1564 926/1637/1565 913/1638/1566
f 921/1639/1567 927/1640/1568 916/1641/1569
f 926/1642/1570 921/1643/1571 913/1644/1572
f 927/1645/1573 917/1646/1574 916/1647/1575
f 922/1648/1576 917/1649/1577 927/1650/1578
f 674/1651/1579 673/1652/1580 922/1653/1581
f 922/1653/1581 673/1652/1580 672/1654/1582
f 922/1653/1581 672/1654/1582 671/1655/1583
f 621/1656/1584 620/1657/1585 923/1658/1586
f 923/1658/1586 620/1657/1585 619/1659/1587
f 923/1658/1586 619/1659/1587 618/1660/1588
f 925/1661/1589 912/1662/1590 924/1663/1591
f 928/1664/1592 924/1665/1593 918/1666/1594
f 923/1667/1595 928/1668/1596 918/1669/1597
f 925/1670/1598 929/1671/1599 919/1672/1600
f 919/1673/1601 929/1674/1602 920/1675/1603
f 920/1676/1604 930/1677/1605 926/1678/1606
f 931/1679/1607 927/1680/1608 921/1681/1609
f 932/1682/1610 921/1683/1611 926/1684/1612
f 933/1685/1613 922/1686/1614 927/1687/1615
f 677/1688/1616 676/1689/1617 934/1690/1618
f 934/1690/1618 676/1689/1617 675/1691/1619
f 934/1690/1618 675/1691/1619 674/1692/1620
f 674/1692/1620 922/1693/1621 934/1690/1618
f 680/1694/1622 679/1695/1623 934/1696/1624
f 934/1696/1624 679/1695/1623 678/1697/1625
f 934/1696/1624 678/1697/1625 677/1698/1626
f 923/1699/1627 618/1700/1628 928/1701/1629
f 928/1701/1629 618/1700/1628 617/1702/1630
f 928/1701/1629 617/1702/1630 616/1703/1631
f 616/1703/1631 615/1704/1632 928/1701/1629
f 935/1705/1633 925/1706/1634 924/1707/1635
f 928/1708/1636 936/1709/1637 924/1710/1638
f 937/1711/1639 929/1712/1640 925/1713/1641
f 929/1714/1642 930/1715/1643 920/1716/1644
f 930/1717/1645 938/1718/1646 926/1719/1647
f 931/1720/1648 939/1721/1649 927/1722/1650
f 932/1723/1651 931/1724/1652 921/1725/1653
f 940/1726/1654 932/1727/1655 926/1728/1656
f 934/1729/1657 922/1730/1658 933/1731/1659
f 939/1732/1660 933/1733/1661 927/1734/1662
f 683/1735/1663 682/1736/1664 941/1737/1665
f 941/1737/1665 682/1736/1664 681/1738/1666
f 941/1737/1665 681/1738/1666 680/1739/1667
f 680/1739/1667 934/1740/1668 941/1737/1665
f 615/1741/1669 614/1742/1670 928/1743/1671
f 928/1743/1671 614/1742/1670 613/1744/1672
f 928/1743/1671 613/1744/1672 612/1745/1673
f 937/1746/1674 925/1747/1675 935/1748/1676
f 924/1749/1677 936/1750/1678 935/1751/1679
f 936/1752/1680 928/1753/1681 942/1754/1682
f 943/1755/1683 929/1756/1684 937/1757/1685
f 929/1758/1686 943/1759/1687 930/1760/1688
f 943/1761/1689 938/1762/1690 930/1763/1691
f 926/1764/1692 938/1765/1693 940/1766/1694
f 944/1767/1695 939/1768/1696 931/1769/1697
f 945/1770/1698 931/1771/1699 932/1772/1700
f 946/1773/1701 932/1774/1702 940/1775/1703
f 947/1776/1704 934/1777/1705 933/1778/1706
f 939/1779/1707 948/1780/1708 933/1781/1709
f 941/1782/1710 934/1783/1711 947/1784/1712
f 686/1785/1713 685/1786/1714 941/1787/1715
f 941/1787/1715 685/1786/1714 684/1788/1716
f 941/1787/1715 684/1788/1716 683/1789/1717
f 928/1790/1718 612/1791/1719 942/1792/1720
f 942/1792/1720 612/1791/1719 611/1793/1721
f 942/1792/1720 611/1793/1721 610/1794/1722
f 610/1794/1722 609/1795/1723 942/1792/1720
f 949/1796/1724 937/1797/1725 935/1798/1726
f 936/1799/1727 950/1800/1728 935/1801/1729
f 951/1802/1730 936/1803/1731 942/1804/1732
f 937/1805/1733 952/1806/1734 943/1807/1735
f 953/1808/1736 938/1809/1737 943/1810/1738
f 938/1811/1739 954/1812/1740 940/1813/1741
f 944/1814/1742 948/1815/1743 939/1816/1744
f 945/1817/1745 944/1818/1746 931/1819/1747
f 946/1820/1748 945/1821/1749 932/1822/1750
f 955/1823/1751 946/1824/1752 940/1825/1753
f 948/1826/1754 947/1827/1755 933/1828/1756
f 956/1829/1757 941/1830/1758 947/1831/1759
f 689/1832/1760 688/1833/1761 957/1834/1762
f 957/1834/1762 688/1833/1761 687/1835/1763
f 957/1834/1762 687/1835/1763 686/1836/1764
f 686/1836/1764 941/1837/1765 957/1834/1762
f 609/1838/1766 608/1839/1767 942/1840/1768
f 942/1840/1768 608/1839/1767 607/1841/1769
f 942/1840/1768 607/1841/1769 606/1842/1770
f 952/1843/1771 937/1844/1772 949/1845/1773
f 949/1846/1774 935/1847/1775 950/1848/1776
f 950/1849/1777 936/1850/1778 951/1851/1779
f 951/1852/1780 942/1853/1781 958/1854/1782
f 952/1855/1783 959/1856/1784 943/1857/1785
f 938/1858/1786 953/1859/1787 954/1860/1788
f 943/1861/1789 959/1862/1790 953/1863/1791
f 940/1864/1792 954/1865/1793 955/1866/1794
f 944/1867/1795 960/1868/1796 948/1869/1797
f 961/1870/1798 944/1871/1799 945/1872/1800
f 962/1873/1801 945/1874/1802 946/1875/1803
f 962/1876/1804 946/1877/1805 955/1878/1806
f 948/1879/1807 963/1880/1808 947/1881/1809
f 957/1882/1810 941/1883/1811 956/1884/1812
f 963/1885/1813 956/1886/1814 947/1887/1815
f 692/1888/1816 691/1889/1817 957/1890/1818
f 957/1890/1818 691/1889/1817 690/1891/1819
f 957/1890/1818 690/1891/1819 689/1892/1820
f 942/1893/1821 606/1894/1822 958/1895/1823
f 958/1895/1823 606/1894/1822 605/1896/1824
f 958/1895/1823 605/1896/1824 604/1897/1825
f 604/1897/1825 603/1898/1826 958/1895/1823
f 603/1899/1827 602/1900/1828 958/1901/1829
f 958/1901/1829 602/1900/1828 601/1902/1830
f 958/1901/1829 601/1902/1830 600/1903/1831
f 964/1904/1832 952/1905/1833 949/1906/1834
f 965/1907/1835 949/1908/1836 950/1909/1837
f 950/1910/1838 951/1911/1839 966/1912/1840
f 966/1913/1841 951/1914/1842 958/1915/1843
f 967/1916/1844 959/1917/1845 952/1918/1846
f 953/1919/1847 968/1920/1848 954/1921/1849
f 959/1922/1850 969/1923/1851 953/1924/1852
f 954/1925/1853 968/1926/1854 955/1927/1855
f 970/1928/1856 960/1929/1857 944/1930/1858
f 960/1931/1859 971/1932/1860 948/1933/1861
f 961/1934/1862 970/1935/1863 944/1936/1864
f 962/1937/1865 961/1938/1866 945/1939/1867
f 972/1940/1868 962/1941/1869 955/1942/1870
f 971/1943/1871 963/1944/1872 948/1945/1873
f 973/1946/1874 957/1947/1875 956/1948/1876
f 963/1949/1877 974/1950/1878 956/1951/1879
f 695/1952/1880 694/1953/1881 975/1954/1882
f 975/1954/1882 694/1953/1881 693/1955/1883
f 975/1954/1882 693/1955/1883 692/1956/1884
f 692/1956/1884 957/1957/1885 975/1954/1882
f 958/1958/1886 600/1959/1887 976/1960/1888
f 976/1960/1888 600/1959/1887 599/1961/1889
f 976/1960/1888 599/1961/1889 598/1962/1890
f 598/1962/1890 597/1963/1891 976/1960/1888
f 967/1964/1892 952/1965/1893 964/1966/1894
f 964/1967/1895 949/1968/1896 965/1969/1897
f 965/1970/1898 950/1971/1899 977/1972/1900
f 977/1973/1901 950/1974/1902 966/1975/1903
f 966/1976/1904 958/1977/1905 976/1978/1906
f 978/1979/1907 959/1980/1908 967/1981/1909
f 953/1982/1910 969/1983/1911 968/1984/1912
f 959/1985/1913 978/1986/1914 969/1987/1915
f 968/1988/1916 979/1989/1917 955/1990/1918
f 980/1991/1919 960/1992/1920 970/1993/1921
f 981/1994/1922 971/1995/1923 960/1996/1924
f 982/1997/1925 970/1998/1926 961/1999/1927
f 983/2000/1928 961/2001/1929 962/2002/1930
f 983/2003/1931 962/2004/1932 972/2005/1933
f 972/2006/1934 955/2007/1935 984/2008/1936
f 971/2009/1937 985/2010/1938 963/2011/1939
f 975/2012/1940 957/2013/1941 973/2014/1942
f 974/2015/1943 973/2016/1944 956/2017/1945
f 985/2018/1946 974/2019/1947 963/2020/1948
f 698/2021/1949 697/2022/1950 975/2023/1951
f 975/2023/1951 697/2022/1950 696/2024/1952
f 975/2023/1951 696/2024/1952 695/2025/1953
f 597/2026/1954 596/2027/1955 976/2028/1956
f 976/2028/1956 596/2027/1955 595/2029/1957
f 976/2028/1956 595/2029/1957 594/2030/1958
f 986/2031/1959 967/2032/1960 964/2033/1961
f 987/2034/1962 964/2035/1963 965/2036/1964
f 988/2037/1965 965/2038/1966 977/2039/1967
f 977/2040/1968 966/2041/1969 989/2042/1970
f 989/2043/1971 966/2044/1972 976/2045/1973
f 990/2046/1974 978/2047/1975 967/2048/1976
f 969/2049/1977 979/2050/1978 968/2051/1979
f 978/2052/1980 979/2053/1981 969/2054/1982
f 979/2055/1983 991/2056/1984 955/2057/1985
f 980/2058/1986 981/2059/1987 960/2060/1988
f 970/2061/1989 992/2062/1990 980/2063/1991
f 981/2064/1992 993/2065/1993 971/2066/1994
f 982/2067/1995 994/2068/1996 970/2069/1997
f 983/2070/1998 982/2071/1999 961/2072/2000
f 995/2073/2001 983/2074/2002 972/2075/2003
f 955/2076/2004 991/2077/2005 984/2078/2006
f 995/2079/2007 972/2080/2008 984/2081/2009
f 996/2082/2010 985/2083/2011 971/2084/2012
f 701/2085/2013 700/2086/2014 997/2087/2015
f 997/2087/2015 700/2086/2014 699/2088/2016
f 997/2087/2015 699/2088/2016 698/2089/2017
f 698/2089/2017 975/2090/2018 997/2087/2015
f 704/2091/2019 703/2092/2020 997/2093/2021
f 997/2093/2021 703/2092/2020 702/2094/2022
f 997/2093/2021 702/2094/2022 701/2095/2023
f 976/2096/2024 594/2097/2025 989/2098/2026
f 989/2098/2026 594/2097/2025 593/2099/2027
f 989/2098/2026 593/2099/2027 592/2100/2028
f 592/2100/2028 591/2101/2029 989/2098/2026
f 990/2102/2030 967/2103/2031 986/2104/2032
f 986/2105/2033 964/2106/2034 987/2107/2035
f 987/2108/2036 965/2109/2037 988/2110/2038
f 988/2111/2039 977/2112/2040 998/2113/2041
f 998/2114/2042 977/2115/2043 989/2116/2044
f 999/2117/2045 978/2118/2046 990/2119/2047
f 999/2120/2048 979/2121/2049 978/2122/2050
f 979/2123/2051 999/2124/2052 991/2125/2053
f 992/2126/2054 981/2127/2055 980/2128/2056
f 994/2129/2057 992/2130/2058 970/2131/2059
f 981/2132/2060 1000/2133/2061 993/2134/2062
f 993/2135/2063 996/2136/2064 971/2137/2065
f 1001/2138/2066 994/2139/2067 982/2140/2068
f 983/2141/2069 1001/2142/2070 982/2143/2071
f 1001/2144/2072 983/2145/2073 995/2146/2074
f 991/2147/2075 1002/2148/2076 984/2149/2077
f 1003/2150/2078 995/2151/2079 984/2152/2080
f 707/2153/2081 706/2154/2082 1004/2155/2083
f 1004/2155/2083 706/2154/2082 705/2156/2084
f 1004/2155/2083 705/2156/2084 704/2157/2085
f 704/2157/2085 997/2158/2086 1004/2155/2083
f 989/2159/2087 591/2160/2088 1005/2161/2089
f 1005/2161/2089 591/2160/2088 590/2162/2090
f 1005/2161/2089 590/2162/2090 589/2163/2091
f 589/2163/2091 588/2164/2092 1005/2161/2089
f 588/2165/2093 587/2166/2094 1005/2167/2095
f 1005/2167/2095 587/2166/2094 586/2168/2096
f 1005/2167/2095 586/2168/2096 585/2169/2097
f 1006/2170/2098 990/2171/2099 986/2172/2100
f 1007/2173/2101 986/2174/2102 987/2175/2103
f 1008/2176/2104 987/2177/2105 988/2178/2106
f 1009/2179/2107 988/2180/2108 998/2181/2109
f 989/2182/2110 1005/2183/2111 998/2184/2112
f 1010/2185/2113 999/2186/2114 990/2187/2115
f 999/2188/2116 1011/2189/2117 991/2190/2118
f 992/2191/2119 1000/2192/2120 981/2193/2121
f 992/2194/2122 994/2195/2123 1012/2196/2124
f 1000/2197/2125 1013/2198/2126 993/2199/2127
f 1014/2200/2128 996/2201/2129 993/2202/2130
f 1015/2203/2131 994/2204/2132 1001/2205/2133
f 1016/2206/2134 1001/2207/2135 995/2208/2136
f 991/2209/2137 1011/2210/2138 1002/2211/2139
f 1017/2212/2140 984/2213/2141 1002/2214/2142
f 1003/2215/2143 1016/2216/2144 995/2217/2145
f 1017/2218/2146 1003/2219/2147 984/2220/2148
f 710/2221/2149 709/2222/2150 1004/2223/2151
f 1004/2223/2151 709/2222/2150 708/2224/2152
f 1004/2223/2151 708/2224/2152 707/2225/2153
f 1005/2226/2154 585/2227/2155 1018/2228/2156
f 1018/2228/2156 585/2227/2155 584/2229/2157
f 1018/2228/2156 584/2229/2157 583/2230/2158
f 583/2230/2158 582/2231/2159 1018/2228/2156
f 582/2232/2160 581/2233/2161 1018/2234/2162
f 1018/2234/2162 581/2233/2161 580/2235/2163
f 1018/2234/2162 580/2235/2163 579/2236/2164
f 1010/2237/2165 990/2238/2166 1006/2239/2167
f 1006/2240/2168 986/2241/2169 1007/2242/2170
f 1007/2243/2171 987/2244/2172 1008/2245/2173
f 1008/2246/2174 988/2247/2175 1009/2248/2176
f 998/2249/2177 1019/2250/2178 1009/2251/2179
f 1005/2252/2180 1019/2253/2181 998/2254/2182
f 1011/2255/2183 999/2256/2184 1010/2257/2185
f 1000/2258/2186 992/2259/2187 1012/2260/2188
f 1012/2261/2189 994/2262/2190 1020/2263/2191
f 1000/2264/2192 1021/2265/2193 1013/2266/2194
f 1013/2267/2195 1014/2268/2196 993/2269/2197
f 1022/2270/2198 996/2271/2199 1014/2272/2200
f 994/2273/2201 1015/2274/2202 1020/2275/2203
f 1015/2276/2204 1001/2277/2205 1016/2278/2206
f 1011/2279/2207 1023/2280/2208 1002/2281/2209
f 1023/2282/2210 1017/2283/2211 1002/2284/2212
f 1003/2285/2213 1024/2286/2214 1016/2287/2215
f 1024/2288/2216 1003/2289/2217 1017/2290/2218
f 713/2291/2219 712/2292/2220 1025/2293/2221
f 1025/2293/2221 712/2292/2220 711/2294/2222
f 1025/2293/2221 711/2294/2222 710/2295/2223
f 710/2295/2223 1004/2296/2224 1025/2293/2221
f 1019/2297/2225 1005/2298/2226 1018/2299/2227
f 1018/2300/2228 579/2301/2229 1026/2302/2230
f 1026/2302/2230 579/2301/2229 578/2303/2231
f 1026/2302/2230 578/2303/2231 577/2304/2232
f 577/2304/2232 576/2305/2233 1026/2302/2230
f 1027/2306/2234 1010/2307/2235 1006/2308/2236
f 1028/2309/2237 1006/2310/2238 1007/2311/2239
f 1029/2312/2240 1007/2313/2241 1008/2314/2242
f 1030/2315/2243 1008/2316/2244 1009/2317/2245
f 1019/2318/2246 1031/2319/2247 1009/2320/2248
f 1032/2321/2249 1011/2322/2250 1010/2323/2251
f 1012/2324/2252 1020/2325/2253 1000/2326/2254
f 1020/2327/2255 1021/2328/2256 1000/2329/2257
f 1021/2330/2258 1033/2331/2259 1013/2332/2260
f 1034/2333/2261 1014/2334/2262 1013/2335/2263
f 1035/2336/2264 1022/2337/2265 1014/2338/2266
f 1015/2339/2267 1036/2340/2268 1020/2341/2269
f 1037/2342/2270 1015/2343/2271 1016/2344/2272
f 1038/2345/2273 1023/2346/2274 1011/2347/2275
f 1039/2348/2276 1017/2349/2277 1023/2350/2278
f 1024/2351/2279 1037/2352/2280 1016/2353/2281
f 1040/2354/2282 1024/2355/2283 1017/2356/2284
f 716/2357/2285 715/2358/2286 1025/2359/2287
f 1025/2359/2287 715/2358/2286 714/2360/2288
f 1025/2359/2287 714/2360/2288 713/2361/2289
f 1041/2362/2290 1019/2363/2291 1018/2364/2292
f 1041/2365/2293 1018/2366/2294 1026/2367/2295
f 576/2368/2296 575/2369/2297 1026/2370/2298
f 1026/2370/2298 575/2369/2297 574/2371/2299
f 1026/2370/2298 574/2371/2299 573/2372/2300
f 1032/2373/2301 1010/2374/2302 1027/2375/2303
f 1042/2376/2304 1027/2377/2305 1006/2378/2306
f 1042/2379/2307 1006/2380/2308 1028/2381/2309
f 1028/2382/2310 1007/2383/2311 1029/2384/2312
f 1029/2385/2313 1008/2386/2314 1030/2387/2315
f 1009/2388/2316 1031/2389/2317 1030/2390/2318
f 1031/2391/2319 1019/2392/2320 1041/2393/2321
f 1038/2394/2322 1011/2395/2323 1032/2396/2324
f 1036/2397/2325 1021/2398/2326 1020/2399/2327
f 1033/2400/2328 1021/2401/2329 1043/2402/2330
f 1033/2403/2331 1034/2404/2332 1013/2405/2333
f 1035/2406/2334 1014/2407/2335 1034/2408/2336
f 1044/2409/2337 1022/2410/2338 1035/2411/2339
f 1036/2412/2340 1015/2413/2341 1037/2414/2342
f 1038/2415/2343 1039/2416/2344 1023/2417/2345
f 1039/2418/2346 1045/2419/2347 1017/2420/2348
f 1037/2421/2349 1024/2422/2350 1046/2423/2351
f 1046/2424/2352 1024/2425/2353 1040/2426/2354
f 1047/2427/2355 1040/2428/2356 1017/2429/2357
f 1048/2430/2358 719/2431/2359 1025/2432/2360
f 1025/2432/2360 719/2431/2359 718/2433/2361
f 1025/2432/2360 718/2433/2361 717/2434/2362
f 717/2434/2362 716/2435/2363 1025/2432/2360
f 1049/2436/2364 1041/2437/2365 1026/2438/2366
f 573/2439/2367 572/2440/2368 1026/2441/2369
f 1026/2441/2369 572/2440/2368 571/2442/2370
f 1026/2441/2369 571/2442/2370 570/2443/2371
f 570/2443/2371 1049/2444/2372 1026/2441/2369
f 570/2445/2373 569/2446/2374 1049/2447/2375
f 1049/2447/2375 569/2446/2374 568/2448/2376
f 1049/2447/2375 568/2448/2376 567/2449/2377
f 1050/2450/2378 1032/2451/2379 1027/2452/2380
f 1027/2453/2381 1042/2454/2382 1050/2455/2383
f 1042/2456/2384 1028/2457/2385 1051/2458/2386
f 1051/2459/2387 1028/2460/2388 1029/2461/2389
f 1052/2462/2390 1029/2463/2391 1030/2464/2392
f 1031/2465/2393 1053/2466/2394 1030/2467/2395
f 1054/2468/2396 1031/2469/2397 1041/2470/2398
f 1055/2471/2399 1038/2472/2400 1032/2473/2401
f 1021/2474/2402 1036/2475/2403 1043/2476/2404
f 1033/2477/2405 1043/2478/2406 1056/2479/2407
f 1057/2480/2408 1034/2481/2409 1033/2482/2410
f 1058/2483/2411 1035/2484/2412 1034/2485/2413
f 1059/2486/2414 1036/2487/2415 1037/2488/2416
f 1060/2489/2417 1039/2490/2418 1038/2491/2419
f 1060/2492/2420 1045/2493/2421 1039/2494/2422
f 1045/2495/2423 1061/2496/2424 1017/2497/2425
f 1037/2498/2426 1046/2499/2427 1059/2500/2428
f 1047/2501/2429 1046/2502/2430 1040/2503/2431
f 1062/2504/2432 1047/2505/2433 1017/2506/2434
f 1063/2507/2435 1048/2508/2436 1025/2509/2437
f 722/2510/2438 721/2511/2439 1048/2512/2440
f 1048/2512/2440 721/2511/2439 720/2513/2441
f 1048/2512/2440 720/2513/2441 719/2514/2442
f 1064/2515/2443 1041/2516/2444 1049/2517/2445
f 567/2518/2446 566/2519/2447 1049/2520/2448
f 1049/2520/2448 566/2519/2447 1065/2521/2449
f 1055/2522/2450 1032/2523/2451 1050/2524/2452
f 1050/2525/2453 1042/2526/2454 1066/2527/2455
f 1067/2528/2456 1042/2529/2457 1051/2530/2458
f 1051/2531/2459 1029/2532/2460 1052/2533/2461
f 1030/2534/2462 1053/2535/2463 1052/2536/2464
f 1053/2537/2465 1031/2538/2466 1054/2539/2467
f 1054/2540/2468 1041/2541/2469 1064/2542/2470
f 1055/2543/2471 1060/2544/2472 1038/2545/2473
f 1043/2546/2474 1036/2547/2475 1059/2548/2476
f 1056/2549/2477 1043/2550/2478 1068/2551/2479
f 1056/2552/2480 1057/2553/2481 1033/2554/2482
f 1058/2555/2483 1034/2556/2484 1057/2557/2485
f 1045/2558/2486 1060/2559/2487 1069/2560/2488
f 1061/2561/2489 1045/2562/2490 1069/2563/2491
f 1062/2564/2492 1017/2565/2493 1061/2566/2494
f 1059/2567/2495 1046/2568/2496 1070/2569/2497
f 1071/2570/2498 1046/2571/2499 1047/2572/2500
f 1062/2573/2501 1071/2574/2502 1047/2575/2503
f 1063/2576/2504 1072/2577/2505 1048/2578/2506
f 1073/2579/2507 1063/2580/2508 1025/2581/2509
f 1048/2582/2510 723/2583/2511 722/2584/2512
f 1065/2585/2513 1064/2586/2514 1049/2587/2515
f 566/2588/2516 565/2589/2517 1065/2590/2518
f 1065/2590/2518 565/2589/2517 564/2591/2519
f 1065/2590/2518 564/2591/2519 563/2592/2520
f 1074/2593/2521 1055/2594/2522 1050/2595/2523
f 1042/2596/2524 1075/2597/2525 1066/2598/2526
f 1066/2599/2527 1074/2600/2528 1050/2601/2529
f 1075/2602/2530 1042/2603/2531 1067/2604/2532
f 1067/2605/2533 1051/2606/2534 1076/2607/2535
f 1076/2608/2536 1051/2609/2537 1052/2610/2538
f 1053/2611/2539 1077/2612/2540 1052/2613/2541
f 1078/2614/2542 1053/2615/2543 1054/2616/2544
f 1078/2617/2545 1054/2618/2546 1064/2619/2547
f 1079/2620/2548 1060/2621/2549 1055/2622/2550
f 1068/2623/2551 1043/2624/2552 1059/2625/2553
f 1080/2626/2554 1056/2627/2555 1068/2628/2556
f 1081/2629/2557 1057/2630/2558 1056/2631/2559
f 1081/2632/2560 1058/2633/2561 1057/2634/2562
f 1069/2635/2563 1060/2636/2564 1082/2637/2565
f 1083/2638/2566 1061/2639/2567 1069/2640/2568
f 1083/2641/2569 1062/2642/2570 1061/2643/2571
f 1046/2644/2572 1071/2645/2573 1070/2646/2574
f 1068/2647/2575 1059/2648/2576 1070/2649/2577
f 1084/2650/2578 1071/2651/2579 1062/2652/2580
f 1085/2653/2581 1072/2654/2582 1063/2655/2583
f 1072/2656/2584 1086/2657/2585 1048/2658/2586
f 1087/2659/2587 1063/2660/2588 1073/2661/2589
f 1086/2662/2590 726/2663/2591 1048/2664/2592
f 1048/2664/2592 726/2663/2591 725/2665/2593
f 1048/2664/2592 725/2665/2593 724/2666/2594
f 724/2666/2594 723/2667/2595 1048/2664/2592
f 1064/2668/2596 1065/2669/2597 1088/2670/2598
f 563/2671/2599 562/2672/2600 1065/2673/2601
f 1065/2673/2601 562/2672/2600 561/2674/2602
f 1065/2673/2601 561/2674/2602 560/2675/2603
f 560/2675/2603 1088/2676/2604 1065/2673/2601
f 560/2677/2605 559/2678/2606 1088/2679/2607
f 1088/2679/2607 559/2678/2606 558/2680/2608
f 1088/2679/2607 558/2680/2608 557/2681/2609
f 1079/2682/2610 1055/2683/2611 1074/2684/2612
f 1089/2685/2613 1066/2686/2614 1075/2687/2615
f 1074/2688/2616 1066/2689/2617 1089/2690/2618
f 1075/2691/2619 1067/2692/2620 1090/2693/2621
f 1090/2694/2622 1067/2695/2623 1076/2696/2624
f 1052/2697/2625 1077/2698/2626 1076/2699/2627
f 1053/2700/2628 1091/2701/2629 1077/2702/2630
f 1091/2703/2631 1053/2704/2632 1078/2705/2633
f 1078/2706/2634 1064/2707/2635 1092/2708/2636
f 1060/2709/2637 1079/2710/2638 1082/2711/2639
f 1093/2712/2640 1056/2713/2641 1080/2714/2642
f 1080/2715/2643 1068/2716/2644 1094/2717/2645
f 1093/2718/2646 1081/2719/2647 1056/2720/2648
f 1082/2721/2649 1083/2722/2650 1069/2723/2651
f 1095/2724/2652 1062/2725/2653 1083/2726/2654
f 1071/2727/2655 1084/2728/2656 1070/2729/2657
f 1096/2730/2658 1068/2731/2659 1070/2732/2660
f 1097/2733/2661 1084/2734/2662 1062/2735/2663
f 1072/2736/2664 1085/2737/2665 1098/2738/2666
f 1087/2739/2667 1085/2740/2668 1063/2741/2669
f 1099/2742/2670 1086/2743/2671 1072/2744/2672
f 1086/2745/2673 727/2746/2674 726/2747/2675
f 728/2748/2676 727/2749/2677 1086/2750/2678
f 1092/2751/2679 1064/2752/2680 1088/2753/2681
f 557/2754/2682 556/2755/2683 1088/2756/2684
f 1088/2756/2684 556/2755/2683 555/2757/2685
f 1088/2756/2684 555/2757/2685 554/2758/2686
f 554/2758/2686 1100/2759/2687 1088/2756/2684
f 1101/2760/2688 1079/2761/2689 1074/2762/2690
f 1102/2763/2691 1089/2764/2692 1075/2765/2693
f 1103/2766/2694 1074/2767/2695 1089/2768/2696
f 1104/2769/2697 1075/2770/2698 1090/2771/2699
f 1076/2772/2700 1105/2773/2701 1090/2774/2702
f 1077/2775/2703 1105/2776/2704 1076/2777/2705
f 1077/2778/2706 1091/2779/2707 1105/2780/2708
f 1106/2781/2709 1091/2782/2710 1078/2783/2711
f 1107/2784/2712 1078/2785/2713 1092/2786/2714
f 1082/2787/2715 1079/2788/2716 1108/2789/2717
f 1109/2790/2718 1093/2791/2719 1080/2792/2720
f 1094/2793/2721 1068/2794/2722 1096/2795/2723
f 1080/2796/2724 1094/2797/2725 1110/2798/2726
f 1111/2799/2727 1081/2800/2728 1093/2801/2729
f 1112/2802/2730 1083/2803/2731 1082/2804/2732
f 1113/2805/2733 1062/2806/2734 1095/2807/2735
f 1112/2808/2736 1095/2809/2737 1083/2810/2738
f 1084/2811/2739 1096/2812/2740 1070/2813/2741
f 1114/2814/2742 1084/2815/2743 1097/2816/2744
f 1115/2817/2745 1097/2818/2746 1062/2819/2747
f 1085/2820/2748 1116/2821/2749 1098/2822/2750
f 1098/2823/2751 1117/2824/2752 1072/2825/2753
f 1116/2826/2754 1085/2827/2755 1087/2828/2756
f 728/2829/2757 1086/2830/2758 729/2831/2759
f 729/2831/2759 1086/2830/2758 1099/2832/2760
f 1118/2833/2761 1099/2834/2762 1072/2835/2763
f 730/2836/2764 729/2837/2765 1099/2838/2766
f 1092/2839/2767 1088/2840/2768 1119/2841/2769
f 1119/2842/2770 1088/2843/2771 1100/2844/2772
f 554/2845/2773 553/2846/2774 1100/2847/2775
f 1100/2847/2775 553/2846/2774 552/2848/2776
f 1100/2847/2775 552/2848/2776 551/2849/2777
f 1120/2850/2778 1079/2851/2779 1101/2852/2780
f 1101/2853/2781 1074/2854/2782 1103/2855/2783
f 1121/2856/2784 1089/2857/2785 1102/2858/2786
f 1102/2859/2787 1075/2860/2788 1104/2861/2789
f 1121/2862/2790 1103/2863/2791 1089/2864/2792
f 1090/2865/2793 1122/2866/2794 1104/2867/2795
f 1105/2868/2796 1122/2869/2797 1090/2870/2798
f 1091/2871/2799 1123/2872/2800 1105/2873/2801
f 1106/2874/2802 1124/2875/2803 1091/2876/2804
f 1106/2877/2805 1078/2878/2806 1107/2879/2807
f 1107/2880/2808 1092/2881/2809 1125/2882/2810
f 1079/2883/2811 1120/2884/2812 1108/2885/2813
f 1108/2886/2814 1112/2887/2815 1082/2888/2816
f 1126/2889/2817 1093/2890/2818 1109/2891/2819
f 1109/2892/2820 1080/2893/2821 1110/2894/2822
f 1127/2895/2823 1094/2896/2824 1096/2897/2825
f 1110/2898/2826 1094/2899/2827 1127/2900/2828
f 1126/2901/2829 1111/2902/2830 1093/2903/2831
f 1128/2904/2832 1062/2905/2833 1113/2906/2834
f 1129/2907/2835 1113/2908/2836 1095/2909/2837
f 1129/2910/2838 1095/2911/2839 1112/2912/2840
f 1096/2913/2841 1084/2914/2842 1114/2915/2843
f 1130/2916/2844 1114/2917/2845 1097/2918/2846
f 1097/2919/2847 1115/2920/2848 1130/2921/2849
f 1128/2922/2850 1115/2923/2851 1062/2924/2852
f 1116/2925/2853 1131/2926/2854 1098/2927/2855
f 1132/2928/2856 1117/2929/2857 1098/2930/2858
f 1117/2931/2859 1118/2932/2860 1072/2933/2861
f 1133/2934/2862 1116/2935/2863 1087/2936/2864
f 1118/2937/2865 1119/2938/2866 1099/2939/2867
f 1099/2940/2868 731/2941/2869 730/2942/2870
f 1125/2943/2871 1092/2944/2872 1119/2945/2873
f 1119/2946/2874 1100/2947/2875 1099/2948/2876
f 551/2949/2877 733/2950/2878 1100/2951/2879
f 1134/2952/2880 1120/2953/2881 1101/2954/2882
f 1134/2955/2883 1101/2956/2884 1103/2957/2885
f 1121/2958/2886 1102/2959/2887 1135/2960/2888
f 1135/2961/2889 1102/2962/2890 1104/2963/2891
f 1103/2964/2892 1121/2965/2893 1136/2966/2894
f 1122/2967/2895 1137/2968/2896 1104/2969/2897
f 1122/2970/2898 1105/2971/2899 1123/2972/2900
f 1091/2973/2901 1138/2974/2902 1123/2975/2903
f 1124/2976/2904 1106/2977/2905 1139/2978/2906
f 1124/2979/2907 1138/2980/2908 1091/2981/2909
f 1139/2982/2910 1106/2983/2911 1107/2984/2912
f 1140/2985/2913 1107/2986/2914 1125/2987/2915
f 1141/2988/2916 1108/2989/2917 1120/2990/2918
f 1141/2991/2919 1112/2992/2920 1108/2993/2921
f 1142/2994/2922 1126/2995/2923 1109/2996/2924
f 1109/2997/2925 1110/2998/2926 1143/2999/2927
f 1127/3000/2928 1096/3001/2929 1114/3002/2930
f 1110/3003/2931 1127/3004/2932 1144/3005/2933
f 1145/3006/2934 1111/3007/2935 1126/3008/2936
f 1146/3009/2937 1128/3010/2938 1113/3011/2939
f 1146/3012/2940 1113/3013/2941 1129/3014/2942
f 1141/3015/2943 1129/3016/2944 1112/3017/2945
f 1147/3018/2946 1114/3019/2947 1130/3020/2948
f 1130/3021/2949 1115/3022/2950 1128/3023/2951
f 1131/3024/2952 1116/3025/2953 1133/3026/2954
f 1131/3027/2955 1148/3028/2956 1098/3029/2957
f 1132/3030/2958 1140/3031/2959 1117/3032/2960
f 1149/3033/2961 1132/3034/2962 1098/3035/2963
f 1117/3036/2964 1125/3037/2965 1118/3038/2966
f 1125/3039/2967 1119/3040/2968 1118/3041/2969
f 732/3042/2970 731/3043/2971 1100/3044/2972
f 1100/3044/2972 731/3043/2971 1099/3045/2973
f 1100/3046/2974 733/3047/2975 732/3048/2976
f 1150/3049/2977 1120/3050/2978 1134/3051/2979
f 1134/3052/2980 1103/3053/2981 1136/3054/2982
f 1151/3055/2983 1121/3056/2984 1135/3057/2985
f 1104/3058/2986 1137/3059/2987 1135/3060/2988
f 1136/3061/2989 1121/3062/2990 1151/3063/2991
f 1137/3064/2992 1122/3065/2993 1152/3066/2994
f 1152/3067/2995 1122/3068/2996 1123/3069/2997
f 1138/3070/2998 1153/3071/2999 1123/3072/3000
f 1154/3073/3001 1124/3074/3002 1139/3075/3003
f 1124/3076/3004 1155/3077/3005 1138/3078/3006
f 1139/3079/3007 1107/3080/3008 1140/3081/3009
f 1140/3082/3010 1125/3083/3011 1117/3084/3012
f 1150/3085/3013 1141/3086/3014 1120/3087/3015
f 1156/3088/3016 1126/3089/3017 1142/3090/3018
f 1142/3091/3019 1109/3092/3020 1143/3093/3021
f 1143/3094/3022 1110/3095/3023 1144/3096/3024
f 1147/3097/3025 1127/3098/3026 1114/3099/3027
f 1144/3100/3028 1127/3101/3029 1157/3102/3030
f 1156/3103/3031 1145/3104/3032 1126/3105/3033
f 1158/3106/3034 1128/3107/3035 1146/3108/3036
f 1159/3109/3037 1146/3110/3038 1129/3111/3039
f 1159/3112/3040 1129/3113/3041 1141/3114/3042
f 1160/3115/3043 1147/3116/3044 1130/3117/3045
f 1160/3118/3046 1130/3119/3047 1128/3120/3048
f 1161/3121/3049 1131/3122/3050 1133/3123/3051
f 1148/3124/3052 1131/3125/3053 1161/3126/3054
f 1149/3127/3055 1098/3128/3056 1148/3129/3057
f 1139/3130/3058 1140/3131/3059 1132/3132/3060
f 1149/3133/3061 1139/3134/3062 1132/3135/3063
f 1162/3136/3064 1150/3137/3065 1134/3138/3066
f 1162/3139/3067 1134/3140/3068 1136/3141/3069
f 1135/3142/3070 1163/3143/3071 1151/3144/3072
f 1137/3145/3073 1163/3146/3074 1135/3147/3075
f 1164/3148/3076 1136/3149/3077 1151/3150/3078
f 1163/3151/3079 1137/3152/3080 1152/3153/3081
f 1165/3154/3082 1152/3155/3083 1123/3156/3084
f 1155/3157/3085 1153/3158/3086 1138/3159/3087
f 1153/3160/3088 1165/3161/3089 1123/3162/3090
f 1155/3163/3091 1124/3164/3092 1154/3165/3093
f 1154/3166/3094 1139/3167/3095 1149/3168/3096
f 1166/3169/3097 1141/3170/3098 1150/3171/3099
f 1167/3172/3100 1156/3173/3101 1142/3174/3102
f 1168/3175/3103 1142/3176/3104 1143/3177/3105
f 1143/3178/3106 1144/3179/3107 1169/3180/3108
f 1127/3181/3109 1147/3182/3110 1157/3183/3111
f 1144/3184/3112 1157/3185/3113 1170/3186/3114
f 1171/3187/3115 1145/3188/3116 1156/3189/3117
f 864/3190/3118 1128/3191/3119 1158/3192/3120
f 1172/3193/3121 1158/3194/3122 1146/3195/3123
f 1173/3196/3124 1146/3197/3125 1159/3198/3126
f 1174/3199/3127 1159/3200/3128 1141/3201/3129
f 1175/3202/3130 1147/3203/3131 1160/3204/3132
f 1176/3205/3133 1160/3206/3134 1128/3207/3135
f 1161/3208/3136 1133/3209/3137 1177/3210/3138
f 1178/3211/3139 1148/3212/3140 1161/3213/3141
f 1179/3214/3142 1149/3215/3143 1148/3216/3144
f 1180/3217/3145 1150/3218/3146 1162/3219/3147
f 1181/3220/3148 1162/3221/3149 1136/3222/3150
f 1163/3223/3151 1182/3224/3152 1151/3225/3153
f 1181/3226/3154 1136/3227/3155 1164/3228/3156
f 1151/3229/3157 1182/3230/3158 1164/3231/3159
f 1163/3232/3160 1152/3233/3161 1183/3234/3162
f 1152/3235/3163 1165/3236/3164 1184/3237/3165
f 1153/3238/3166 1155/3239/3167 1185/3240/3168
f 1165/3241/3169 1153/3242/3170 1186/3243/3171
f 1185/3244/3172 1155/3245/3173 1154/3246/3174
f 1179/3247/3175 1154/3248/3176 1149/3249/3177
f 1141/3250/3178 1166/3251/3179 1174/3252/3180
f 1180/3253/3181 1166/3254/3182 1150/3255/3183
f 1187/3256/3184 1156/3257/3185 1167/3258/3186
f 1142/3259/3187 1168/3260/3188 1167/3261/3189
f 1169/3262/3190 1168/3263/3191 1143/3264/3192
f 1144/3265/3193 1170/3266/3194 1169/3267/3195
f 1157/3268/3196 1147/3269/3197 1188/3270/3198
f 1157/3271/3199 1188/3272/3200 1170/3273/3201
f 864/3274/3202 1176/3275/3203 1128/3276/3204
f 1172/3277/3205 864/3278/3206 1158/3279/3207
f 1173/3280/3208 1172/3281/3209 1146/3282/3210
f 1173/3283/3211 1159/3284/3212 1174/3285/3213
f 1147/3286/3214 1175/3287/3215 1188/3288/3216
f 1176/3289/3217 1175/3290/3218 1160/3291/3219
f 1189/3292/3220 1161/3293/3221 1177/3294/3222
f 1179/3295/3223 1148/3296/3224 1178/3297/3225
f 1189/3298/3226 1178/3299/3227 1161/3300/3228
f 1190/3301/3229 1180/3302/3230 1162/3303/3231
f 1190/3304/3232 1162/3305/3233 1181/3306/3234
f 1182/3307/3235 1163/3308/3236 1183/3309/3237
f 1191/3310/3238 1181/3311/3239 1164/3312/3240
f 1182/3313/3241 1192/3314/3242 1164/3315/3243
f 1183/3316/3244 1152/3317/3245 1184/3318/3246
f 1184/3319/3247 1165/3320/3248 1186/3321/3249
f 1186/3322/3250 1153/3323/3251 1185/3324/3252
f 1185/3325/3253 1154/3326/3254 1179/3327/3255
f 1166/3328/3256 1193/3329/3257 1174/3330/3258
f 1194/3331/3259 1166/3332/3260 1180/3333/3261
f 900/3334/3262 1187/3335/3263 1167/3336/3264
f 1167/3337/3265 1168/3338/3266 885/3339/3267
f 885/3340/3268 1168/3341/3269 1169/3342/3270
f 1169/3343/3271 1170/3344/3272 895/3345/3273
f 1170/3346/3274 1188/3347/3275 880/3348/3276
f 864/3349/3277 1195/3350/3278 1176/3351/3279
f 1196/3352/3280 864/3353/3281 1172/3354/3282
f 1173/3355/3283 1196/3356/3284 1172/3357/3285
f 1193/3358/3286 1173/3359/3287 1174/3360/3288
f 1188/3361/3289 1175/3362/3290 868/3363/3291
f 1195/3364/3292 1175/3365/3293 1176/3366/3294
f 1197/3367/3295 1189/3368/3296 1177/3369/3297
f 1198/3370/3298 1179/3371/3299 1178/3372/3300
f 1199/3373/3301 1178/3374/3302 1189/3375/3303
f 1200/3376/3304 1180/3377/3305 1190/3378/3306
f 1201/3379/3307 1190/3380/3308 1181/3381/3309
f 1192/3382/3310 1182/3383/3311 1183/3384/3312
f 1201/3385/3313 1181/3386/3314 1191/3387/3315
f 1164/3388/3316 1192/3389/3317 1191/3390/3318
f 1202/3391/3319 1183/3392/3320 1184/3393/3321
f 1184/3394/3322 1186/3395/3323 1203/3396/3324
f 1186/3397/3325 1185/3398/3326 1198/3399/3327
f 1198/3400/3328 1185/3401/3329 1179/3402/3330
f 1166/3403/3331 1204/3404/3332 1193/3405/3333
f 1166/3406/3334 1194/3407/3335 1204/3408/3336
f 1200/3409/3337 1194/3410/3338 1180/3411/3339
f 844/3412/3340 1187/3413/3341 900/3414/3342
f 900/3415/3343 1167/3416/3344 885/3417/3345
f 895/3418/3346 885/3419/3347 1169/3420/3348
f 1170/3421/3349 880/3422/3350 895/3423/3351
f 1188/3424/3352 868/3425/3353 880/3426/3354
f 807/3427/3355 1195/3428/3356 864/3429/3357
f 834/3430/3358 864/3431/3359 1196/3432/3360
f 1205/3433/3361 1196/3434/3362 1173/3435/3363
f 1193/3436/3364 1205/3437/3365 1173/3438/3366
f 1175/3439/3367 854/3440/3368 868/3441/3369
f 1175/3442/3370 1195/3443/3371 854/3444/3372
f 1197/3445/3373 1199/3446/3374 1189/3447/3375
f 1206/3448/3376 1197/3449/3377 1177/3450/3378
f 1198/3451/3379 1178/3452/3380 1199/3453/3381
f 1207/3454/3382 1200/3455/3383 1190/3456/3384
f 1207/3457/3385 1190/3458/3386 1201/3459/3387
f 1208/3460/3388 1192/3461/3389 1183/3462/3390
f 1191/3463/3391 1209/3464/3392 1201/3465/3393
f 1192/3466/3394 1209/3467/3395 1191/3468/3396
f 1210/3469/3397 1183/3470/3398 1202/3471/3399
f 1202/3472/3400 1184/3473/3401 1203/3474/3402
f 1211/3475/3403 1203/3476/3404 1186/3477/3405
f 1212/3478/3406 1186/3479/3407 1198/3480/3408
f 1193/3481/3409 1204/3482/3410 821/3483/3411
f 1194/3484/3412 826/3485/3413 1204/3486/3414
f 830/3487/3415 1194/3488/3416 1200/3489/3417
f 1195/3490/3418 807/3491/3419 854/3492/3420
f 834/3493/3421 752/3494/3422 864/3495/3423
f 1205/3496/3424 834/3497/3425 1196/3498/3426
f 813/3499/3427 1205/3500/3428 1193/3501/3429
f 1213/3502/3430 1199/3503/3431 1197/3504/3432
f 1206/3505/3433 1213/3506/3434 1197/3507/3435
f 1212/3508/3436 1198/3509/3437 1199/3510/3438
f 830/3511/3439 1200/3512/3440 1207/3513/3441
f 1214/3514/3442 1207/3515/3443 1201/3516/3444
f 1209/3517/3445 1192/3518/3446 1208/3519/3447
f 1215/3520/3448 1208/3521/3449 1183/3522/3450
f 1209/3523/3451 1216/3524/3452 1201/3525/3453
f 1210/3526/3454 1215/3527/3455 1183/3528/3456
f 1203/3529/3457 1210/3530/3458 1202/3531/3459
f 1211/3532/3460 1217/3533/3461 1203/3534/3462
f 1211/3535/3463 1186/3536/3464 1212/3537/3465
f 1204/3538/3466 826/3539/3467 821/3540/3468
f 821/3541/3469 813/3542/3470 1193/3543/3471
f 826/3544/3472 1194/3545/3473 830/3546/3474
f 813/3547/3475 834/3548/3476 1205/3549/3477
f 1218/3550/3478 1213/3551/3479 1206/3552/3480
f 1199/3553/3481 1211/3554/3482 1212/3555/3483
f 797/3556/3484 830/3557/3485 1207/3558/3486
f 797/3559/3487 1207/3560/3488 1214/3561/3489
f 1201/3562/3490 1216/3563/3491 1214/3564/3492
f 1216/3565/3493 1209/3566/3494 1208/3567/3495
f 1215/3568/3496 1219/3569/3497 1208/3570/3498
f 1215/3571/3499 1210/3572/3500 1220/3573/3501
f 1220/3574/3502 1210/3575/3503 1203/3576/3504
f 1217/3577/3505 1211/3578/3506 1221/3579/3507
f 1217/3580/3508 1220/3581/3509 1203/3582/3510
f 1221/3583/3511 1211/3584/3512 1199/3585/3513
f 786/3586/3514 797/3587/3515 1214/3588/3516
f 1216/3589/3517 783/3590/3518 1214/3591/3519
f 1216/3592/3520 1208/3593/3521 783/3594/3522
f 1219/3595/3523 1215/3596/3524 1222/3597/3525
f 1219/3598/3526 783/3599/3527 1208/3600/3528
f 1222/3601/3529 1215/3602/3530 1220/3603/3531
f 1223/3604/3532 1217/3605/3533 1221/3606/3534
f 1217/3607/3535 1224/3608/3536 1220/3609/3537
f 1214/3610/3538 783/3611/3539 786/3612/3540
f 761/3613/3541 1219/3614/3542 1222/3615/3543
f 1219/3616/3544 773/3617/3545 783/3618/3546
f 1224/3619/3547 1222/3620/3548 1220/3621/3549
f 1224/3622/3550 1217/3623/3551 1223/3624/3552
f 773/3625/3553 1219/3626/3554 761/3627/3555
f 1225/3628/3556 761/3629/3557 1222/3630/3558
f 1224/3631/3559 1225/3632/3560 1222/3633/3561
f 1226/3634/3562 1224/3635/3563 1223/3636/3564
f 1225/3637/3565 758/3638/3566 761/3639/3567
f 1225/3640/3568 1224/3641/3569 1226/3642/3570
f 758/3643/3571 1225/3644/3572 749/3645/3573
f 749/3646/3574 1225/3647/3575 1226/3648/3576
f 1227/3649/3577 737/3650/3578 1228/3651/3579
f 1229/3652/3580 1227/3653/3581 1228/3654/3582
f 742/3655/3583 1228/3656/3584 737/3657/3585
f 1230/3658/3586 737/3659/3587 1227/3660/3588
f 1231/3661/3589 1227/3662/3590 1229/3663/3591
f 1229/3664/3592 1228/3665/3593 1226/3666/3594
f 1228/3667/3595 742/3668/3596 749/3669/3597
f 1230/3670/3598 1232/3671/3599 737/3672/3600
f 1233/3673/3601 1230/3674/3602 1227/3675/3603
f 1223/3676/3604 1231/3677/3605 1229/3678/3606
f 1228/3679/3607 749/3680/3608 1226/3681/3609
f 1229/3682/3610 1226/3683/3611 1223/3684/3612
f 1234/3685/3613 1232/3686/3614 1230/3687/3615
f 1232/3688/3616 734/3689/3617 737/3690/3618
f 1233/3691/3619 1234/3692/3620 1230/3693/3621
f 1235/3694/3622 1233/3695/3623 1227/3696/3624
f 1221/3697/3625 1231/3698/3626 1223/3699/3627
f 1187/3700/3628 1232/3701/3629 1234/3702/3630
f 1232/3703/3631 844/3704/3632 734/3705/3633
f 1171/3706/3634 1234/3707/3635 1233/3708/3636
f 1235/3709/3637 1171/3710/3638 1233/3711/3639
f 1232/3712/3640 1187/3713/3641 844/3714/3642
f 1187/3715/3643 1234/3716/3644 1156/3717/3645
f 1234/3718/3646 1171/3719/3647 1156/3720/3648
f 1236/3721/3649 1171/3722/3650 1235/3723/3651
f 1171/3724/3652 1236/3725/3653 1145/3726/3654
f 1237/3727/3655 1236/3728/3656 1235/3729/3657
f 1238/3730/3658 1145/3731/3659 1236/3732/3660
f 1239/3733/3661 1236/3734/3662 1237/3735/3663
f 1145/3736/3664 1238/3737/3665 1111/3738/3666
f 1239/3739/3667 1238/3740/3668 1236/3741/3669
f 1240/3742/3670 1239/3743/3671 1237/3744/3672
f 1111/3745/3673 1238/3746/3674 1241/3747/3675
f 1242/3748/3676 1238/3749/3677 1239/3750/3678
f 1243/3751/3679 1239/3752/3680 1240/3753/3681
f 1238/3754/3682 1242/3755/3683 1241/3756/3684
f 1111/3757/3685 1241/3758/3686 1081/3759/3687
f 1239/3760/3688 1243/3761/3689 1242/3762/3690
f 1244/3763/3691 1243/3764/3692 1240/3765/3693
f 1241/3766/3694 1242/3767/3695 1245/3768/3696
f 1081/3769/3697 1241/3770/3698 1245/3771/3699
f 1243/3772/3700 1246/3773/3701 1242/3774/3702
f 1247/3775/3703 1243/3776/3704 1244/3777/3705
f 1242/3778/3706 1246/3779/3707 1245/3780/3708
f 1245/3781/3709 1058/3782/3710 1081/3783/3711
f 1247/3784/3712 1246/3785/3713 1243/3786/3714
f 1248/3787/3715 1247/3788/3716 1244/3789/3717
f 1246/3790/3718 1249/3791/3719 1245/3792/3720
f 1245/3793/3721 1250/3794/3722 1058/3795/3723
f 1247/3796/3724 1251/3797/3725 1246/3798/3726
f 1251/3799/3727 1247/3800/3728 1248/3801/3729
f 1251/3802/3730 1249/3803/3731 1246/3804/3732
f 1245/3805/3733 1249/3806/3734 1250/3807/3735
f 1250/3808/3736 1035/3809/3737 1058/3810/3738
f 1252/3811/3739 1251/3812/3740 1248/3813/3741
f 1249/3814/3742 1251/3815/3743 1253/3816/3744
f 1249/3817/3745 1254/3818/3746 1250/3819/3747
f 1250/3820/3748 1044/3821/3749 1035/3822/3750
f 1253/3823/3751 1251/3824/3752 1252/3825/3753
f 1254/3826/3754 1249/3827/3755 1253/3828/3756
f 1250/3829/3757 1254/3830/3758 1044/3831/3759
f 1255/3832/3760 1253/3833/3761 1252/3834/3762
f 1253/3835/3763 1256/3836/3764 1254/3837/3765
f 1254/3838/3766 1257/3839/3767 1044/3840/3768
f 1256/3841/3769 1253/3842/3770 1255/3843/3771
f 1256/3844/3772 1257/3845/3773 1254/3846/3774
f 1044/3847/3775 1257/3848/3776 1258/3849/3777
f 1259/3850/3778 1256/3851/3779 1255/3852/3780
f 1257/3853/3781 1256/3854/3782 1259/3855/3783
f 1257/3856/3784 1260/3857/3785 1258/3858/3786
f 1258/3859/3787 1022/3860/3788 1044/3861/3789
f 1261/3862/3790 1257/3863/3791 1259/3864/3792
f 1260/3865/3793 1257/3866/3794 1261/3867/3795
f 1258/3868/3796 1260/3869/3797 985/3870/3798
f 1022/3871/3799 1258/3872/3800 985/3873/3801
f 1262/3874/3802 1260/3875/3803 1261/3876/3804
f 1260/3877/3805 1263/3878/3806 985/3879/3807
f 996/3880/3808 1022/3881/3809 985/3882/3810
f 1263/3883/3811 1260/3884/3812 1262/3885/3813
f 985/3886/3814 1263/3887/3815 974/3888/3816
f 1264/3889/3817 1263/3890/3818 1262/3891/3819
f 1263/3892/3820 973/3893/3821 974/3894/3822
f 1265/3895/3823 1263/3896/3824 1264/3897/3825
f 973/3898/3826 1263/3899/3827 1265/3900/3828
f 1266/3901/3829 1265/3902/3830 1264/3903/3831
f 1265/3904/3832 975/3905/3833 973/3906/3834
f 975/3907/3835 1265/3908/3836 1266/3909/3837
f 997/3910/3838 975/3911/3839 1266/3912/3840
f 1218/3913/3841 1227/3914/3842 1231/3915/3843
f 1267/3916/3844 1218/3917/3845 1231/3918/3846
f 1218/3919/3847 1235/3920/3848 1227/3921/3849
f 1213/3922/3850 1218/3923/3851 1267/3924/3852
f 1267/3925/3853 1231/3926/3854 1221/3927/3855
f 1237/3928/3856 1235/3929/3857 1218/3930/3858
f 1199/3931/3859 1213/3932/3860 1267/3933/3861
f 1199/3934/3862 1267/3935/3863 1221/3936/3864
f 1240/3937/3865 1237/3938/3866 1218/3939/3867
f 1240/3940/3868 1218/3941/3869 1206/3942/3870
f 1244/3943/3871 1240/3944/3872 1206/3945/3873
f 1248/3946/3874 1244/3947/3875 1206/3948/3876
f 1177/3949/3877 1248/3950/3878 1206/3951/3879
f 1268/3952/3880 1248/3953/3881 1177/3954/3882
f 1268/3955/3883 1252/3956/3884 1248/3957/3885
f 1269/3958/3886 1268/3959/3887 1177/3960/3888
f 1252/3961/3889 1268/3962/3890 1269/3963/3891
f 1270/3964/3892 1269/3965/3893 1177/3966/3894
f 1255/3967/3895 1252/3968/3896 1269/3969/3897
f 1269/3970/3898 1270/3971/3899 1255/3972/3900
f 1133/3973/3901 1270/3974/3902 1177/3975/3903
f 1255/3976/3904 1270/3977/3905 1271/3978/3906
f 1272/3979/3907 1270/3980/3908 1133/3981/3909
f 1270/3982/3910 1272/3983/3911 1271/3984/3912
f 1255/3985/3913 1271/3986/3914 1259/3987/3915
f 1273/3988/3916 1272/3989/3917 1133/3990/3918
f 1271/3991/3919 1272/3992/3920 1274/3993/3921
f 1259/3994/3922 1271/3995/3923 1274/3996/3924
f 1274/3997/3925 1272/3998/3926 1273/3999/3927
f 1273/4000/3928 1133/4001/3929 1087/4002/3930
f 1259/4003/3931 1274/4004/3932 1261/4005/3933
f 1275/4006/3934 1274/4007/3935 1273/4008/3936
f 1276/4009/3937 1273/4010/3938 1087/4011/3939
f 1261/4012/3940 1274/4013/3941 1262/4014/3942
f 1262/4015/3943 1274/4016/3944 1275/4017/3945
f 1275/4018/3946 1273/4019/3947 1276/4020/3948
f 1276/4021/3949 1087/4022/3950 1073/4023/3951
f 1264/4024/3952 1262/4025/3953 1275/4026/3954
f 1277/4027/3955 1275/4028/3956 1276/4029/3957
f 1278/4030/3958 1276/4031/3959 1073/4032/3960
f 1264/4033/3961 1275/4034/3962 1277/4035/3963
f 1277/4036/3964 1276/4037/3965 1278/4038/3966
f 1278/4039/3967 1073/4040/3968 1025/4041/3969
f 1266/4042/3970 1264/4043/3971 1277/4044/3972
f 1279/4045/3973 1277/4046/3974 1278/4047/3975
f 1280/4048/3976 1278/4049/3977 1025/4050/3978
f 1266/4051/3979 1277/4052/3980 1279/4053/3981
f 1279/4054/3982 1278/4055/3983 1280/4056/3984
f 1004/4057/3985 1280/4058/3986 1025/4059/3987
f 997/4060/3988 1266/4061/3989 1279/4062/3990
f 1004/4063/3991 1279/4064/3992 1280/4065/3993
f 997/4066/3994 1279/4067/3995 1004/4068/3996
f 740/4069/3997 766/4070/3998 741/4071/3999
f 741/4071/3999 766/4070/3998 775/4072/4000
f 741/4071/3999 775/4072/4000 746/4073/4001
f 746/4073/4001 775/4072/4000 774/4074/4002
f 746/4073/4001 774/4074/4002 747/4075/4003
f 747/4075/4003 774/4074/4002 760/4076/4004
f 747/4075/4003 760/4076/4004 748/4077/4005
f 748/4077/4005 760/4076/4004 755/4078/4006
f 755/4078/4006 760/4076/4004 759/4079/4007
f 755/4078/4006 759/4079/4007 756/4080/4008
f 756/4080/4008 759/4079/4007 757/4081/4009
f 739/4082/4010 768/4083/4011 740/4069/3997
f 740/4069/3997 768/4083/4011 767/4084/4012
f 740/4069/3997 767/4084/4012 766/4070/3998
f 738/4085/4013 769/4086/4014 739/4082/4010
f 739/4082/4010 769/4086/4014 768/4083/4011
f 819/4087/4015 874/4088/4016 820/4089/4017
f 820/4089/4017 874/4088/4016 873/4090/4018
f 820/4089/4017 873/4090/4018 850/4091/4019
f 850/4091/4019 873/4090/4018 891/4092/4020
f 850/4091/4019 891/4092/4020 851/4093/4021
f 851/4093/4021 891/4092/4020 890/4094/4022
f 851/4093/4021 890/4094/4022 809/4095/4023
f 809/4095/4023 890/4094/4022 872/4096/4024
f 809/4095/4023 872/4096/4024 810/4097/4025
f 810/4097/4025 872/4096/4024 871/4098/4026
f 810/4097/4025 871/4098/4026 811/4099/4027
f 811/4099/4027 871/4098/4026 870/4100/4028
f 811/4099/4027 870/4100/4028 812/4101/4029
f 812/4101/4029 870/4100/4028 869/4102/4030
f 812/4101/4029 869/4102/4030 831/4103/4031
f 831/4103/4031 869/4102/4030 832/4104/4032
f 832/4104/4032 869/4102/4030 889/4105/4033
f 832/4104/4032 889/4105/4033 888/4106/4034
f 874/4088/4016 819/4087/4015 875/4107/4035
f 875/4107/4035 819/4087/4015 818/4108/4036
f 875/4107/4035 818/4108/4036 876/4109/4037
f 876/4109/4037 818/4108/4036 817/4110/4038
f 832/4104/4032 888/4106/4034 833/4111/4039
f 833/4111/4039 888/4106/4034 858/4112/4040
f 833/4111/4039 858/4112/4040 857/4113/4041
f 856/4114/4042 839/4115/4043 857/4113/4041
f 857/4113/4041 839/4115/4043 838/4116/4044
f 857/4113/4041 838/4116/4044 833/4111/4039
f 839/4115/4043 856/4114/4042 840/4117/4045
f 840/4117/4045 856/4114/4042 855/4118/4046
f 840/4117/4045 855/4118/4046 859/4119/4047
f 859/4119/4047 855/4118/4046 867/4120/4048
f 859/4119/4047 867/4120/4048 860/4121/4049
f 860/4121/4049 867/4120/4048 835/4122/4050
f 835/4122/4050 867/4120/4048 866/4123/4051
f 835/4122/4050 866/4123/4051 836/4124/4052
f 836/4124/4052 866/4123/4051 843/4125/4053
f 836/4124/4052 843/4125/4053 837/4126/4054
f 837/4126/4054 843/4125/4053 808/4127/4055
f 837/4126/4054 808/4127/4055 801/4128/4056
f 801/4128/4056 808/4127/4055 802/4129/4057
f 802/4129/4057 808/4127/4055 803/4130/4058
f 803/4130/4058 808/4127/4055 787/4131/4059
f 787/4131/4059 808/4127/4055 788/4132/4060
f 788/4132/4060 808/4127/4055 789/4133/4061
f 789/4133/4061 808/4127/4055 776/4134/4062
f 776/4134/4062 808/4127/4055 806/4135/4063
f 776/4134/4062 806/4135/4063 777/4136/4064
f 777/4136/4064 806/4135/4063 778/4137/4065
f 778/4137/4065 806/4135/4063 762/4138/4066
f 762/4138/4066 806/4135/4063 763/4139/4067
f 763/4139/4067 806/4135/4063 764/4140/4068
f 764/4140/4068 806/4135/4063 754/4141/4069
f 764/4140/4068 754/4141/4069 753/4142/4070
f 805/4143/4071 804/4144/4072 806/4135/4063
f 806/4135/4063 804/4144/4072 779/4145/4073
f 806/4135/4063 779/4145/4073 765/4146/4074
f 804/4144/4072 805/4143/4071 841/4147/4075
f 841/4147/4075 805/4143/4071 842/4148/4076
f 841/4147/4075 842/4148/4076 865/4149/4077
f 863/4150/4078 862/4151/4079 865/4149/4077
f 865/4149/4077 862/4151/4079 861/4152/4080
f 865/4149/4077 861/4152/4080 841/4147/4075
f 804/4144/4072 790/4153/4081 779/4145/4073
f 765/4146/4074 754/4141/4069 806/4135/4063
f 780/4154/4082 772/4155/4083 743/4156/4084
f 743/4156/4084 772/4155/4083 771/4157/4085
f 743/4156/4084 771/4157/4085 744/4158/4086
f 744/4158/4086 771/4157/4085 770/4159/4087
f 744/4158/4086 770/4159/4087 745/4160/4088
f 745/4160/4088 770/4159/4087 738/4161/4013
f 738/4161/4013 770/4159/4087 769/4162/4014
f 743/4156/4084 751/4163/4089 780/4154/4082
f 780/4154/4082 751/4163/4089 781/4164/4090
f 781/4164/4090 751/4163/4089 750/4165/4091
f 781/4164/4090 750/4165/4091 782/4166/4092
f 782/4166/4092 750/4165/4091 736/4167/4093
f 782/4166/4092 736/4167/4093 784/4168/4094
f 784/4168/4094 736/4167/4093 735/4169/4095
f 784/4168/4094 735/4169/4095 847/4170/4096
f 784/4168/4094 847/4170/4096 785/4171/4097
f 785/4171/4097 847/4170/4096 846/4172/4098
f 785/4171/4097 846/4172/4098 845/4173/4099
f 887/4174/4100 792/4175/4101 845/4173/4099
f 845/4173/4099 792/4175/4101 791/4176/4102
f 845/4173/4099 791/4176/4102 785/4171/4097
f 886/4177/4103 794/4178/4104 887/4174/4100
f 887/4174/4100 794/4178/4104 793/4179/4105
f 887/4174/4100 793/4179/4105 792/4175/4101
f 886/4177/4103 902/4180/4106 794/4178/4104
f 794/4178/4104 902/4180/4106 795/4181/4107
f 795/4181/4107 902/4180/4106 901/4182/4108
f 795/4181/4107 901/4182/4108 899/4183/4109
f 795/4181/4107 899/4183/4109 796/4184/4110
f 796/4184/4110 899/4183/4109 898/4185/4111
f 796/4184/4110 898/4185/4111 884/4186/4112
f 796/4184/4110 884/4186/4112 798/4187/4113
f 798/4187/4113 884/4186/4112 883/4188/4114
f 798/4187/4113 883/4188/4114 799/4189/4115
f 799/4189/4115 883/4188/4114 882/4190/4116
f 799/4189/4115 882/4190/4116 800/4191/4117
f 800/4191/4117 882/4190/4116 881/4192/4118
f 800/4191/4117 881/4192/4118 827/4193/4119
f 827/4193/4119 881/4192/4118 828/4194/4120
f 828/4194/4120 881/4192/4118 829/4195/4121
f 829/4195/4121 881/4192/4118 848/4196/4122
f 848/4196/4122 881/4192/4118 897/4197/4123
f 848/4196/4122 897/4197/4123 849/4198/4124
f 849/4198/4124 897/4197/4123 896/4199/4125
f 849/4198/4124 896/4199/4125 822/4200/4126
f 822/4200/4126 896/4199/4125 894/4201/4127
f 822/4200/4126 894/4201/4127 893/4202/4128
f 893/4202/4128 892/4203/4129 822/4200/4126
f 822/4200/4126 892/4203/4129 879/4204/4130
f 822/4200/4126 879/4204/4130 823/4205/4131
f 823/4205/4131 879/4204/4130 824/4206/4132
f 824/4206/4132 879/4204/4130 878/4207/4133
f 824/4206/4132 878/4207/4133 825/4208/4134
f 825/4208/4134 878/4207/4133 852/4209/4135
f 852/4209/4135 878/4207/4133 877/4210/4136
f 852/4209/4135 877/4210/4136 853/4211/4137
f 853/4211/4137 877/4210/4136 814/4212/4138
f 814/4212/4138 877/4210/4136 815/4213/4139
f 815/4213/4139 877/4210/4136 876/4214/4037
f 815/4213/4139 876/4214/4037 816/4215/4140
f 816/4215/4140 876/4214/4037 817/4216/4038
f 345/4217/735 344/4218/737 423/4219/789
f 423/4219/789 344/4218/737 368/4220/739
f 423/4219/789 368/4220/739 424/4221/787
f 424/4221/787 368/4220/739 367/4222/741
f 424/4221/787 367/4222/741 425/4223/832
f 425/4223/832 367/4222/741 366/4224/743
f 425/4223/832 366/4224/743 426/4225/834
f 426/4225/834 366/4224/743 365/4226/745
f 426/4225/834 365/4226/745 427/4227/836
f 427/4227/836 365/4226/745 364/4228/747
f 427/4227/836 364/4228/747 428/4229/824
f 428/4229/824 364/4228/747 363/4230/749
f 428/4229/824 363/4230/749 362/4231/786
f 428/4229/824 362/4231/786 429/4232/822
f 429/4232/822 362/4231/786 361/4233/784
f 429/4232/822 361/4233/784 430/4234/820
f 430/4234/820 361/4233/784 360/4235/782
f 430/4234/820 360/4235/782 431/4236/818
f 431/4236/818 360/4235/782 359/4237/780
f 431/4236/818 359/4237/780 432/4238/816
f 432/4238/816 359/4237/780 358/4239/778
f 432/4238/816 358/4239/778 433/4240/815
f 433/4240/815 358/4239/778 357/4241/776
f 433/4240/815 357/4241/776 356/4242/774
f 433/4240/815 356/4242/774 434/4243/837
f 434/4243/837 356/4242/774 355/4244/772
f 434/4243/837 355/4244/772 435/4245/839
f 435/4245/839 355/4244/772 354/4246/770
f 435/4245/839 354/4246/770 436/4247/841
f 436/4247/841 354/4246/770 353/4248/768
f 436/4247/841 353/4248/768 437/4249/843
f 437/4249/843 353/4248/768 352/4250/766
f 437/4249/843 352/4250/766 438/4251/845
f 438/4251/845 352/4250/766 351/4252/764
f 438/4251/845 351/4252/764 439/4253/799
f 439/4253/799 351/4252/764 350/4254/761
f 439/4253/799 350/4254/761 349/4255/759
f 439/4253/799 349/4255/759 440/4256/797
f 440/4256/797 349/4255/759 348/4257/757
f 440/4256/797 348/4257/757 441/4258/795
f 441/4258/795 348/4257/757 347/4259/755
f 441/4258/795 347/4259/755 442/4260/793
f 442/4260/793 347/4259/755 346/4261/753
f 442/4260/793 346/4261/753 443/4262/791
f 443/4262/791 346/4261/753 345/4217/735
f 443/4262/791 345/4217/735 423/4219/789
f 525/4263/4141 524/4264/4142 507/4265/4143
f 507/4265/4143 524/4264/4142 550/4266/4144
f 507/4265/4143 550/4266/4144 508/4267/4145
f 508/4267/4145 550/4266/4144 549/4268/4146
f 508/4267/4145 549/4268/4146 509/4269/4147
f 509/4269/4147 549/4268/4146 548/4270/4148
f 509/4269/4147 548/4270/4148 547/4271/4149
f 509/4269/4147 547/4271/4149 510/4272/4150
f 510/4272/4150 547/4271/4149 546/4273/4151
f 510/4272/4150 546/4273/4151 545/4274/4152
f 510/4272/4150 545/4274/4152 511/4275/4153
f 511/4275/4153 545/4274/4152 544/4276/4154
f 511/4275/4153 544/4276/4154 512/4277/4155
f 512/4277/4155 544/4276/4154 543/4278/4156
f 512/4277/4155 543/4278/4156 542/4279/4157
f 512/4277/4155 542/4279/4157 513/4280/4158
f 513/4280/4158 542/4279/4157 541/4281/4159
f 513/4280/4158 541/4281/4159 514/4282/4160
f 514/4282/4160 541/4281/4159 540/4283/4161
f 514/4282/4160 540/4283/4161 539/4284/4162
f 514/4282/4160 539/4284/4162 515/4285/4163
f 515/4285/4163 539/4284/4162 538/4286/4164
f 515/4285/4163 538/4286/4164 537/4287/4165
f 515/4285/4163 537/4287/4165 516/4288/4166
f 516/4288/4166 537/4287/4165 536/4289/4167
f 516/4288/4166 536/4289/4167 517/4290/4168
f 517/4290/4168 536/4289/4167 535/4291/4169
f 517/4290/4168 535/4291/4169 534/4292/4170
f 517/4290/4168 534/4292/4170 518/4293/4171
f 518/4293/4171 534/4292/4170 533/4294/4172
f 518/4293/4171 533/4294/4172 519/4295/4173
f 519/4295/4173 533/4294/4172 532/4296/4174
f 519/4295/4173 532/4296/4174 531/4297/4175
f 519/4295/4173 531/4297/4175 520/4298/4176
f 520/4298/4176 531/4297/4175 530/4299/4177
f 520/4298/4176 530/4299/4177 521/4300/4178
f 521/4300/4178 530/4299/4177 529/4301/4179
f 521/4300/4178 529/4301/4179 528/4302/4180
f 521/4300/4178 528/4302/4180 522/4303/4181
f 522/4303/4181 528/4302/4180 527/4304/4182
f 522/4303/4181 527/4304/4182 526/4305/4183
f 522/4303/4181 526/4305/4183 523/4306/4184
f 523/4306/4184 526/4305/4183 525/4263/4141
f 523/4306/4184 525/4263/4141 507/4265/4143
g Body1:3

v -4.774157 5.100000 -2.941342
v -5.458565 5.100000 -2.914141
v -6.118252 5.100000 -2.729838
v -6.717653 5.100000 -2.398368
v -7.224455 5.100000 -1.937602
v -7.611336 5.100000 -1.372379
v -7.857440 5.100000 -0.733170
v -7.949498 5.100000 -0.054437
v -7.882548 5.100000 0.627232
v -7.660199 5.100000 1.275086
v -7.294438 5.100000 1.854200
v -6.804983 5.100000 2.333353
v -6.218221 5.100000 2.686715
v -5.565785 5.100000 2.895235
v -4.882847 5.100000 2.947673
v -4.206224 5.100000 2.841200
v -3.572395 5.100000 2.581558
v -3.015528 5.100000 2.182744
v -2.565644 5.100000 1.666257
v -2.246997 5.100000 1.059941
v -2.076765 5.100000 0.396484
v -2.064126 5.100000 -0.288347
v -2.209760 5.100000 -0.957634
v -2.505817 5.100000 -1.575294
v -2.936336 5.100000 -2.108030
v -3.478108 5.100000 -2.527122
v -4.101925 5.100000 -2.809975
v -4.812436 5.600000 -2.442810
v -4.210826 5.600000 -2.319419
v -3.658804 5.600000 -2.050291
v -3.191053 5.600000 -1.652335
v -2.836966 5.600000 -1.150557
v -2.618789 5.600000 -0.576486
v -2.550233 5.600000 0.033809
v -2.635605 5.600000 0.641979
v -2.869541 5.600000 1.209811
v -3.237341 5.600000 1.701626
v -3.715895 5.600000 2.086522
v -4.275135 5.600000 2.340314
v -4.879920 5.600000 2.447056
v -5.492251 5.600000 2.400039
v -6.073651 5.600000 2.202220
v -6.587590 5.600000 1.866027
v -7.001775 5.600000 1.412585
v -7.290181 5.600000 0.870385
v -7.434687 5.600000 0.273495
v -7.426212 5.600000 -0.340579
v -7.265290 5.600000 -0.933254
v -6.962031 5.600000 -1.467289
v -6.535490 5.600000 -1.909128
v -6.012469 5.600000 -2.231010
v -5.425830 5.600000 -2.412710
v -5.220714 5.350000 2.874552
v -5.206703 5.533013 2.692076
v -2.384716 5.533013 0.671037
v -7.687071 5.533013 0.263911
v -5.114493 5.350000 -2.880738
v -5.107225 5.533013 -2.697870
v -4.482163 5.533013 -2.649876
v -4.447063 5.350000 -2.829492
v -5.775751 5.350000 -2.776684
v -5.726507 5.533013 -2.600421
v -6.395188 5.350000 -2.522937
v -6.306622 5.533013 -2.362782
v -6.939410 5.350000 -2.133179
v -6.816297 5.533013 -1.997765
v -7.379078 5.350000 -1.628420
v -7.228055 5.533013 -1.525049
v -7.690489 5.350000 -1.035873
v -7.519697 5.533013 -0.970116
v -7.856855 5.350000 -0.387481
v -7.675503 5.533013 -0.362884
v -7.869207 5.350000 0.281799
v -7.726880 5.350000 0.935888
v -7.553779 5.533013 0.876478
v -7.437546 5.350000 1.539523
v -7.282811 5.533013 1.441795
v -7.016803 5.350000 2.060162
v -6.888777 5.533013 1.929383
v -6.487334 5.350000 2.469737
v -6.392919 5.533013 2.312959
v -5.877682 5.350000 2.746168
v -5.821967 5.533013 2.571842
v -4.551848 5.350000 2.847968
v -4.580296 5.533013 2.667180
v -3.907141 5.350000 2.667850
v -3.976515 5.533013 2.498495
v -3.321351 5.350000 2.343907
v -3.427911 5.533013 2.195116
v -2.826057 5.350000 1.893603
v -2.964058 5.533013 1.773398
v -2.447961 5.350000 1.341215
v -2.609963 5.533013 1.256075
v -2.207446 5.350000 0.716522
v -2.117478 5.350000 0.053201
v -2.300460 5.533013 0.049823
v -2.182908 5.350000 -0.612989
v -2.361736 5.533013 -0.574076
v -2.400208 5.350000 -1.246132
v -2.565242 5.533013 -1.167028
v -2.757663 5.350000 -1.812095
v -2.900006 5.533013 -1.697064
v -3.236004 5.350000 -2.280368
v -3.347982 5.533013 -2.135611
v -3.809442 5.350000 -2.625706
v -3.885018 5.533013 -2.459027
v -4.869853 5.600000 -1.695011
v -5.375249 5.600000 -1.658068
v -5.847301 5.600000 -1.473798
v -6.244068 5.600000 -1.158575
v -6.530293 5.600000 -0.740407
v -6.680545 5.600000 -0.256451
v -6.681474 5.600000 0.250292
v -6.532996 5.600000 0.734795
v -6.248304 5.600000 1.154009
v -5.852696 5.600000 1.470684
v -5.381321 5.600000 1.656682
v -4.876065 5.600000 1.695476
v -4.381820 5.600000 1.583621
v -3.942504 5.600000 1.331053
v -3.597151 5.600000 0.960216
v -3.376447 5.600000 0.504059
v -3.300003 5.600000 0.003114
v -3.374611 5.600000 -0.498107
v -3.593642 5.600000 -0.955069
v -3.937634 5.600000 -1.327169
v -4.376022 5.600000 -1.581345
v -4.908132 5.100000 -1.196478
v -4.482118 5.100000 -1.082496
v -4.126046 5.100000 -0.822317
v -3.888007 5.100000 -0.451079
v -3.800149 5.100000 -0.018921
v -3.874337 5.100000 0.415793
v -4.100553 5.100000 0.794352
v -4.448243 5.100000 1.065629
v -4.870452 5.100000 1.192987
v -5.310156 5.100000 1.159225
v -5.707973 5.100000 0.968904
v -6.010173 5.100000 0.647727
v -6.175944 5.100000 0.239071
v -6.182898 5.100000 -0.201873
v -6.030094 5.100000 -0.615553
v -5.738171 5.100000 -0.946099
v -5.346553 5.100000 -1.148869
v -5.111007 5.533013 1.445745
v -5.096997 5.350000 1.263269
v -4.426501 5.350000 1.129759
v -3.733057 5.350000 0.010562
v -3.607080 5.533013 0.402831
v -4.407746 5.350000 -1.120041
v -5.721992 5.350000 -1.041145
v -6.256581 5.350000 0.162052
v -6.438091 5.533013 0.185460
v -5.434226 5.350000 1.190254
v -5.086889 5.533013 -1.447394
v -5.075922 5.350000 -1.264711
v -4.731892 5.350000 -1.238295
v -4.693164 5.533013 -1.417163
v -5.474169 5.533013 -1.370279
v -5.414321 5.350000 -1.197328
v -5.826282 5.533013 -1.191536
v -6.117114 5.533013 -0.924422
v -5.976117 5.350000 -0.807746
v -6.325094 5.533013 -0.588748
v -6.157847 5.350000 -0.514439
v -6.434799 5.533013 -0.209410
v -6.253705 5.350000 -0.182979
v -6.334726 5.533013 0.566575
v -6.166263 5.350000 0.495064
v -6.132371 5.533013 0.905669
v -5.989448 5.350000 0.791360
v -5.846033 5.533013 1.177595
v -5.739250 5.350000 1.028964
v -5.496948 5.533013 1.362183
v -4.716834 5.533013 1.422082
v -4.752574 5.350000 1.242593
v -4.343661 5.533013 1.292950
v -4.019166 5.533013 1.067926
v -4.142963 5.350000 0.933137
v -3.767415 5.533013 0.763698
v -3.922987 5.350000 0.667308
v -3.782888 5.350000 0.351987
v -3.600557 5.533013 -0.379552
v -3.777189 5.350000 -0.331647
v -3.550050 5.533013 0.012088
v -3.754854 5.533013 -0.743043
v -3.912011 5.350000 -0.649259
v -4.001498 5.533013 -1.051425
v -4.127525 5.350000 -0.918719
v -4.322197 5.533013 -1.281828
v -5.091868 0.000000 1.196478
v -5.517882 0.000000 1.082496
v -5.873954 0.000000 0.822317
v -6.111993 0.000000 0.451079
v -6.199851 0.000000 0.018921
v -6.125663 0.000000 -0.415793
v -5.899447 0.000000 -0.794352
v -5.551757 0.000000 -1.065629
v -5.129548 0.000000 -1.192987
v -4.689844 0.000000 -1.159225
v -4.292027 0.000000 -0.968904
v -3.989827 0.000000 -0.647727
v -3.824056 0.000000 -0.239071
v -3.817102 0.000000 0.201873
v -3.969906 0.000000 0.615553
v -4.261829 0.000000 0.946099
v -4.653447 0.000000 1.148869
v -5.225843 0.000000 2.941342
v -4.541435 0.000000 2.914141
v -3.881748 0.000000 2.729838
v -3.282347 0.000000 2.398368
v -2.775545 0.000000 1.937602
v -2.388664 0.000000 1.372379
v -2.142560 0.000000 0.733170
v -2.050502 0.000000 0.054437
v -2.117452 0.000000 -0.627232
v -2.339801 0.000000 -1.275086
v -2.705562 0.000000 -1.854200
v -3.195017 0.000000 -2.333353
v -3.781779 0.000000 -2.686715
v -4.434215 0.000000 -2.895235
v -5.117153 0.000000 -2.947673
v -5.793776 0.000000 -2.841200
v -6.427605 0.000000 -2.581558
v -6.984472 0.000000 -2.182744
v -7.434356 0.000000 -1.666257
v -7.753003 0.000000 -1.059941
v -7.923235 0.000000 -0.396484
v -7.935874 0.000000 0.288347
v -7.790240 0.000000 0.957634
v -7.494183 0.000000 1.575294
v -7.063664 0.000000 2.108030
v -6.521892 0.000000 2.527122
v -5.898075 0.000000 2.809975
v -6.946322 2.315383 2.216829
v -7.076038 2.380194 2.095845
v -7.198249 2.448220 1.967282
v -7.312512 2.519215 1.831608
v -7.316304 2.521380 1.826811
v -7.320085 2.523548 1.822006
v -7.323856 2.525719 1.817193
v -7.427909 2.596891 1.675636
v -7.523351 2.670591 1.528136
v -7.609843 2.746557 1.375216
v -7.612499 2.748995 1.370163
v -7.615146 2.751434 1.365105
v -7.617783 2.753876 1.360042
v -7.693351 2.829486 1.203478
v -7.759566 2.906740 1.042735
v -7.816197 2.985367 0.878370
v -7.817856 2.987856 0.873035
v -7.855726 3.049671 0.739818
v -7.887302 3.112019 0.604970
v -7.912514 3.174763 0.468789
v -7.912936 3.175988 0.466161
v -7.913355 3.177214 0.463533
v -7.913772 3.178439 0.460905
v -7.931773 3.237312 0.327423
v -7.943661 3.296247 0.193286
v -7.949415 3.355142 0.058728
v -7.949466 3.356227 0.056106
v -7.949515 3.357313 0.053484
v -7.949562 3.358399 0.050862
v -7.948872 3.412886 -0.081580
v -7.942238 3.467091 -0.213857
v -7.929674 3.520905 -0.345704
v -7.929324 3.522068 -0.348653
v -7.928972 3.523230 -0.351603
v -7.928616 3.524392 -0.354552
v -7.910856 3.570755 -0.478977
v -7.887811 3.616580 -0.602533
v -7.859525 3.661786 -0.724996
v -7.858814 3.662746 -0.727791
v -7.858102 3.663706 -0.730586
v -7.857386 3.664666 -0.733380
v -7.856391 3.665950 -0.737244
v -7.855392 3.667233 -0.741106
v -7.854387 3.668515 -0.744968
v -7.791894 3.730593 -0.952801
v -7.714290 3.790193 -1.155478
v -7.621996 3.846994 -1.351901
v -7.619860 3.847925 -1.356036
v -7.617717 3.848854 -1.360168
v -7.615568 3.849783 -1.364297
v -7.568156 3.865414 -1.451580
v -7.517784 3.880488 -1.537289
v -7.464509 3.894986 -1.621326
v -7.461895 3.895357 -1.625292
v -7.459274 3.895728 -1.629255
v -7.456647 3.896097 -1.633213
v -7.399237 3.901090 -1.716439
v -7.338993 3.905568 -1.797668
v -7.275987 3.909525 -1.876801
v -7.274070 3.909308 -1.879123
v -7.272151 3.909091 -1.881443
v -7.270229 3.908873 -1.883762
v -7.207029 3.902711 -1.957427
v -7.141455 3.896227 -2.028959
v -7.073578 3.889430 -2.098279
v -7.070862 3.889006 -2.100960
v -7.068143 3.888582 -2.103636
v -7.065420 3.888157 -2.106310
v -6.973923 3.867841 -2.192287
v -6.878885 3.847264 -2.274268
v -6.780473 3.826464 -2.352109
v -6.777335 3.825637 -2.354481
v -6.774194 3.824809 -2.356849
v -6.771049 3.823982 -2.359213
v -6.766286 3.822680 -2.362781
v -6.761515 3.821379 -2.366340
v -6.756738 3.820078 -2.369889
v -6.613813 3.777008 -2.469435
v -6.465262 3.734252 -2.560373
v -6.311603 3.691958 -2.642385
v -6.305176 3.690085 -2.645565
v -6.298741 3.688214 -2.648730
v -6.292298 3.686344 -2.651880
v -6.288896 3.685374 -2.653535
v -6.285492 3.684405 -2.655186
v -6.282085 3.683436 -2.656832
v -6.243542 3.672344 -2.675089
v -6.204739 3.661308 -2.692787
v -6.165684 3.650332 -2.709923
v -6.159668 3.649285 -2.712503
v -6.153646 3.648238 -2.715069
v -6.147618 3.647191 -2.717623
v -6.143043 3.647144 -2.719550
v -6.138465 3.647096 -2.721470
v -6.133883 3.647047 -2.723382
v -6.130935 3.647776 -2.724608
v -6.127986 3.648503 -2.725830
v -6.125035 3.649230 -2.727049
v -6.119497 3.652422 -2.729327
v -6.117533 3.654139 -2.730132
v -6.115809 3.656111 -2.730837
v -6.114412 3.658362 -2.731407
v -6.113245 3.660812 -2.731883
v -6.112027 3.666126 -2.732379
v -6.111854 3.671383 -2.732450
v -6.113171 3.680585 -2.731913
v -6.115498 3.689492 -2.730964
v -6.112758 3.690871 -2.732081
v -6.145305 3.741473 -2.718598
v -6.190767 3.786881 -2.698995
v -6.230840 3.813405 -2.680958
v -6.240754 3.817761 -2.676383
v -6.250652 3.822127 -2.671773
v -6.260533 3.826504 -2.667125
v -6.272922 3.832613 -2.661235
v -6.389211 3.865886 -2.602420
v -6.502790 3.899575 -2.538527
v -6.613436 3.933614 -2.469681
v -6.617309 3.934290 -2.467147
v -6.621177 3.934966 -2.464607
v -6.625041 3.935641 -2.462060
v -6.752137 3.953222 -2.373294
v -6.874438 3.970262 -2.277931
v -6.991609 3.986714 -2.176234
v -6.994648 3.986827 -2.173449
v -6.997683 3.986940 -2.170659
v -7.000715 3.987051 -2.167865
v -7.088677 3.988316 -2.083250
v -7.173067 3.988926 -1.995064
v -7.253738 3.988880 -1.903461
v -7.256313 3.988592 -1.900408
v -7.258884 3.988304 -1.897352
v -7.261450 3.988014 -1.894292
v -7.365512 3.972834 -1.762626
v -7.461919 3.956087 -1.625255
v -7.550358 3.937827 -1.482625
v -7.552461 3.937022 -1.479000
v -7.554560 3.936215 -1.475373
v -7.556653 3.935407 -1.471742
v -7.652368 3.889433 -1.291295
v -7.735367 3.841029 -1.104657
v -7.805252 3.790430 -0.912723
v -7.806529 3.789112 -0.908788
v -7.807801 3.787794 -0.904851
v -7.809067 3.786475 -0.900912
v -7.864135 3.715107 -0.706561
v -7.905774 3.641988 -0.508897
v -7.933788 3.567460 -0.308847
v -7.934205 3.565856 -0.304867
v -7.934615 3.564252 -0.300887
v -7.935021 3.562647 -0.296906
v -7.948330 3.477312 -0.099257
v -7.948344 3.391355 0.098839
v -7.935063 3.305161 0.296489
v -7.934617 3.303225 0.300875
v -7.934164 3.301289 0.305260
v -7.933704 3.299353 0.309644
v -7.906604 3.209408 0.504134
v -7.866626 3.120071 0.696389
v -7.813945 3.031737 0.885559
v -7.812659 3.029753 0.889633
v -7.811368 3.027769 0.893706
v -7.810071 3.025786 0.897776
v -7.751759 2.947084 1.063167
v -7.683722 2.869865 1.224801
v -7.606201 2.794401 1.382106
v -7.603028 2.791630 1.388073
v -7.599841 2.788861 1.394032
v -7.596641 2.786095 1.399984
v -7.507936 2.710600 1.553305
v -7.410189 2.637426 1.701026
v -7.303752 2.566839 1.842614
v -6.936169 2.366466 2.225702
v -6.930766 2.364218 2.230391
v -6.925352 2.361974 2.235066
v -6.919926 2.359736 2.239728
v -6.482291 2.182433 2.550551
v -6.490742 2.170514 2.545622
v -6.490338 2.169787 2.545858
v -6.498754 2.157810 2.540913
v -6.507143 2.145804 2.535945
v -6.507814 2.145989 2.535547
v -6.516113 2.133983 2.530593
v -59.652362 3.907399 -3.213216
v -63.353678 3.876888 -4.136817
v -63.355676 3.865255 -4.108782
v -56.988891 3.729307 -2.057219
v -63.403810 3.682430 -3.370352
v -63.388221 3.600325 -3.031299
v -63.302157 3.525069 -2.702981
v -63.149415 3.459982 -2.399880
v -59.866107 3.501073 -1.764956
v -63.363950 3.836761 -3.990759
v -63.377911 3.785289 -3.784007
v -63.391198 3.733845 -3.577204
v -63.060772 3.428721 -2.275523
v -62.960787 3.400959 -2.160089
v -62.850351 3.376943 -2.054609
v -57.021362 2.957791 0.702546
v -63.358458 3.855756 -4.069443
v -63.361216 3.846258 -4.030101
v -60.399698 4.006465 -7.811493
v -62.338426 3.937811 -7.917739
v -62.334369 3.938210 -7.919761
v -62.835557 3.377004 -2.041915
v -62.820611 3.377005 -2.029401
v -62.805516 3.376945 -2.017068
v -60.081979 3.189290 -0.687346
v -62.811696 3.369588 -2.022080
v -62.858036 3.365716 -2.061327
v -57.025307 2.940823 0.695817
v -62.347212 3.937819 -7.913304
v -62.344287 3.937816 -7.914789
v -62.341358 3.937813 -7.916267
v -62.330607 3.938940 -7.921621
v -63.149439 3.447543 -2.399918
v -63.302168 3.512853 -2.703009
v -63.388223 3.588248 -3.031314
v -63.403810 3.670402 -3.370352
v -63.391096 3.722226 -3.578829
v -63.377697 3.774078 -3.787256
v -63.363613 3.825957 -3.995631
v -59.778648 3.482332 -1.735673
v -62.965480 3.389511 -2.165037
v -63.062892 3.416864 -2.278223
v -62.356505 3.938599 -7.908528
v -62.353411 3.938337 -7.910128
v -62.350313 3.938077 -7.911720
v -62.327211 3.940045 -7.923289
v -63.360924 3.835321 -4.034283
v -63.358212 3.844686 -4.072934
v -63.355477 3.854052 -4.111583
v -56.989444 3.712184 -2.062283
v -63.353370 3.863861 -4.141121
v -63.350339 3.877864 -4.183285
v -60.402202 3.989559 -3.778114
v -62.374882 3.941013 -7.898823
v -62.368772 3.940199 -7.902089
v -62.362646 3.939394 -7.905323
v -62.324253 3.941555 -7.924732
v -63.329793 3.942008 -4.459396
v -63.308045 4.006210 -4.735401
v -63.285094 4.070470 -5.011296
v -63.283046 4.076110 -5.035228
v -63.277181 4.092128 -5.103188
v -63.276362 4.094349 -5.112606
v -60.149254 4.195455 -4.597406
v -63.251412 4.140235 -5.392245
v -63.225227 4.186174 -5.671762
v -63.197806 4.232166 -5.951152
v -62.436690 3.950758 -7.863546
v -62.416287 3.947398 -7.875653
v -62.395683 3.944149 -7.887413
v -62.319285 3.945540 -7.927136
v -62.318392 4.025914 -7.927566
v -62.330690 4.033329 -7.921581
v -59.936191 4.166807 -7.815508
v -62.386514 4.059054 -7.892499
v -63.050516 4.209095 -7.078455
v -63.003444 4.170325 -7.207647
v -62.943948 4.133383 -7.331610
v -62.872599 4.098621 -7.449151
v -60.196202 4.284194 -7.000375
v -63.130073 4.273370 -6.593103
v -63.121552 4.263681 -6.669684
v -63.112938 4.253997 -6.746254
v -63.104231 4.244316 -6.822814
v -63.095806 4.236574 -6.884385
v -63.084657 4.228969 -6.945538
v -63.070806 4.221516 -7.006155
v -60.111286 4.383084 -6.454489
v -63.183083 4.254776 -6.096162
v -63.168375 4.260973 -6.237815
v -63.153350 4.267184 -6.379435
v -63.138008 4.273407 -6.521019
v -59.903465 4.393420 -5.824471
v -63.194986 4.236634 -5.979187
v -63.192153 4.241102 -6.007220
v -63.189308 4.245572 -6.035252
v -58.728453 4.337647 -5.002752
v -62.850679 4.088787 -7.480630
v -62.827874 4.079151 -7.511537
v -62.804201 4.069721 -7.541849
v -59.592462 4.135638 -7.488721
v -62.549279 3.978773 -7.787768
v -62.512653 3.968963 -7.814179
v -62.475109 3.959622 -7.839448
v -62.752336 4.046275 -7.602769
v -62.697082 4.024090 -7.660632
v -62.638618 4.003237 -7.715250
v -62.315061 3.950215 -7.929161
v -62.308293 4.017746 -7.932370
v -62.503197 4.100566 -7.820710
v -60.365834 4.042382 -3.894792
v -63.349483 3.893527 -4.195126
v -63.350888 3.887980 -4.175690
v -63.352286 3.882434 -4.156254
v -63.187240 4.248640 -6.055556
v -63.185165 4.251708 -6.075859
v -63.064473 4.217345 -7.030374
v -63.057709 4.213204 -7.054477
v -63.135372 4.273394 -6.545048
v -63.132727 4.273382 -6.569076
v -59.714847 4.312553 -7.445302
v -62.614028 4.129704 -7.736442
v -62.673640 4.148828 -7.683286
v -62.730129 4.169307 -7.626823
v -62.783313 4.191074 -7.567236
v -62.609551 3.994793 -7.740196
v -62.579764 3.986637 -7.764374
v -62.243249 3.941747 -7.961009
v -62.169766 3.934485 -7.988787
v -62.094843 3.928453 -8.012406
v -56.351092 3.978288 -8.066959
v -62.294765 3.999308 -7.938653
v -62.541141 4.109810 -7.793790
v -62.578099 4.119527 -7.765690
v -59.777381 4.403588 -6.968874
v -62.846312 4.204797 -7.486686
v -62.925640 4.226825 -7.364348
v -62.991838 4.250775 -7.234434
v -63.044191 4.276391 -7.098350
v -63.069704 4.281862 -7.010497
v -63.084050 4.281885 -6.948480
v -63.095567 4.282057 -6.885876
v -63.104231 4.282378 -6.822814
v -63.130066 4.283833 -6.593169
v -63.138000 4.284299 -6.521089
v -63.175720 4.286644 -6.167462
v -60.170389 4.435752 -6.332024
v -63.190409 4.272371 -6.024418
v -63.218973 4.223378 -5.736618
v -63.246225 4.174447 -5.448681
v -63.272168 4.125578 -5.160612
v -59.499950 4.333915 -4.949931
v -63.283447 4.096092 -5.030554
v -63.285501 4.090254 -5.006524
v -62.804963 4.195528 -7.540899
v -62.825967 4.200103 -7.514044
v -63.053332 4.278178 -7.069253
v -63.061837 4.280002 -7.039964
v -63.178282 4.285045 -6.142745
v -63.180834 4.283445 -6.118028
v -63.183376 4.281846 -6.093310
v -59.201729 4.437335 -5.609393
v -63.185729 4.278688 -6.070347
v -63.188073 4.275529 -6.047383
v -63.276740 4.113789 -5.108261
v -63.277577 4.111620 -5.098627
v -59.145088 4.197965 -4.220806
v -63.279542 4.106444 -5.075937
v -63.281498 4.101268 -5.053246
v -7.617359 3.821750 -3.297128
v -9.573906 4.068531 -4.133542
v -8.856231 3.978846 -3.653849
v -7.660667 3.861199 -3.131724
v -10.179951 4.142936 -3.976255
v -8.758919 4.014091 -3.385706
v -11.309283 4.222151 -4.488004
v -7.385661 3.864515 -2.836576
v -9.955993 4.172585 -3.616937
v -11.812721 4.361331 -4.126162
v -13.064570 4.391027 -5.287862
v -8.468631 4.023789 -3.031010
v -12.947422 4.390372 -4.837869
v -12.018649 4.506019 -4.608587
v -9.562652 4.282074 -3.660086
v -10.135399 4.234031 -3.371506
v -13.695120 4.504472 -4.719645
v -14.866414 4.525301 -5.373246
v -14.911943 4.778712 -5.299686
v -10.123337 4.379265 -3.305450
v -8.332095 4.039141 -2.729098
v -11.869652 4.430007 -3.590450
v -13.711435 4.566764 -4.258021
v -16.481204 4.633693 -6.158401
v -13.206030 4.692934 -4.327148
v -9.668577 4.211560 -2.860949
v -15.573967 4.657987 -4.911612
v -16.751615 4.661360 -5.555359
v -16.718856 4.959881 -5.026988
v -17.889905 4.976664 -5.907824
v -13.552654 4.694196 -3.648178
v -10.545662 4.389553 -2.840237
v -13.796956 4.604749 -3.643562
v -11.634925 4.414787 -3.033869
v -15.925992 4.727702 -4.314029
v -18.567315 4.739489 -5.990683
v -16.011500 4.888903 -4.272860
v -19.927091 4.862750 -6.764149
v -10.643996 4.306488 -2.269893
v -9.135130 4.141802 -2.340673
v -17.891293 4.788153 -5.076629
v -19.149379 5.062133 -4.556357
v -19.659648 5.159714 -5.537431
v -20.738016 5.193238 -6.384489
v -14.004713 4.619436 -2.978679
v -17.303948 4.819509 -3.516554
v -16.048425 4.708960 -3.556152
v -13.576292 4.524889 -2.887199
v -11.128785 4.323078 -2.504510
v -18.226955 4.824193 -4.253435
v -20.158512 4.908057 -5.674282
v -20.951258 4.914957 -6.437149
v -23.558895 5.218883 -7.102338
v -13.830480 4.434871 -2.240168
v -10.689203 4.143627 -1.618743
v -9.404508 4.103962 -1.934915
v -20.350558 4.965172 -4.918553
v -20.589112 5.022912 -3.792529
v -22.090282 5.396840 -5.364722
v -22.678408 5.452812 -6.204955
v -17.310507 4.575743 -2.553194
v -18.634010 4.746513 -3.406281
v -16.198026 4.564004 -2.750415
v -11.570853 4.261139 -2.092912
v -21.123476 5.004345 -4.142622
v -22.420074 5.104689 -6.217252
v -22.175040 5.132504 -5.541873
v -22.800482 5.386178 -4.660435
v -20.800880 4.774406 -2.806217
v -25.297847 5.539361 -6.764523
v -13.910963 4.204215 -1.527911
v -16.745286 4.322393 -1.811802
v -10.946725 3.915229 -0.932573
v -9.379957 3.984328 -1.473859
v -13.778718 4.352465 -2.138752
v -23.307463 5.255056 -4.963769
v -24.461501 5.289912 -5.998309
v -22.989361 5.285871 -4.032570
v -23.713540 5.204594 -3.477999
v -24.822895 5.592397 -5.369224
v -25.076554 5.617869 -6.053425
v -27.209229 5.188826 -7.442698
v -20.448497 4.325025 -1.650662
v -21.842972 4.907067 -3.236991
v -18.890830 4.511674 -2.483716
v -16.382832 4.289356 -1.881683
v -11.151475 4.053694 -1.453974
v -24.434445 5.272774 -4.133813
v -27.052704 5.224217 -6.484660
v -25.224585 5.431550 -4.217168
v -25.473802 5.097711 -2.928614
v -26.833536 5.525633 -5.032422
v -27.975715 5.475348 -6.708209
v -23.593652 4.785216 -2.218942
v -10.308458 3.604450 -0.216808
v -13.766589 4.097546 -1.389882
v -26.332480 5.341415 -5.304657
v -27.669037 5.262743 -3.797433
v -27.775918 5.532967 -5.882609
v -30.314030 4.920898 -7.051727
v -30.870777 5.145174 -7.314496
v -9.979249 3.319844 0.408960
v -10.937663 3.841267 -0.878434
v -25.617353 5.071529 -3.098591
v -21.982886 4.593163 -2.231771
v -19.046396 4.123790 -1.460838
v -16.517859 3.920077 -0.961036
v -27.806900 5.255995 -4.457320
v -29.815591 5.123379 -5.796004
v -27.432347 5.406484 -4.438454
v -29.734156 4.978188 -3.240938
v -27.548271 4.842691 -2.359835
v -30.362272 5.321397 -5.580835
v -30.715122 5.295326 -6.463949
v -34.521105 4.382154 -8.091518
v -10.916252 3.623628 -0.333957
v -13.786881 3.794590 -0.628587
v -29.812705 5.279713 -4.726466
v -31.814944 5.010884 -4.179490
v -25.234138 4.595355 -1.598906
v -32.548602 4.759350 -6.776506
v -33.524805 4.927782 -7.075457
v -11.296348 3.104042 0.936657
v -10.416429 3.413129 0.131998
v -29.180531 5.032727 -3.606099
v -24.948782 4.665738 -1.964191
v -22.027774 4.117049 -1.110336
v -19.283850 3.603840 -0.319934
v -16.672796 3.477998 0.002559
v -31.418005 5.018824 -4.783847
v -34.068820 4.625983 -3.607120
v -31.599170 4.640593 -2.624960
v -29.470875 4.495438 -1.748160
v -33.289732 4.974829 -5.155743
v -33.730945 4.971227 -6.136268
v -33.557782 4.773658 -5.812803
v -34.936986 4.501204 -6.824519
v -35.744715 4.634806 -7.474685
v -13.668144 3.432603 0.194376
v -28.944834 4.659158 -2.298396
v -36.062983 4.622259 -4.599937
v -27.200821 4.268265 -0.943927
v -36.851606 4.304547 -7.195045
v -36.889801 4.675313 -6.744606
v -38.040327 4.439696 -7.768833
v -10.786292 2.531524 2.178895
v -11.211437 3.242195 0.560106
v -32.514994 4.766148 -3.750368
v -25.418530 4.242872 -0.993952
v -22.452146 3.586707 0.026378
v -19.744876 2.929734 0.999374
v -16.636625 3.059676 0.860491
v -35.391025 4.607020 -4.913210
v -38.705063 4.365983 -3.753123
v -35.468668 4.301388 -2.923444
v -33.766497 4.185171 -2.001618
v -36.779552 4.688038 -5.671637
v -37.252106 4.476068 -6.032885
v -38.870589 4.119732 -7.703637
v -41.848486 3.996078 -8.276709
v -14.357890 2.439323 2.331489
v -14.793066 2.931215 1.246544
v -11.302582 3.078582 0.925299
v -33.083038 4.451480 -2.800439
v -28.455900 4.126847 -0.919061
v -40.179084 4.551300 -5.048064
v -39.210471 4.307088 -6.850488
v -39.965040 4.605968 -6.242983
v -39.976226 4.511830 -7.285690
v -13.744577 1.736184 3.846780
v -14.787178 2.950116 1.254439
v -36.874006 4.370025 -3.859602
v -31.920809 4.116442 -1.471421
v -25.934491 3.662354 0.180506
v -23.215251 3.047371 1.126652
v -18.213936 2.430263 1.957072
v -39.718682 4.461788 -5.104775
v -43.160651 4.403586 -4.242950
v -38.328498 4.023469 -2.454600
v -41.058677 4.388346 -6.221414
v -41.804780 4.186311 -7.204515
v -42.700879 4.489261 -7.037667
v -17.308909 1.546417 3.777551
v -10.102420 2.124069 3.053769
v -18.208809 2.452861 1.967479
v -11.683513 2.532706 2.126593
v -36.153629 4.054939 -2.537849
v -29.656640 3.593108 0.102865
v -21.708911 2.227522 2.399595
v -15.527307 2.107488 2.876952
v -42.546194 4.190478 -3.188476
v -44.483162 4.503906 -5.194508
v -44.430694 4.101839 -7.389819
v -43.679048 4.539966 -6.010308
v -44.919320 4.360173 -7.507113
v -20.901417 0.085035 6.167274
v -10.667841 2.071446 3.151465
v -10.135676 2.091650 3.045835
v -41.023524 4.352569 -4.175461
v -35.494418 3.716700 -1.416422
v -40.234239 4.121902 -3.107474
v -33.281253 3.489637 -0.292101
v -26.683929 3.014506 1.396009
v -20.554504 1.306455 3.935688
v -18.417153 1.311778 4.019723
v -43.654201 4.412103 -5.728002
v -46.750909 4.310416 -3.805979
v -47.470674 4.459967 -4.799941
v -42.605937 3.915053 -2.219843
v -44.598235 4.306896 -6.515008
v -46.679644 3.973887 -7.756425
v -46.667043 4.473885 -6.718721
v -46.045994 4.172215 -7.989934
v -20.078088 1.336552 3.930542
v -17.473084 0.835413 5.101359
v -14.514106 1.600568 4.046900
v -13.775480 1.711531 3.845573
v -44.343873 4.408661 -4.938476
v -39.232555 3.768265 -1.925826
v -31.549094 3.005912 1.118069
v -28.873726 2.487794 2.337599
v -23.356599 1.022276 4.670174
v -17.350196 0.861546 5.046531
v -46.643195 4.091474 -2.854349
v -48.192542 4.512058 -5.854502
v -49.138835 3.874847 -8.270241
v -47.492154 4.217289 -6.921004
v -48.431204 4.334755 -7.462948
v -22.851391 1.010382 4.693930
v -20.307991 0.135666 6.044797
v -21.704191 2.252350 2.413438
v -44.294714 4.254527 -3.833552
v -37.368007 3.326879 -0.658707
v -43.652978 3.937217 -2.536130
v -35.411962 2.944313 0.501616
v -26.218375 1.701402 3.729253
v -20.927673 0.058238 6.158294
v -19.125241 0.352618 5.709708
v -48.013950 4.408706 -5.842613
v -50.727105 4.267065 -3.589161
v -50.967796 4.418459 -4.456758
v -51.680121 4.499027 -5.304136
v -46.151737 3.818769 -1.920630
v -50.377501 4.071812 -7.454987
v -51.303475 4.456345 -6.747032
v -24.584757 0.082898 6.485578
v -23.243749 0.022767 6.417572
v -48.163348 4.393883 -4.743669
v -41.212156 3.483829 -1.096086
v -36.006590 2.358042 1.747359
v -30.544850 1.232007 4.718466
v -24.609020 0.058225 6.471849
v -26.719081 0.858021 5.244582
v -50.925786 4.058552 -2.719282
v -52.538173 4.506179 -6.054202
v -52.386493 3.915254 -7.921444
v -50.351076 4.284326 -6.717215
v -51.573901 4.305818 -7.520397
v -26.247593 1.386682 4.345405
v -47.803195 4.205528 -3.591881
v -39.280896 2.918080 0.344108
v -44.930031 3.618908 -1.478725
v -33.984822 1.589001 3.711510
v -52.411291 4.446490 -5.525539
v -55.156941 4.250207 -3.794549
v -54.552669 4.370355 -4.345773
v -55.462046 4.459334 -5.032438
v -56.003673 4.509556 -5.778354
v -48.664163 3.726184 -1.564967
v -53.863843 4.056118 -7.580848
v -53.735700 4.252873 -6.968366
v -52.199574 4.388241 -6.276440
v -55.537293 4.407687 -7.155028
v -53.621019 4.189799 -7.835608
v -28.869970 2.514486 2.352026
v -28.267948 0.229000 6.552309
v -27.021357 0.153585 6.544964
v -51.569728 4.368116 -4.504948
v -48.074243 3.966327 -2.580739
v -42.964066 3.190243 -0.274090
v -43.101009 2.736937 0.943906
v -38.828923 1.547883 3.579467
v -28.289818 0.203687 6.537687
v -35.615635 0.409065 6.089225
v -55.822049 4.088599 -3.203789
v -56.076235 4.494848 -6.486700
v -30.639351 1.242177 4.765042
v -51.600103 4.191963 -3.516276
v -48.392252 3.724374 -1.704151
v -46.474540 3.320417 -0.505612
v -56.108706 4.412325 -6.408610
v -55.680348 4.424818 -5.150975
v -56.898084 4.274075 -7.659322
v -56.315109 4.140495 -7.452706
v -33.737331 1.647179 3.694466
v -31.682503 0.383583 6.426849
v -35.598365 0.435946 6.103613
v -54.745694 4.323132 -4.373088
v -52.279197 3.975427 -2.607304
v -42.585728 1.877355 3.135583
v -42.878721 1.128803 5.085351
v -56.756514 4.457972 -5.846471
v -57.212163 4.285025 -7.031476
v -36.003669 2.385336 1.759928
v -55.828830 4.195579 -3.810240
v -50.109846 3.323406 -0.309158
v -50.227102 3.636179 -1.345363
v -45.898198 2.109639 2.898850
v -40.162731 0.802100 5.540992
v -35.822716 0.428058 6.073295
v -38.056931 1.697537 3.257435
v -56.663391 4.002958 -3.100466
v -49.429999 2.728577 1.533246
v -53.540083 3.757231 -1.849023
v -46.076259 1.593292 4.410317
v -43.098891 2.762564 0.954081
v -54.518781 3.198165 0.068988
v -50.032849 2.181693 3.336674
v -42.865970 1.153101 5.097868
v -53.551965 2.624950 2.138711
v -50.024536 2.203257 3.346458
v -51.243780 2.361761 2.956094
v -55.521340 2.822265 1.349764
v -53.545862 2.644701 2.147011
v -50.108496 3.345886 -0.301821
v -54.845942 3.239432 -0.031934
v -50.858051 2.808264 1.492703
v -53.533410 3.721049 -1.624306
v -46.292785 2.326316 2.420620
v -56.536138 3.923136 -2.681352
v -50.300018 3.612059 -1.157842
v -52.686215 3.895529 -2.186320
v -46.764557 3.310485 -0.362229
v -44.825806 3.467000 -0.890497
v -43.139148 3.096127 0.084269
v -42.214690 3.593096 -1.259594
v -41.029635 3.236353 -0.302300
v -39.653312 2.806269 0.722107
v -39.250059 3.715543 -1.579220
v -38.392150 3.399058 -0.739794
v -37.690590 3.043910 0.141788
v -36.248817 2.728553 0.966624
v -35.469621 3.736207 -1.278369
v -35.158131 3.345474 -0.266317
v -34.764900 3.016070 0.562986
v -32.749691 2.812719 1.409882
v -32.177977 3.698665 -0.371187
v -31.236513 4.102755 -1.098010
v -32.370469 3.289788 0.477646
v -29.952668 3.147756 1.082946
v -29.473860 3.514883 0.398105
v -28.606789 3.907426 -0.312311
v -26.775959 3.234483 1.076203
v -26.716581 3.639507 0.327982
v -24.719233 3.922169 -0.227022
v -23.565947 4.241547 -0.973687
v -24.141228 3.438505 0.617246
v -20.987405 3.879236 -0.612561
v -21.983579 3.546738 0.154895
v -19.182855 3.502342 -0.002339
v -17.572173 3.976667 -0.981252
v -16.337392 3.681300 -0.315004
v -14.418655 3.980539 -0.944940
v -13.176389 3.754999 -0.450435
v -41.211853 1.642890 3.675016
v -29.983070 2.853100 1.656115
v -27.894885 2.900087 1.665476
v -25.193544 2.747135 1.915514
v -23.909702 3.060112 1.264956
v -22.217835 2.707239 1.681955
v -19.562305 2.677009 1.530609
v -21.041246 3.086491 0.881334
v -18.020068 3.194376 0.591845
v -16.660152 3.009108 1.018088
v -15.164301 3.466426 0.178464
v -13.912843 3.250308 0.649494
v -12.427097 3.504825 0.091346
v -11.911211 3.305750 0.514895
vt -0.000000 0.065242 0.000000
vt -0.026180 0.032621 0.000000
vt -0.000000 0.000000 0.000000
vt -0.026180 -0.032621 0.000000
vt -0.000000 -0.065242 0.000000
vt -0.026180 -0.097862 0.000000
vt -0.000000 -0.130483 0.000000
vt -0.026180 -0.163104 0.000000
vt -0.000000 -0.195725 0.000000
vt -0.026180 -0.228346 0.000000
vt -0.000000 -0.260967 0.000000
vt -0.026180 -0.293587 0.000000
vt -0.000000 -0.326208 0.000000
vt -0.026180 -0.358829 0.000000
vt -0.000000 -0.391450 0.000000
vt -0.026180 -0.424071 0.000000
vt -0.000000 -0.456692 0.000000
vt -0.026180 -0.489312 0.000000
vt -0.000000 -0.521933 0.000000
vt -0.026180 -0.554554 0.000000
vt -0.000000 -0.587175 0.000000
vt -0.026180 -0.619796 0.000000
vt -0.000000 -0.652416 0.000000
vt -0.026180 -0.685037 0.000000
vt -0.000000 -0.717658 0.000000
vt -0.026180 -0.750279 0.000000
vt -0.000000 -0.782900 0.000000
vt -0.026180 -0.815521 0.000000
vt -0.000000 -0.848141 0.000000
vt -0.026180 -0.880762 0.000000
vt 0.000000 -0.913383 0.000000
vt -0.000000 0.848141 0.000000
vt -0.026180 0.880762 0.000000
vt -0.026180 0.815521 0.000000
vt -0.000000 0.782900 0.000000
vt -0.026180 0.750279 0.000000
vt -0.000000 0.717658 0.000000
vt -0.026180 0.685037 0.000000
vt -0.000000 0.652416 0.000000
vt -0.026180 0.619796 0.000000
vt -0.000000 0.587175 0.000000
vt -0.026180 0.554554 0.000000
vt -0.000000 0.521933 0.000000
vt -0.026180 0.489312 0.000000
vt -0.000000 0.456692 0.000000
vt -0.026180 0.424071 0.000000
vt -0.000000 0.391450 0.000000
vt -0.026180 0.358829 0.000000
vt -0.000000 0.326208 0.000000
vt -0.026180 0.293587 0.000000
vt -0.000000 0.260967 0.000000
vt -0.026180 0.228346 0.000000
vt -0.000000 0.195725 0.000000
vt -0.026180 0.163104 0.000000
vt -0.000000 0.130483 0.000000
vt -0.026180 0.097862 0.000000
vt -0.078540 -0.070461 0.000000
vt -0.052360 -0.032621 0.000000
vt -0.078540 0.000000 0.000000
vt -0.052360 0.032621 0.000000
vt -0.078540 0.070461 0.000000
vt -0.052360 0.097862 0.000000
vt -0.078540 0.140922 0.000000
vt -0.052360 0.163104 0.000000
vt -0.078540 0.211383 0.000000
vt -0.052360 0.228346 0.000000
vt -0.078540 0.281844 0.000000
vt -0.052360 0.293587 0.000000
vt -0.078540 0.352305 0.000000
vt -0.052360 0.358829 0.000000
vt -0.078540 0.422766 0.000000
vt -0.052360 0.424071 0.000000
vt -0.052360 0.489312 0.000000
vt -0.052360 -0.097862 0.000000
vt -0.078540 -0.140922 0.000000
vt -0.052360 -0.163104 0.000000
vt -0.078540 -0.211383 0.000000
vt -0.052360 -0.228346 0.000000
vt -0.078540 -0.281844 0.000000
vt -0.052360 -0.293587 0.000000
vt -0.078540 -0.352305 0.000000
vt -0.052360 -0.358829 0.000000
vt -0.078540 -0.422766 0.000000
vt -0.052360 -0.424071 0.000000
vt -0.052360 -0.489312 0.000000
vt -0.078540 -0.493227 0.000000
vt -0.052360 -0.554554 0.000000
vt -0.078540 -0.563688 0.000000
vt -0.052360 -0.619796 0.000000
vt -0.078540 -0.634149 0.000000
vt -0.052360 -0.685037 0.000000
vt -0.078540 -0.704610 0.000000
vt -0.052360 -0.750279 0.000000
vt -0.078540 -0.775071 0.000000
vt -0.052360 -0.815521 0.000000
vt -0.078540 -0.845532 0.000000
vt -0.052360 -0.880762 0.000000
vt -0.052360 0.880762 0.000000
vt -0.078540 0.915993 0.000000
vt -0.078540 0.845532 0.000000
vt -0.052360 0.815521 0.000000
vt -0.078540 0.775071 0.000000
vt -0.052360 0.750279 0.000000
vt -0.078540 0.704610 0.000000
vt -0.052360 0.685037 0.000000
vt -0.078540 0.634149 0.000000
vt -0.052360 0.619796 0.000000
vt -0.078540 0.563688 0.000000
vt -0.052360 0.554554 0.000000
vt -0.078540 0.493227 0.000000
vt -0.078540 0.040286 0.000000
vt -0.104720 0.018391 0.000000
vt -0.078540 0.000000 0.000000
vt -0.104720 -0.018391 0.000000
vt -0.078540 -0.040286 0.000000
vt -0.104720 -0.055174 0.000000
vt -0.078540 -0.080571 0.000000
vt -0.104720 -0.091956 0.000000
vt -0.078540 -0.120857 0.000000
vt -0.104720 -0.128739 0.000000
vt -0.078540 -0.161142 0.000000
vt -0.104720 -0.165521 0.000000
vt -0.078540 -0.201428 0.000000
vt -0.104720 -0.202304 0.000000
vt -0.104720 -0.239086 0.000000
vt -0.130900 -0.202304 0.000000
vt -0.130900 -0.239086 0.000000
vt -0.157080 -0.248823 0.000000
vt -0.130900 -0.275869 0.000000
vt -0.157080 -0.298587 0.000000
vt -0.130900 -0.312651 0.000000
vt -0.157080 -0.348352 0.000000
vt -0.130900 -0.349434 0.000000
vt -0.157080 -0.398116 0.000000
vt -0.130900 -0.386216 0.000000
vt -0.130900 -0.422999 0.000000
vt -0.104720 -0.422999 0.000000
vt -0.104720 0.422999 0.000000
vt -0.130900 0.422999 0.000000
vt -0.104720 0.386216 0.000000
vt -0.078540 0.402856 0.000000
vt -0.078540 0.362570 0.000000
vt -0.104720 0.349434 0.000000
vt -0.078540 0.322285 0.000000
vt -0.104720 0.312651 0.000000
vt -0.078540 0.281999 0.000000
vt -0.104720 0.275869 0.000000
vt -0.078540 0.241714 0.000000
vt -0.104720 0.239086 0.000000
vt -0.078540 0.201428 0.000000
vt -0.104720 0.202304 0.000000
vt -0.104720 0.165521 0.000000
vt -0.130900 0.202304 0.000000
vt -0.130900 0.165521 0.000000
vt -0.157080 0.199058 0.000000
vt -0.157080 0.149294 0.000000
vt -0.104720 0.055174 0.000000
vt -0.078540 0.080571 0.000000
vt -0.104720 0.091956 0.000000
vt -0.078540 0.120857 0.000000
vt -0.104720 0.128739 0.000000
vt -0.078540 0.161142 0.000000
vt -0.078540 -0.443141 0.000000
vt -0.078540 -0.402856 0.000000
vt -0.104720 -0.386216 0.000000
vt -0.078540 -0.362570 0.000000
vt -0.104720 -0.349434 0.000000
vt -0.078540 -0.322285 0.000000
vt -0.104720 -0.312651 0.000000
vt -0.078540 -0.281999 0.000000
vt -0.104720 -0.275869 0.000000
vt -0.078540 -0.241714 0.000000
vt -0.157080 -0.049765 0.000000
vt -0.130900 -0.018391 0.000000
vt -0.157080 0.000000 0.000000
vt -0.130900 0.018391 0.000000
vt -0.157080 0.049765 0.000000
vt -0.130900 0.055174 0.000000
vt -0.130900 0.091956 0.000000
vt -0.130900 -0.055174 0.000000
vt -0.157080 -0.099529 0.000000
vt -0.130900 -0.091956 0.000000
vt -0.130900 -0.128739 0.000000
vt -0.157080 -0.149294 0.000000
vt -0.130900 -0.165521 0.000000
vt -0.157080 -0.199058 0.000000
vt -0.157080 0.447881 0.000000
vt -0.157080 0.398116 0.000000
vt -0.130900 0.386216 0.000000
vt -0.157080 0.348352 0.000000
vt -0.130900 0.349434 0.000000
vt -0.130900 0.312651 0.000000
vt -0.157080 0.298587 0.000000
vt -0.130900 0.275869 0.000000
vt -0.157080 0.248823 0.000000
vt -0.130900 0.239086 0.000000
vt -0.130900 0.128739 0.000000
vt -0.157080 0.099529 0.000000
vt 0.050000 0.332639 0.000000
vt 0.560000 0.354815 0.000000
vt 0.050000 0.376991 0.000000
vt 0.050000 -0.376991 0.000000
vt 0.560000 -0.399167 0.000000
vt 0.560000 -0.354815 0.000000
vt 0.050000 -0.332639 0.000000
vt 0.560000 -0.310463 0.000000
vt 0.050000 -0.288287 0.000000
vt 0.560000 -0.266111 0.000000
vt 0.050000 -0.243935 0.000000
vt 0.560000 -0.221759 0.000000
vt 0.050000 -0.199584 0.000000
vt 0.560000 -0.177408 0.000000
vt 0.050000 -0.155232 0.000000
vt 0.560000 -0.133056 0.000000
vt 0.050000 -0.110880 0.000000
vt 0.560000 -0.088704 0.000000
vt 0.050000 -0.066528 0.000000
vt 0.560000 -0.044352 0.000000
vt 0.050000 -0.022176 0.000000
vt 0.560000 0.000000 0.000000
vt 0.050000 0.022176 0.000000
vt 0.560000 0.044352 0.000000
vt 0.050000 0.066528 0.000000
vt 0.560000 0.088704 0.000000
vt 0.050000 0.110880 0.000000
vt 0.560000 0.133056 0.000000
vt 0.050000 0.155232 0.000000
vt 0.560000 0.177408 0.000000
vt 0.050000 0.199584 0.000000
vt 0.560000 0.221759 0.000000
vt 0.050000 0.243935 0.000000
vt 0.560000 0.266111 0.000000
vt 0.050000 0.288287 0.000000
vt 0.560000 0.310463 0.000000
vt -0.050000 -0.858120 0.000000
vt -0.560000 -0.892445 0.000000
vt -0.050000 -0.926770 0.000000
vt -0.050000 0.926770 0.000000
vt -0.560000 0.961095 0.000000
vt -0.560000 0.892445 0.000000
vt -0.050000 0.858120 0.000000
vt -0.560000 0.823795 0.000000
vt -0.050000 0.789471 0.000000
vt -0.192862 0.790162 0.000000
vt -0.190913 0.790064 0.000000
vt -0.191941 0.790019 0.000000
vt -0.191051 0.789768 0.000000
vt -0.560000 -0.823795 0.000000
vt -0.050000 -0.789471 0.000000
vt -0.560000 -0.755146 0.000000
vt -0.050000 -0.720821 0.000000
vt -0.560000 -0.686496 0.000000
vt -0.050000 -0.652171 0.000000
vt -0.560000 -0.617847 0.000000
vt -0.050000 -0.583522 0.000000
vt -0.560000 -0.549197 0.000000
vt -0.050000 -0.514872 0.000000
vt -0.560000 -0.480547 0.000000
vt -0.050000 -0.446223 0.000000
vt -0.560000 -0.411898 0.000000
vt -0.050000 -0.377573 0.000000
vt -0.560000 -0.343248 0.000000
vt -0.050000 -0.308923 0.000000
vt -0.560000 -0.274598 0.000000
vt -0.050000 -0.240274 0.000000
vt -0.560000 -0.205949 0.000000
vt -0.050000 -0.171624 0.000000
vt -0.560000 -0.137299 0.000000
vt -0.050000 -0.102974 0.000000
vt -0.560000 -0.068650 0.000000
vt -0.050000 -0.034325 0.000000
vt -0.560000 0.000000 0.000000
vt -0.050000 0.034325 0.000000
vt -0.560000 0.068650 0.000000
vt -0.050000 0.102974 0.000000
vt -0.341757 0.132698 0.000000
vt -0.050000 0.171624 0.000000
vt -0.324026 0.186450 0.000000
vt -0.323803 0.187166 0.000000
vt -0.323578 0.187881 0.000000
vt -0.323353 0.188597 0.000000
vt -0.050000 0.240274 0.000000
vt -0.303316 0.241760 0.000000
vt -0.296257 0.259476 0.000000
vt -0.288940 0.277192 0.000000
vt -0.050000 0.308923 0.000000
vt -0.281390 0.294908 0.000000
vt -0.281114 0.295584 0.000000
vt -0.280837 0.296260 0.000000
vt -0.280560 0.296935 0.000000
vt -0.273013 0.314475 0.000000
vt -0.265292 0.332014 0.000000
vt -0.257421 0.349554 0.000000
vt -0.050000 0.377573 0.000000
vt -0.257223 0.349981 0.000000
vt -0.257025 0.350408 0.000000
vt -0.256826 0.350836 0.000000
vt -0.247993 0.370476 0.000000
vt -0.239059 0.390117 0.000000
vt -0.230065 0.409757 0.000000
vt -0.229871 0.410198 0.000000
vt -0.229677 0.410639 0.000000
vt -0.229484 0.411079 0.000000
vt -0.050000 0.446223 0.000000
vt -0.220865 0.430893 0.000000
vt -0.212269 0.450706 0.000000
vt -0.203735 0.470519 0.000000
vt -0.203575 0.470920 0.000000
vt -0.203414 0.471320 0.000000
vt -0.203254 0.471720 0.000000
vt -0.195801 0.491924 0.000000
vt -0.050000 0.514872 0.000000
vt -0.188489 0.512128 0.000000
vt -0.181353 0.532332 0.000000
vt -0.181221 0.532746 0.000000
vt -0.181089 0.533160 0.000000
vt -0.180957 0.533574 0.000000
vt -0.175897 0.554004 0.000000
vt -0.050000 0.583522 0.000000
vt -0.171057 0.574434 0.000000
vt -0.166459 0.594864 0.000000
vt -0.166378 0.595283 0.000000
vt -0.166298 0.595702 0.000000
vt -0.166217 0.596121 0.000000
vt -0.164391 0.612906 0.000000
vt -0.050000 0.652171 0.000000
vt -0.162717 0.629691 0.000000
vt -0.161199 0.646475 0.000000
vt -0.161170 0.646875 0.000000
vt -0.161141 0.647274 0.000000
vt -0.161112 0.647673 0.000000
vt -0.161107 0.659880 0.000000
vt -0.161168 0.672087 0.000000
vt -0.161295 0.684293 0.000000
vt -0.161306 0.684706 0.000000
vt -0.161317 0.685118 0.000000
vt -0.161329 0.685530 0.000000
vt -0.050000 0.720821 0.000000
vt -0.162974 0.701047 0.000000
vt -0.164678 0.716557 0.000000
vt -0.166436 0.732062 0.000000
vt -0.166503 0.732524 0.000000
vt -0.166571 0.732987 0.000000
vt -0.166639 0.733450 0.000000
vt -0.170042 0.746483 0.000000
vt -0.173411 0.759515 0.000000
vt -0.176739 0.772548 0.000000
vt -0.177350 0.773920 0.000000
vt -0.177787 0.775012 0.000000
vt -0.178224 0.776104 0.000000
vt -0.178660 0.777196 0.000000
vt -0.181312 0.781590 0.000000
vt -0.185853 0.786541 0.000000
vt -0.560000 0.755146 0.000000
vt -0.194586 0.789548 0.000000
vt -0.194389 0.789734 0.000000
vt -0.194164 0.789885 0.000000
vt -0.560000 0.686496 0.000000
vt -0.177992 0.715985 0.000000
vt -0.182299 0.733405 0.000000
vt -0.186575 0.750825 0.000000
vt -0.560000 0.617847 0.000000
vt -0.169729 0.654811 0.000000
vt -0.170377 0.664515 0.000000
vt -0.171057 0.674218 0.000000
vt -0.560000 0.549197 0.000000
vt -0.175022 0.582609 0.000000
vt -0.173459 0.592543 0.000000
vt -0.171951 0.602485 0.000000
vt -0.560000 0.480547 0.000000
vt -0.193533 0.514894 0.000000
vt -0.193405 0.515293 0.000000
vt -0.193277 0.515692 0.000000
vt -0.560000 0.411898 0.000000
vt -0.218711 0.448938 0.000000
vt -0.213291 0.462183 0.000000
vt -0.207909 0.475429 0.000000
vt -0.560000 0.343248 0.000000
vt -0.248798 0.379849 0.000000
vt -0.242524 0.393700 0.000000
vt -0.242401 0.393966 0.000000
vt -0.560000 0.274598 0.000000
vt -0.277051 0.316814 0.000000
vt -0.269326 0.334202 0.000000
vt -0.261463 0.351589 0.000000
vt -0.560000 0.205949 0.000000
vt -0.308079 0.243167 0.000000
vt -0.307862 0.243778 0.000000
vt -0.307645 0.244390 0.000000
vt -0.560000 0.137299 0.000000
vt -0.328462 0.189945 0.000000
vt -0.321981 0.207686 0.000000
vt -0.315178 0.225426 0.000000
vt -0.343021 0.133629 0.000000
vt -0.344219 0.134606 0.000000
vt -0.307428 0.245001 0.000000
vt -0.300311 0.262572 0.000000
vt -0.292941 0.280144 0.000000
vt -0.285344 0.297715 0.000000
vt -0.285101 0.298286 0.000000
vt -0.284857 0.298856 0.000000
vt -0.284612 0.299427 0.000000
vt -0.261214 0.352148 0.000000
vt -0.255033 0.365998 0.000000
vt -0.242279 0.394232 0.000000
vt -0.242156 0.394498 0.000000
vt -0.236269 0.407969 0.000000
vt -0.230375 0.421436 0.000000
vt -0.224486 0.434905 0.000000
vt -0.224377 0.435168 0.000000
vt -0.224269 0.435430 0.000000
vt -0.224160 0.435692 0.000000
vt -0.207793 0.475726 0.000000
vt -0.207677 0.476023 0.000000
vt -0.207561 0.476320 0.000000
vt -0.202925 0.488889 0.000000
vt -0.198342 0.501459 0.000000
vt -0.193821 0.514028 0.000000
vt -0.193725 0.514317 0.000000
vt -0.193629 0.514605 0.000000
vt -0.193148 0.516091 0.000000
vt -0.186941 0.537798 0.000000
vt -0.180981 0.559506 0.000000
vt -0.175301 0.581213 0.000000
vt -0.175208 0.581679 0.000000
vt -0.175115 0.582144 0.000000
vt -0.170501 0.612435 0.000000
vt -0.170464 0.612910 0.000000
vt -0.170427 0.613385 0.000000
vt -0.170390 0.613861 0.000000
vt -0.169891 0.623972 0.000000
vt -0.169443 0.634085 0.000000
vt -0.169048 0.644201 0.000000
vt -0.169069 0.644502 0.000000
vt -0.169091 0.644803 0.000000
vt -0.169113 0.645104 0.000000
vt -0.171099 0.674599 0.000000
vt -0.171142 0.674981 0.000000
vt -0.171184 0.675362 0.000000
vt -0.173216 0.687919 0.000000
vt -0.175274 0.700471 0.000000
vt -0.177354 0.713019 0.000000
vt -0.177436 0.713413 0.000000
vt -0.177519 0.713806 0.000000
vt -0.177602 0.714199 0.000000
vt -0.177732 0.714795 0.000000
vt -0.177862 0.715390 0.000000
vt -0.190804 0.768245 0.000000
vt -0.190991 0.768962 0.000000
vt -0.191179 0.769679 0.000000
vt -0.191366 0.770396 0.000000
vt -0.191463 0.770775 0.000000
vt -0.191560 0.771153 0.000000
vt -0.191656 0.771531 0.000000
vt -0.192766 0.775796 0.000000
vt -0.193869 0.780061 0.000000
vt -0.194967 0.784326 0.000000
vt -0.195071 0.784981 0.000000
vt -0.195176 0.785635 0.000000
vt -0.195281 0.786290 0.000000
vt -0.195286 0.786786 0.000000
vt -0.195290 0.787283 0.000000
vt -0.195295 0.787779 0.000000
vt -0.195222 0.788099 0.000000
vt -0.195150 0.788418 0.000000
vt -0.195077 0.788737 0.000000
vt -0.194758 0.789336 0.000000
vt -0.193919 0.790011 0.000000
vt -0.193387 0.790143 0.000000
vt -0.342949 0.133676 0.000000
vt -0.345420 0.135581 0.000000
vt -0.346602 0.136625 0.000000
vt -0.345401 0.135659 0.000000
vt 41.888789 13.919286 0.000000
vt 41.885747 13.919270 0.000000
vt 41.831059 13.542186 0.000000
vt 41.736598 13.267053 0.000000
vt 43.880675 13.137527 0.000000
vt 43.859326 13.137200 0.000000
vt 43.725896 12.771890 0.000000
vt 43.824653 13.133047 0.000000
vt 43.791709 13.121944 0.000000
vt 43.761945 13.104380 0.000000
vt 43.923376 13.137976 0.000000
vt 43.902025 13.137785 0.000000
vt 43.135692 13.267399 0.000000
vt 43.123570 13.257599 0.000000
vt 43.100401 12.934828 0.000000
vt 43.112484 13.246735 0.000000
vt 43.102533 13.234904 0.000000
vt 42.870077 12.631985 0.000000
vt 44.010840 13.087316 0.000000
vt 44.006783 13.087293 0.000000
vt 43.856181 12.436383 0.000000
vt 44.002727 13.087267 0.000000
vt 43.998670 13.087238 0.000000
vt 43.801090 12.721206 0.000000
vt -45.308560 12.616304 0.000000
vt -45.303543 12.810524 0.000000
vt -45.303778 12.810135 0.000000
vt 43.735153 13.306851 0.000000
vt 43.951940 13.915580 0.000000
vt 43.843106 13.626028 0.000000
vt 43.948612 13.910771 0.000000
vt 43.950811 13.913991 0.000000
vt 43.949702 13.912388 0.000000
vt -41.070283 16.269505 0.000000
vt -41.073698 16.274541 0.000000
vt -40.974727 15.980502 0.000000
vt -40.879771 15.657756 0.000000
vt -45.452808 12.531694 0.000000
vt -45.452978 12.531414 0.000000
vt -45.457130 12.336604 0.000000
vt -45.453147 12.531133 0.000000
vt -45.453316 12.530851 0.000000
vt -43.857759 12.998752 0.000000
vt -43.857985 12.998391 0.000000
vt -43.863524 12.804948 0.000000
vt -28.870446 -7.862590 0.000000
vt -28.871224 -7.863345 0.000000
vt -28.567396 -7.881840 0.000000
vt -43.761648 13.092015 0.000000
vt -43.791416 13.109576 0.000000
vt -43.723260 12.750587 0.000000
vt -43.824363 13.120678 0.000000
vt -43.859035 13.124831 0.000000
vt -43.880552 13.125160 0.000000
vt -43.902071 13.125419 0.000000
vt -43.923590 13.125610 0.000000
vt -42.873459 12.619142 0.000000
vt -43.106061 13.222406 0.000000
vt -43.100970 12.912572 0.000000
vt -43.115859 13.233924 0.000000
vt -43.126738 13.244514 0.000000
vt -43.138604 13.254084 0.000000
vt -44.530397 12.268689 0.000000
vt -44.530581 12.268393 0.000000
vt -44.534209 12.072688 0.000000
vt -44.530765 12.268096 0.000000
vt -44.530948 12.267799 0.000000
vt -40.392980 13.108633 0.000000
vt -40.393202 13.108307 0.000000
vt -40.399512 12.915221 0.000000
vt -43.790118 12.706112 0.000000
vt -43.990537 13.081088 0.000000
vt -43.847930 12.430341 0.000000
vt -43.994523 13.081116 0.000000
vt -43.998509 13.081142 0.000000
vt -44.002495 13.081165 0.000000
vt -42.852485 12.814485 0.000000
vt -43.004636 13.465876 0.000000
vt -42.998802 13.168421 0.000000
vt -43.007756 13.465893 0.000000
vt -43.012209 13.465913 0.000000
vt -43.710572 12.126622 0.000000
vt -43.710953 12.126037 0.000000
vt -43.714947 11.928850 0.000000
vt -43.711330 12.125451 0.000000
vt -43.711704 12.124862 0.000000
vt -34.537639 12.865322 0.000000
vt -34.530547 13.058382 0.000000
vt -34.530772 13.058098 0.000000
vt -44.106557 13.206382 0.000000
vt -44.134978 13.206447 0.000000
vt -44.091712 12.908958 0.000000
vt -44.163399 13.206392 0.000000
vt -44.191819 13.206215 0.000000
vt -44.067839 12.921854 0.000000
vt -44.167910 13.219124 0.000000
vt -44.153956 12.902881 0.000000
vt -44.170377 13.219103 0.000000
vt -44.177384 13.219038 0.000000
vt -44.178355 13.219029 0.000000
vt -44.756120 13.029466 0.000000
vt -44.784565 13.029119 0.000000
vt -44.730673 12.713401 0.000000
vt -44.813009 13.028647 0.000000
vt -44.841450 13.028052 0.000000
vt -43.426852 12.088797 0.000000
vt -43.428253 12.086854 0.000000
vt -43.435156 11.885124 0.000000
vt -43.429620 12.084888 0.000000
vt -43.430952 12.082900 0.000000
vt -26.554363 12.833134 0.000000
vt -26.554849 12.832657 0.000000
vt -26.561653 12.640374 0.000000
vt 28.334828 10.488080 0.000000
vt 28.333817 10.489262 0.000000
vt 28.328313 10.249269 0.000000
vt 33.429431 10.684852 0.000000
vt 33.425239 10.690206 0.000000
vt 33.426183 10.444818 0.000000
vt -43.384118 12.173034 0.000000
vt -43.397915 12.169326 0.000000
vt -43.395388 11.887619 0.000000
vt -43.411250 12.164339 0.000000
vt -43.423997 12.158120 0.000000
vt -45.011011 12.470795 0.000000
vt -45.018773 12.470532 0.000000
vt -45.018843 12.168501 0.000000
vt -45.026534 12.470259 0.000000
vt -45.034295 12.469976 0.000000
vt -45.040546 12.469607 0.000000
vt -45.046775 12.468963 0.000000
vt -45.052970 12.468046 0.000000
vt -45.355342 12.779838 0.000000
vt -45.369591 12.779456 0.000000
vt -45.353949 12.450464 0.000000
vt -45.383840 12.779041 0.000000
vt -45.398088 12.778595 0.000000
vt -44.765561 12.691820 0.000000
vt -44.876410 13.006445 0.000000
vt -44.818442 12.553127 0.000000
vt -44.879262 13.006378 0.000000
vt -44.882114 13.006310 0.000000
vt -44.884966 13.006241 0.000000
vt -43.213836 12.155924 0.000000
vt -43.217285 12.153978 0.000000
vt -43.185070 11.885440 0.000000
vt -43.220680 12.151939 0.000000
vt -43.240373 11.828941 0.000000
vt -43.224018 12.149810 0.000000
vt -42.252009 11.913967 0.000000
vt -42.255079 11.910514 0.000000
vt -42.268515 11.699612 0.000000
vt -42.258034 11.906960 0.000000
vt -42.260868 11.903311 0.000000
vt -42.199347 11.987050 0.000000
vt -42.206227 11.982342 0.000000
vt -42.214873 11.666140 0.000000
vt -42.212801 11.977271 0.000000
vt -42.219049 11.971855 0.000000
vt -20.750944 12.634012 0.000000
vt -20.751467 12.633606 0.000000
vt -20.757809 12.441731 0.000000
vt 23.194899 10.207674 0.000000
vt 23.204297 10.445453 0.000000
vt 23.203310 10.446425 0.000000
vt 38.611770 10.915557 0.000000
vt 38.607968 11.160918 0.000000
vt 38.598935 11.172023 0.000000
vt 43.564581 13.361612 0.000000
vt 43.562555 13.361603 0.000000
vt 43.561829 13.061382 0.000000
vt 43.560529 13.361593 0.000000
vt 43.558503 13.361583 0.000000
vt 43.498026 12.984914 0.000000
vt -44.870549 12.530472 0.000000
vt -44.937231 12.983563 0.000000
vt -44.943508 12.654031 0.000000
vt -44.939295 12.983512 0.000000
vt -44.941358 12.983461 0.000000
vt -44.943421 12.983409 0.000000
vt -44.676290 12.131323 0.000000
vt -44.710945 12.430807 0.000000
vt -44.730968 12.143976 0.000000
vt -44.713444 12.430361 0.000000
vt -44.715933 12.429871 0.000000
vt -44.718413 12.429337 0.000000
vt 12.374658 45.374477 0.000000
vt 12.702715 45.419165 0.000000
vt 12.400223 45.435703 0.000000
vt 12.702637 45.421581 0.000000
vt 12.702557 45.423997 0.000000
vt 12.702476 45.426413 0.000000
vt 42.371837 11.830109 0.000000
vt 42.365778 11.835653 0.000000
vt 42.358904 11.538446 0.000000
vt 42.359384 11.840859 0.000000
vt 42.352678 11.845712 0.000000
vt -42.774996 12.024187 0.000000
vt -42.777832 12.021478 0.000000
vt -42.771250 11.718467 0.000000
vt -42.780591 12.018691 0.000000
vt -42.783272 12.015828 0.000000
vt -42.800078 11.801496 0.000000
vt -43.654591 12.225364 0.000000
vt -43.658405 12.218444 0.000000
vt -43.655840 12.033388 0.000000
vt -43.661808 12.211326 0.000000
vt -43.664788 12.204033 0.000000
vt -43.710857 11.631461 0.000000
vt 15.081444 10.616854 0.000000
vt 15.079461 10.618157 0.000000
vt 15.067647 10.380485 0.000000
vt 42.516352 11.573289 0.000000
vt 42.500770 11.829602 0.000000
vt 42.478258 11.548354 0.000000
vt 42.497660 11.833184 0.000000
vt 42.494431 11.836658 0.000000
vt 42.491086 11.840021 0.000000
vt 44.577870 12.274144 0.000000
vt 44.564881 12.281124 0.000000
vt 44.546421 11.963869 0.000000
vt 44.551212 12.286736 0.000000
vt 44.537011 12.290918 0.000000
vt -12.685229 45.459866 0.000000
vt -12.686183 45.453573 0.000000
vt -12.390552 45.414413 0.000000
vt -12.686850 45.447242 0.000000
vt -12.687229 45.440888 0.000000
vt -12.688039 45.417792 0.000000
vt -12.688275 45.410544 0.000000
vt -12.689316 45.374996 0.000000
vt 44.812567 13.073179 0.000000
vt 44.783241 13.073824 0.000000
vt 44.735802 12.696503 0.000000
vt 44.753912 13.074338 0.000000
vt 44.724581 13.074720 0.000000
vt 44.101226 13.261389 0.000000
vt 44.098745 13.261410 0.000000
vt 44.011600 12.961355 0.000000
vt 44.015009 13.261578 0.000000
vt 44.629943 12.273492 0.000000
vt 44.627118 12.275451 0.000000
vt 44.638780 11.966291 0.000000
vt 44.624244 12.277342 0.000000
vt 44.621324 12.279163 0.000000
vt 44.589942 11.968881 0.000000
vt 31.886381 9.840623 0.000000
vt 31.855078 10.414192 0.000000
vt 31.835985 10.196962 0.000000
vt 31.843790 10.433605 0.000000
vt 45.338941 12.562174 0.000000
vt 45.335965 12.562863 0.000000
vt 45.350127 12.235180 0.000000
vt 45.332974 12.563488 0.000000
vt 45.329970 12.564047 0.000000
vt 45.283557 12.269520 0.000000
vt 45.361939 12.519296 0.000000
vt 45.321660 12.817945 0.000000
vt 45.297442 12.417095 0.000000
vt 45.319170 12.818011 0.000000
vt 45.316681 12.818076 0.000000
vt 45.314192 12.818141 0.000000
vt 45.022960 12.967387 0.000000
vt 45.020631 12.967446 0.000000
vt 45.007445 12.566291 0.000000
vt 45.018302 12.967504 0.000000
vt 45.015973 12.967561 0.000000
vt 44.938637 12.591001 0.000000
vt 44.280844 13.181128 0.000000
vt 44.275459 13.181183 0.000000
vt 44.293077 12.802942 0.000000
vt 44.274468 13.181192 0.000000
vt 44.221816 12.761928 0.000000
vt 44.247458 13.190533 0.000000
vt 44.245123 13.190556 0.000000
vt 44.194865 12.771262 0.000000
vt 44.242787 13.190577 0.000000
vt 44.240452 13.190598 0.000000
vt 44.150609 12.890629 0.000000
vt 18.733601 7.205495 0.000000
vt 18.733699 7.204957 0.000000
vt 18.894358 7.221268 0.000000
vt 19.466114 1.387277 0.000000
vt 19.305323 1.372236 0.000000
vt 19.305336 1.371710 0.000000
vt -15.253805 16.832054 0.000000
vt -15.253555 16.832170 0.000000
vt -15.283709 16.990747 0.000000
vt 19.811766 -4.008564 0.000000
vt 19.811662 -4.009490 0.000000
vt 19.972447 -3.994369 0.000000
vt -18.907838 15.997591 0.000000
vt -18.874614 15.839629 0.000000
vt -18.874381 15.839768 0.000000
vt 20.137230 -7.565954 0.000000
vt 20.137048 -7.566862 0.000000
vt 20.297712 -7.552479 0.000000
vt -24.109195 14.175241 0.000000
vt -24.108983 14.175410 0.000000
vt -24.146840 14.332119 0.000000
vt -36.323309 9.945107 0.000000
vt -36.367035 10.100105 0.000000
vt -36.323498 9.944841 0.000000
vt -36.436351 10.302789 0.000000
vt -28.348245 12.648814 0.000000
vt -28.348051 12.649006 0.000000
vt -28.389232 12.804733 0.000000
vt 7.157024 45.527205 0.000000
vt 7.284251 45.553291 0.000000
vt 7.360011 45.595629 0.000000
vt 21.547714 19.214456 0.000000
vt 21.552916 19.211148 0.000000
vt 21.574276 19.585856 0.000000
vt -34.320506 10.462522 0.000000
vt -34.275490 10.307861 0.000000
vt -34.275077 10.308399 0.000000
vt -44.509631 8.603931 0.000000
vt -44.549314 8.728765 0.000000
vt -44.526903 8.600839 0.000000
vt 7.286392 45.552804 0.000000
vt 7.421841 45.574816 0.000000
vt 7.362153 45.595139 0.000000
vt 30.237371 16.971248 0.000000
vt 30.179825 16.607219 0.000000
vt 30.184739 16.602638 0.000000
vt -41.500393 7.403347 0.000000
vt -41.500232 7.403632 0.000000
vt -41.548868 7.556540 0.000000
vt -41.500070 7.403917 0.000000
vt -41.499908 7.404201 0.000000
vt -44.435912 8.679028 0.000000
vt -44.449285 8.791995 0.000000
vt -44.475441 8.803911 0.000000
vt -44.546745 8.679033 0.000000
vt -44.496928 8.538894 0.000000
vt -44.529473 8.682131 0.000000
vt -44.496722 8.539226 0.000000
vt -44.496516 8.539558 0.000000
vt -44.496309 8.539890 0.000000
vt -44.506605 8.642535 0.000000
vt -44.551019 8.790434 0.000000
vt -44.532772 8.654427 0.000000
vt 7.432021 45.448074 0.000000
vt 7.548759 45.490592 0.000000
vt 7.372356 45.468463 0.000000
vt 37.249136 13.300161 0.000000
vt 37.252373 13.296178 0.000000
vt 37.332916 13.655819 0.000000
vt -45.158583 6.586710 0.000000
vt -45.158360 6.587154 0.000000
vt -45.206276 6.739450 0.000000
vt -45.158136 6.587597 0.000000
vt -45.157911 6.588039 0.000000
vt -44.623729 8.640446 0.000000
vt -44.610016 8.527520 0.000000
vt -44.583125 8.497446 0.000000
vt -44.452355 8.584588 0.000000
vt -44.450166 8.588410 0.000000
vt -44.495312 8.736147 0.000000
vt -44.447923 8.592201 0.000000
vt -44.445627 8.595962 0.000000
vt -44.475850 8.736048 0.000000
vt -44.442825 8.593774 0.000000
vt -44.449032 8.705910 0.000000
vt -44.442431 8.594402 0.000000
vt -44.442036 8.595028 0.000000
vt -44.441639 8.595654 0.000000
vt -44.572290 8.711717 0.000000
vt -44.606320 8.737082 0.000000
vt -44.561777 8.589221 0.000000
vt -44.718047 8.690868 0.000000
vt -44.759857 8.643020 0.000000
vt -44.719656 8.525464 0.000000
vt 7.375813 45.574380 0.000000
vt 7.552224 45.596444 0.000000
vt 7.734139 45.662776 0.000000
vt 41.724997 10.484991 0.000000
vt 41.725664 10.484022 0.000000
vt 41.826845 10.833561 0.000000
vt 41.726327 10.483051 0.000000
vt 41.726987 10.482078 0.000000
vt 6.998226 45.389316 0.000000
vt 6.998816 45.389014 0.000000
vt 7.150168 45.435983 0.000000
vt 6.999406 45.388711 0.000000
vt 6.999995 45.388407 0.000000
vt -44.648291 8.548342 0.000000
vt -44.681052 8.580412 0.000000
vt -44.640300 8.437454 0.000000
vt 6.987888 44.958620 0.000000
vt 7.003093 44.949129 0.000000
vt 7.097811 44.969922 0.000000
vt 7.017737 44.938776 0.000000
vt 7.031769 44.927595 0.000000
vt -44.718927 8.690283 0.000000
vt -44.720534 8.524879 0.000000
vt -44.686458 8.499575 0.000000
vt -44.798852 8.523713 0.000000
vt -44.787870 8.401258 0.000000
vt -44.755048 8.369252 0.000000
vt -44.693970 8.799379 0.000000
vt -44.675295 8.632067 0.000000
vt -44.633427 8.679864 0.000000
vt 7.545901 45.600302 0.000000
vt 7.712760 45.622659 0.000000
vt 7.727808 45.666656 0.000000
vt 37.954806 12.815611 0.000000
vt 37.898564 12.703706 0.000000
vt 37.898607 12.450846 0.000000
vt 40.870876 11.083298 0.000000
vt 40.871755 11.082081 0.000000
vt 40.918664 11.426717 0.000000
vt 40.970387 11.431574 0.000000
vt 44.499438 8.545892 0.000000
vt 44.507666 8.535228 0.000000
vt 44.586906 8.853647 0.000000
vt 44.515424 8.524229 0.000000
vt 44.522698 8.512915 0.000000
vt 7.044414 45.065319 0.000000
vt 7.044878 45.064925 0.000000
vt 7.110561 45.107483 0.000000
vt 7.045342 45.064529 0.000000
vt 7.045804 45.064133 0.000000
vt 7.221169 45.118697 0.000000
vt -44.955144 8.486223 0.000000
vt -44.921957 8.295638 0.000000
vt -44.895472 8.311779 0.000000
vt -44.953068 8.344300 0.000000
vt -44.979536 8.328131 0.000000
vt -44.935208 8.173819 0.000000
vt -44.849508 8.451018 0.000000
vt -44.891218 8.644465 0.000000
vt -44.910403 8.570354 0.000000
vt 7.720854 45.627306 0.000000
vt 7.916752 45.666006 0.000000
vt 7.735944 45.671288 0.000000
vt 40.429253 11.072771 0.000000
vt 40.400068 10.775484 0.000000
vt 40.458465 10.886280 0.000000
vt 40.990053 11.560332 0.000000
vt 40.931287 11.302720 0.000000
vt 40.983011 11.307570 0.000000
vt -7.049963 45.393187 0.000000
vt -7.049591 45.393471 0.000000
vt -7.407963 45.450611 0.000000
vt -7.049219 45.393755 0.000000
vt -7.048847 45.394038 0.000000
vt -7.353952 45.490342 0.000000
vt 7.223259 45.166668 0.000000
vt 7.047872 45.112173 0.000000
vt 7.207768 45.137337 0.000000
vt 7.048177 45.111911 0.000000
vt 7.048481 45.111648 0.000000
vt 7.048785 45.111385 0.000000
vt -45.120126 8.245562 0.000000
vt -45.174412 8.243976 0.000000
vt -45.114051 8.069770 0.000000
vt 7.218744 45.167721 0.000000
vt 7.404376 45.218383 0.000000
vt 7.234299 45.197018 0.000000
vt -45.078293 8.256721 0.000000
vt -45.074081 8.448108 0.000000
vt -45.120651 8.450026 0.000000
vt -44.671321 8.716468 0.000000
vt -44.726058 8.838940 0.000000
vt -44.690708 8.642410 0.000000
vt 7.916747 45.667231 0.000000
vt 8.084108 45.733171 0.000000
vt 7.735939 45.672514 0.000000
vt 45.147472 8.640365 0.000000
vt 45.065602 8.461673 0.000000
vt 45.105013 8.344681 0.000000
vt 39.446930 11.364826 0.000000
vt 39.375867 11.200023 0.000000
vt 39.406402 11.013744 0.000000
vt -7.730452 45.340040 0.000000
vt -7.359819 45.301167 0.000000
vt -7.612801 45.377437 0.000000
vt -7.415348 45.386946 0.000000
vt -7.361379 45.426735 0.000000
vt -7.732024 45.465486 0.000000
vt -7.088210 45.417590 0.000000
vt -7.077185 45.428630 0.000000
vt -7.411495 45.506226 0.000000
vt -7.065598 45.439077 0.000000
vt -7.053479 45.448903 0.000000
vt 7.054944 45.336869 0.000000
vt 7.064366 45.328326 0.000000
vt 7.213951 45.362666 0.000000
vt 7.073420 45.319394 0.000000
vt 7.082091 45.310089 0.000000
vt -45.168529 8.379737 0.000000
vt -45.172443 8.188343 0.000000
vt -45.118157 8.189927 0.000000
vt 7.366854 45.368096 0.000000
vt 7.592919 45.424141 0.000000
vt 7.417231 45.415563 0.000000
vt 7.224627 45.324481 0.000000
vt 7.359995 45.327408 0.000000
vt 7.410316 45.374934 0.000000
vt -45.080112 8.314971 0.000000
vt -45.129288 8.506353 0.000000
vt -45.126682 8.316885 0.000000
vt -45.067886 8.349799 0.000000
vt -45.070357 8.539268 0.000000
vt -45.123185 8.472018 0.000000
vt 7.916944 45.670235 0.000000
vt 8.106793 45.673961 0.000000
vt 8.084307 45.736169 0.000000
vt -8.100025 45.510826 0.000000
vt -7.743430 45.467817 0.000000
vt -7.921059 45.551966 0.000000
vt 41.084851 10.409152 0.000000
vt 41.059144 10.105653 0.000000
vt 41.131865 10.269731 0.000000
vt -7.771389 45.476338 0.000000
vt -7.425404 45.468415 0.000000
vt -7.742135 45.546735 0.000000
vt -7.098770 45.311555 0.000000
vt -7.098489 45.311857 0.000000
vt -7.459615 45.351529 0.000000
vt -7.098209 45.312159 0.000000
vt -7.097927 45.312461 0.000000
vt -7.421173 45.401239 0.000000
vt -7.122516 45.224598 0.000000
vt -7.115213 45.234378 0.000000
vt -7.460257 45.293005 0.000000
vt -7.107509 45.243846 0.000000
vt -7.099417 45.252983 0.000000
vt 7.225268 45.453174 0.000000
vt 7.093350 45.400743 0.000000
vt 7.360636 45.456090 0.000000
vt 7.093604 45.400456 0.000000
vt 7.093858 45.400168 0.000000
vt 7.094112 45.399880 0.000000
vt 7.795405 45.453594 0.000000
vt 7.791264 45.515610 0.000000
vt 7.602043 45.463068 0.000000
vt 7.371690 45.459626 0.000000
vt 7.570115 45.461814 0.000000
vt 7.597789 45.515528 0.000000
vt -45.386369 8.258901 0.000000
vt -45.449001 8.228305 0.000000
vt -45.398960 8.037148 0.000000
vt -44.976177 8.517177 0.000000
vt -45.030599 8.639859 0.000000
vt -45.029073 8.449979 0.000000
vt 8.107184 45.659740 0.000000
vt 8.291718 45.689255 0.000000
vt 8.084734 45.721961 0.000000
vt -8.101640 45.613544 0.000000
vt -8.025026 45.543751 0.000000
vt -7.745031 45.570648 0.000000
vt 45.422371 8.582674 0.000000
vt 45.344083 8.458795 0.000000
vt 45.386725 8.280181 0.000000
vt 40.544150 10.554047 0.000000
vt 40.476822 10.343261 0.000000
vt 40.524277 10.203989 0.000000
vt -7.463958 45.390028 0.000000
vt -7.425475 45.439706 0.000000
vt -7.771460 45.447634 0.000000
vt -8.024972 45.536088 0.000000
vt -7.774273 45.492610 0.000000
vt -7.744978 45.562990 0.000000
vt 44.928541 6.531205 0.000000
vt 44.928866 6.530972 0.000000
vt 44.944764 6.872641 0.000000
vt 44.929191 6.530738 0.000000
vt 44.929516 6.530504 0.000000
vt 45.002978 6.867182 0.000000
vt 7.098640 45.402985 0.000000
vt 7.104913 45.395554 0.000000
vt 7.365170 45.459164 0.000000
vt 7.110939 45.387919 0.000000
vt 7.116709 45.380090 0.000000
vt 8.015914 45.493433 0.000000
vt 7.794096 45.504821 0.000000
vt 7.798174 45.442801 0.000000
vt 7.601615 45.518031 0.000000
vt 7.573925 45.464325 0.000000
vt 7.794977 45.508570 0.000000
vt 7.570291 45.447679 0.000000
vt 7.371866 45.445491 0.000000
vt 7.314281 45.397687 0.000000
vt -45.419896 8.430911 0.000000
vt -45.422277 8.198239 0.000000
vt -45.359633 8.228810 0.000000
vt -45.262845 8.275767 0.000000
vt -45.260058 8.508435 0.000000
vt -45.317604 8.398300 0.000000
vt -45.306414 8.509041 0.000000
vt -45.392401 8.583573 0.000000
vt -45.363909 8.398879 0.000000
vt 8.085155 45.666460 0.000000
vt 8.292132 45.633714 0.000000
vt 8.434117 45.700532 0.000000
vt -8.340873 45.523430 0.000000
vt -8.025360 45.519183 0.000000
vt -8.101934 45.589021 0.000000
vt 45.383422 8.740552 0.000000
vt 45.357144 8.442563 0.000000
vt 45.435457 8.566427 0.000000
vt 40.120033 10.816713 0.000000
vt 40.107510 10.527400 0.000000
vt 40.174459 10.738307 0.000000
vt 45.025581 7.343689 0.000000
vt 45.034772 6.996866 0.000000
vt 45.096135 7.303640 0.000000
vt 45.095389 7.674020 0.000000
vt 45.010028 7.797251 0.000000
vt 45.049460 7.423757 0.000000
vt 44.954465 6.990436 0.000000
vt 45.012679 6.984984 0.000000
vt 45.003574 7.331809 0.000000
vt 44.781426 6.502964 0.000000
vt 44.796421 6.495209 0.000000
vt 44.841592 6.818627 0.000000
vt 44.810933 6.486616 0.000000
vt 44.824917 6.477213 0.000000
vt 7.363609 45.465787 0.000000
vt 7.115147 45.386716 0.000000
vt 7.306014 45.417996 0.000000
vt 7.115322 45.386470 0.000000
vt 7.115497 45.386224 0.000000
vt 7.115672 45.385977 0.000000
vt 8.022339 45.469031 0.000000
vt 8.016035 45.545565 0.000000
vt 7.798281 45.494993 0.000000
vt -45.351276 7.319216 0.000000
vt -45.322788 7.512125 0.000000
vt -45.396919 7.539984 0.000000
vt 7.518734 45.227767 0.000000
vt 7.573855 45.276856 0.000000
vt 7.317879 45.226691 0.000000
vt 8.014770 45.536804 0.000000
vt 8.243930 45.513136 0.000000
vt 8.216644 45.597822 0.000000
vt -45.277226 8.849486 0.000000
vt -45.322660 8.692833 0.000000
vt -45.236735 8.618231 0.000000
vt 8.291650 45.669902 0.000000
vt 8.533398 45.696187 0.000000
vt 8.433662 45.736663 0.000000
vt 45.084789 7.970481 0.000000
vt 44.992556 7.778257 0.000000
vt 45.077900 7.655014 0.000000
vt 45.590371 8.217289 0.000000
vt 45.496019 8.158793 0.000000
vt 45.560736 7.919616 0.000000
vt -8.512006 45.603898 0.000000
vt -8.398111 45.527459 0.000000
vt -8.223575 45.578095 0.000000
vt 39.669124 10.866024 0.000000
vt 39.626795 10.578028 0.000000
vt 39.681394 10.499743 0.000000
vt 45.132440 7.856140 0.000000
vt 45.101660 7.522680 0.000000
vt 45.172245 7.482686 0.000000
vt 44.260952 7.174433 0.000000
vt 44.284631 6.856393 0.000000
vt 44.335558 7.197500 0.000000
vt 44.094623 6.372336 0.000000
vt 44.095009 6.372155 0.000000
vt 44.090605 6.686601 0.000000
vt 44.095395 6.371973 0.000000
vt 44.095781 6.371791 0.000000
vt 44.157876 6.687080 0.000000
vt -45.122516 6.585855 0.000000
vt -45.114154 6.591561 0.000000
vt -45.157019 6.775762 0.000000
vt -45.105600 6.596974 0.000000
vt -45.096864 6.602087 0.000000
vt 8.244749 45.523471 0.000000
vt 8.015589 45.547137 0.000000
vt 8.021904 45.470604 0.000000
vt -45.355386 7.800493 0.000000
vt -45.380337 7.576320 0.000000
vt -45.306198 7.548483 0.000000
vt -45.233743 7.421684 0.000000
vt -45.261909 7.228727 0.000000
vt -45.212310 7.174064 0.000000
vt -45.044290 6.963406 0.000000
vt -45.040728 6.762581 0.000000
vt -44.998094 6.786427 0.000000
vt 8.244999 45.531058 0.000000
vt 8.462283 45.581127 0.000000
vt 8.217649 45.615723 0.000000
vt -45.481106 8.626639 0.000000
vt -45.436038 8.783398 0.000000
vt -45.505685 8.868567 0.000000
vt 8.218060 45.535088 0.000000
vt 8.462686 45.500431 0.000000
vt 8.448988 45.577405 0.000000
vt -45.567097 7.965017 0.000000
vt -45.527439 8.065081 0.000000
vt -45.576773 8.331375 0.000000
vt 45.186916 7.959552 0.000000
vt 45.100041 8.097504 0.000000
vt 45.094861 7.767244 0.000000
vt -8.634570 45.571319 0.000000
vt -8.333298 45.513191 0.000000
vt -8.392382 45.607175 0.000000
vt 45.272185 9.336220 0.000000
vt 45.232745 9.028181 0.000000
vt 45.307929 9.142908 0.000000
vt 42.728125 9.774963 0.000000
vt 42.767807 9.582420 0.000000
vt 42.813860 9.869844 0.000000
vt 44.221897 7.730442 0.000000
vt 44.122751 7.723716 0.000000
vt 44.189509 7.397134 0.000000
vt 44.089737 6.813421 0.000000
vt 44.157009 6.813899 0.000000
vt 44.133564 7.131957 0.000000
vt 44.196531 7.750693 0.000000
vt 44.188760 7.401088 0.000000
vt 44.263375 7.424129 0.000000
vt 43.731066 6.303474 0.000000
vt 43.751375 6.297962 0.000000
vt 43.787079 6.597186 0.000000
vt 43.771213 6.291097 0.000000
vt 43.790484 6.282914 0.000000
vt -45.024737 6.719939 0.000000
vt -44.964168 6.546407 0.000000
vt -44.982108 6.743796 0.000000
vt -44.963752 6.546640 0.000000
vt -44.963336 6.546872 0.000000
vt -44.962919 6.547103 0.000000
vt -44.450964 6.328244 0.000000
vt -44.442068 6.332930 0.000000
vt -44.471360 6.524814 0.000000
vt -44.433018 6.337313 0.000000
vt -44.423825 6.341387 0.000000
vt -45.273996 8.149413 0.000000
vt -45.361918 8.115299 0.000000
vt -45.308190 7.892660 0.000000
vt -44.751769 7.720301 0.000000
vt -44.834530 7.711547 0.000000
vt -44.784232 7.459756 0.000000
vt -44.642530 7.193837 0.000000
vt -44.619527 6.946358 0.000000
vt -44.574752 6.987370 0.000000
vt -44.519932 6.905030 0.000000
vt -44.564689 6.863999 0.000000
vt -44.517563 6.687265 0.000000
vt 8.533924 45.503837 0.000000
vt 8.462694 45.587121 0.000000
vt 8.245407 45.537061 0.000000
vt -45.300856 8.985599 0.000000
vt -45.335153 9.216478 0.000000
vt -45.370298 9.070936 0.000000
vt 8.454190 45.538693 0.000000
vt 8.641604 45.586950 0.000000
vt 8.440308 45.615635 0.000000
vt 8.516673 45.720047 0.000000
vt 8.662672 45.686850 0.000000
vt 8.783494 45.766445 0.000000
vt 44.760897 7.840362 0.000000
vt 44.685507 7.612173 0.000000
vt 44.771757 7.473830 0.000000
vt 44.171058 7.822859 0.000000
vt 44.068056 7.836446 0.000000
vt 44.163708 7.492640 0.000000
vt 45.466863 8.239048 0.000000
vt 45.391441 8.304750 0.000000
vt 45.405878 7.938341 0.000000
vt -8.702193 45.699797 0.000000
vt -8.636884 45.620520 0.000000
vt -8.394693 45.656350 0.000000
vt 42.579751 10.229372 0.000000
vt 42.549387 9.963104 0.000000
vt 42.635046 10.058053 0.000000
vt 44.139432 7.873950 0.000000
vt 44.136070 7.523449 0.000000
vt 44.235216 7.530181 0.000000
vt 43.225074 7.087828 0.000000
vt 43.255287 6.766886 0.000000
vt 43.300329 7.085252 0.000000
vt 43.209197 7.649177 0.000000
vt 43.135164 7.587109 0.000000
vt 43.200422 7.299596 0.000000
vt 42.956470 6.287813 0.000000
vt 42.956893 6.287717 0.000000
vt 42.940912 6.601473 0.000000
vt 42.957316 6.287620 0.000000
vt 42.957740 6.287523 0.000000
vt 43.014902 6.581012 0.000000
vt -44.110674 6.490871 0.000000
vt -44.062589 6.307587 0.000000
vt -44.063357 6.484875 0.000000
vt -44.062151 6.307770 0.000000
vt -44.061713 6.307953 0.000000
vt -44.061274 6.308135 0.000000
vt -45.248595 8.128810 0.000000
vt -45.279470 7.840032 0.000000
vt -45.191581 7.874230 0.000000
vt -44.800478 7.962879 0.000000
vt -44.833981 7.706035 0.000000
vt -44.751220 7.714790 0.000000
vt -44.304713 7.570325 0.000000
vt -44.336634 7.309713 0.000000
vt -44.258535 7.324181 0.000000
vt -44.241994 7.228177 0.000000
vt -44.320092 7.213703 0.000000
vt -44.251890 7.007376 0.000000
vt -44.105249 6.775814 0.000000
vt -44.102219 6.558057 0.000000
vt -44.054901 6.552064 0.000000
vt 8.752065 45.522742 0.000000
vt 8.455477 45.540884 0.000000
vt 8.526637 45.457539 0.000000
vt 8.441936 45.523245 0.000000
vt 8.643223 45.494497 0.000000
vt 8.672403 45.560208 0.000000
vt 8.456815 45.580763 0.000000
vt 8.753404 45.562628 0.000000
vt 8.644244 45.628961 0.000000
vt 8.674694 45.700797 0.000000
vt 8.877409 45.663339 0.000000
vt 8.795558 45.780328 0.000000
vt 44.857335 7.886315 0.000000
vt 44.847216 7.643875 0.000000
vt 44.922148 7.872214 0.000000
vt 44.058274 7.602443 0.000000
vt 44.004120 7.305346 0.000000
vt 44.107116 7.291711 0.000000
vt 45.494173 8.627583 0.000000
vt 45.437494 8.419886 0.000000
vt 45.512990 8.354269 0.000000
vt -8.945468 45.661213 0.000000
vt -8.641640 45.615403 0.000000
vt -8.706946 45.694683 0.000000
vt 45.189308 9.247478 0.000000
vt 45.224666 9.009229 0.000000
vt 45.258945 9.275021 0.000000
vt 37.653849 9.015489 0.000000
vt 37.710730 8.844690 0.000000
vt 37.717379 9.211259 0.000000
vt 42.631801 7.616426 0.000000
vt 42.510664 7.572379 0.000000
vt 42.626197 7.265954 0.000000
vt 42.975293 6.734897 0.000000
vt 43.049286 6.714446 0.000000
vt 43.019315 7.035411 0.000000
vt 43.243350 7.623472 0.000000
vt 43.233429 7.338549 0.000000
vt 43.308684 7.335976 0.000000
vt 43.141111 7.902362 0.000000
vt 43.183233 7.534092 0.000000
vt 43.257257 7.596169 0.000000
vt 42.486122 6.204256 0.000000
vt 42.507616 6.202992 0.000000
vt 42.534946 6.510024 0.000000
vt 42.528936 6.200349 0.000000
vt 42.549981 6.196338 0.000000
vt -43.407191 6.132473 0.000000
vt -43.386128 6.140194 0.000000
vt -43.410022 6.309204 0.000000
vt -43.364494 6.146399 0.000000
vt -43.342406 6.151052 0.000000
vt -44.987755 8.137651 0.000000
vt -45.083950 8.072692 0.000000
vt -45.026389 7.818236 0.000000
vt -44.062023 8.015049 0.000000
vt -44.158864 7.996499 0.000000
vt -44.109059 7.748519 0.000000
vt -43.337044 7.628863 0.000000
vt -43.429261 7.617082 0.000000
vt -43.382394 7.371069 0.000000
vt -43.596079 7.062624 0.000000
vt -43.605289 6.841793 0.000000
vt -43.541388 6.795014 0.000000
vt -43.603199 6.720661 0.000000
vt -43.667086 6.767458 0.000000
vt -43.616170 6.543837 0.000000
vt 8.861570 45.305487 0.000000
vt 8.755808 45.397176 0.000000
vt 8.530429 45.331802 0.000000
vt -45.460713 8.919824 0.000000
vt -45.487419 9.151981 0.000000
vt -45.526196 8.949514 0.000000
vt 8.758132 45.493385 0.000000
vt 8.881031 45.587877 0.000000
vt 8.649034 45.559819 0.000000
vt -45.506361 8.799558 0.000000
vt -45.535417 9.061679 0.000000
vt -45.623558 8.718002 0.000000
vt 44.260282 7.616280 0.000000
vt 44.199282 7.684580 0.000000
vt 44.248535 7.373913 0.000000
vt 44.985847 8.224616 0.000000
vt 44.924750 8.463395 0.000000
vt 44.921024 8.238670 0.000000
vt 42.664500 7.459123 0.000000
vt 42.596881 7.631011 0.000000
vt 42.607485 7.162562 0.000000
vt 44.278907 8.572286 0.000000
vt 44.229825 8.770267 0.000000
vt 44.220309 8.365122 0.000000
vt -8.945385 45.664473 0.000000
vt -8.914752 45.598194 0.000000
vt -8.641557 45.618666 0.000000
vt 45.427274 9.045723 0.000000
vt 45.382979 8.751478 0.000000
vt 45.452624 8.779002 0.000000
vt -45.734015 8.768170 0.000000
vt -45.645718 9.111806 0.000000
vt -45.740109 9.134748 0.000000
vt 41.921243 8.111825 0.000000
vt 41.942834 7.844773 0.000000
vt 42.005266 8.040896 0.000000
vt 42.817109 7.208112 0.000000
vt 42.770947 6.888524 0.000000
vt 42.892025 6.932733 0.000000
vt 42.082625 6.206943 0.000000
vt 42.083056 6.206933 0.000000
vt 42.059923 6.443371 0.000000
vt 42.083487 6.206922 0.000000
vt 42.083918 6.206911 0.000000
vt 42.133200 6.512606 0.000000
vt 41.618339 6.105708 0.000000
vt 41.639754 6.108550 0.000000
vt 41.660488 6.346714 0.000000
vt 41.661295 6.110068 0.000000
vt 41.682864 6.110254 0.000000
vt -43.057823 6.385881 0.000000
vt -42.989917 6.227854 0.000000
vt -43.045327 6.562739 0.000000
vt -42.989504 6.227925 0.000000
vt -42.989091 6.227995 0.000000
vt -42.988677 6.228065 0.000000
vt -44.955186 8.170568 0.000000
vt -44.976679 7.839079 0.000000
vt -44.880571 7.904165 0.000000
vt -44.001778 7.635261 0.000000
vt -44.037685 7.315528 0.000000
vt -43.940855 7.334134 0.000000
vt -43.374490 7.817544 0.000000
vt -43.421072 7.550934 0.000000
vt -43.328855 7.562717 0.000000
vt -43.060690 7.551824 0.000000
vt -43.105875 7.294001 0.000000
vt -43.027065 7.287054 0.000000
vt -43.045548 7.075354 0.000000
vt -43.124358 7.082305 0.000000
vt -43.069175 6.814797 0.000000
vt 9.058982 45.581046 0.000000
vt 8.754636 45.570215 0.000000
vt 8.860657 45.478827 0.000000
vt 9.059112 45.581222 0.000000
vt 8.877800 45.664707 0.000000
vt 8.754765 45.570392 0.000000
vt -45.415579 8.794746 0.000000
vt -45.331978 8.976005 0.000000
vt -45.444722 9.056858 0.000000
vt 44.665184 8.375537 0.000000
vt 44.599761 8.218912 0.000000
vt 44.660993 8.150820 0.000000
vt 45.511382 9.024631 0.000000
vt 45.442000 8.857873 0.000000
vt 45.504409 8.619434 0.000000
vt 44.706646 8.662076 0.000000
vt 44.709280 9.058947 0.000000
vt 44.637601 8.833395 0.000000
vt 43.909072 8.009290 0.000000
vt 43.846500 7.815777 0.000000
vt 43.923377 7.540940 0.000000
vt 45.613144 9.223806 0.000000
vt 45.535623 9.123307 0.000000
vt 45.584826 8.925355 0.000000
vt 45.636925 8.967558 0.000000
vt 45.598852 9.235476 0.000000
vt 45.570603 8.937019 0.000000
vt 45.518086 9.060830 0.000000
vt 45.555224 8.792781 0.000000
vt 45.599072 9.087092 0.000000
vt 9.044115 45.667209 0.000000
vt 9.375025 45.698785 0.000000
vt 9.067282 45.761544 0.000000
vt 42.062618 8.531346 0.000000
vt 42.014606 8.237621 0.000000
vt 42.098650 8.166717 0.000000
vt 41.550381 6.107994 0.000000
vt 41.550856 6.108074 0.000000
vt 41.527755 6.311546 0.000000
vt 41.551331 6.108152 0.000000
vt 41.551806 6.108231 0.000000
vt 41.594010 6.349227 0.000000
vt -42.905631 6.560168 0.000000
vt -42.848771 6.225529 0.000000
vt -42.845995 6.534391 0.000000
vt -42.848471 6.225579 0.000000
vt -42.848171 6.225629 0.000000
vt -42.847871 6.225678 0.000000
vt -42.524505 6.165433 0.000000
vt -42.511282 6.167320 0.000000
vt -42.523052 6.474148 0.000000
vt -42.497973 6.168674 0.000000
vt -42.484602 6.169494 0.000000
vt -44.134559 8.202080 0.000000
vt -44.248361 8.091792 0.000000
vt -44.171988 7.825888 0.000000
vt -43.357438 7.607196 0.000000
vt -43.463488 7.600924 0.000000
vt -43.401536 7.300008 0.000000
vt -42.477381 7.899134 0.000000
vt -42.587609 7.891451 0.000000
vt -42.541560 7.636699 0.000000
vt -42.137345 7.595980 0.000000
vt -42.237249 7.589563 0.000000
vt -42.203195 7.324848 0.000000
vt -42.817478 6.754859 0.000000
vt -42.757834 6.729102 0.000000
vt -42.794075 7.015437 0.000000
vt -45.383444 9.207851 0.000000
vt -45.479593 9.067326 0.000000
vt -45.377160 8.869111 0.000000
vt -45.458805 8.836586 0.000000
vt -45.482448 9.188226 0.000000
vt -45.571458 8.917566 0.000000
vt 43.339322 8.753290 0.000000
vt 43.276523 8.993823 0.000000
vt 43.273205 8.596957 0.000000
vt 44.904835 9.037161 0.000000
vt 44.974396 9.203844 0.000000
vt 44.909492 9.259009 0.000000
vt 43.382066 9.510421 0.000000
vt 43.305474 9.712133 0.000000
vt 43.310553 9.284817 0.000000
vt 41.601490 8.607803 0.000000
vt 41.614003 8.212246 0.000000
vt 41.678193 8.405229 0.000000
vt 45.430834 9.669346 0.000000
vt 45.405182 9.312573 0.000000
vt 45.482470 9.413251 0.000000
vt -9.428179 45.554882 0.000000
vt -9.129728 45.519381 0.000000
vt -9.156324 45.600259 0.000000
vt -45.258437 8.601941 0.000000
vt -45.170625 8.872992 0.000000
vt -45.293601 8.932488 0.000000
vt 9.780199 45.399407 0.000000
vt 9.041772 45.390647 0.000000
vt 9.349448 45.327561 0.000000
vt 45.126361 8.792432 0.000000
vt 45.041434 8.770309 0.000000
vt 45.083461 8.497917 0.000000
vt 35.667536 7.595507 0.000000
vt 35.581376 7.224447 0.000000
vt 35.610700 6.859218 0.000000
vt 41.194162 6.017873 0.000000
vt 41.214621 6.024587 0.000000
vt 41.234249 6.237828 0.000000
vt 41.235490 6.030055 0.000000
vt 41.256677 6.034254 0.000000
vt -42.242745 6.463648 0.000000
vt -42.203957 6.159037 0.000000
vt -42.184410 6.457332 0.000000
vt -42.203638 6.159050 0.000000
vt -42.203320 6.159062 0.000000
vt -42.203001 6.159075 0.000000
vt -42.014708 6.117374 0.000000
vt -42.000414 6.117618 0.000000
vt -41.996328 6.415645 0.000000
vt -41.986108 6.117266 0.000000
vt -41.971818 6.116319 0.000000
vt -44.921874 9.245717 0.000000
vt -44.915812 8.906973 0.000000
vt -44.801752 9.016995 0.000000
vt -43.425530 7.938463 0.000000
vt -43.461317 7.562111 0.000000
vt -43.355267 7.568384 0.000000
vt -42.482886 7.278346 0.000000
vt -42.525548 6.970956 0.000000
vt -42.415321 6.978661 0.000000
vt -42.169976 7.800846 0.000000
vt -42.234018 7.538378 0.000000
vt -42.134114 7.544796 0.000000
vt -42.243970 7.337633 0.000000
vt -42.162097 7.333827 0.000000
vt -42.178102 7.608761 0.000000
vt -42.222081 6.729015 0.000000
vt -42.176919 7.011481 0.000000
vt -42.258791 7.015290 0.000000
vt 9.348935 45.601558 0.000000
vt 8.997208 45.579233 0.000000
vt 9.137990 45.483460 0.000000
vt 44.524658 9.311317 0.000000
vt 44.587414 9.070772 0.000000
vt 44.591937 9.292622 0.000000
vt 45.145264 9.460475 0.000000
vt 45.210094 9.405224 0.000000
vt 45.153955 9.700425 0.000000
vt 44.485532 9.723215 0.000000
vt 44.486361 10.140322 0.000000
vt 44.409804 9.925252 0.000000
vt 43.848313 9.669438 0.000000
vt 43.776153 9.444669 0.000000
vt 43.852914 9.242117 0.000000
vt 43.283384 8.564104 0.000000
vt 43.360037 8.405229 0.000000
vt 43.346275 8.800744 0.000000
vt 45.375774 9.336714 0.000000
vt 45.401251 9.693499 0.000000
vt 45.320262 9.632034 0.000000
vt -9.377718 45.587910 0.000000
vt -9.121279 45.637801 0.000000
vt -9.419734 45.673264 0.000000
vt -45.221920 8.786916 0.000000
vt -45.302530 9.068225 0.000000
vt -45.344851 8.846503 0.000000
vt -45.151780 8.931142 0.000000
vt -45.271970 9.138934 0.000000
vt -45.193589 8.709323 0.000000
vt 45.156610 8.681067 0.000000
vt 45.116201 8.945358 0.000000
vt 45.071692 8.658910 0.000000
vt 42.111318 7.217065 0.000000
vt 42.143948 6.951701 0.000000
vt 42.218685 7.325228 0.000000
vt 40.875554 6.035088 0.000000
vt 40.875997 6.035249 0.000000
vt 40.851298 6.382981 0.000000
vt 40.876440 6.035409 0.000000
vt 40.876883 6.035569 0.000000
vt 40.917192 6.255483 0.000000
vt -42.169294 7.009339 0.000000
vt -42.214450 6.726872 0.000000
vt -42.156114 6.720563 0.000000
vt -41.970540 6.413787 0.000000
vt -41.946001 6.114463 0.000000
vt -41.923111 6.360281 0.000000
vt -41.945718 6.114439 0.000000
vt -41.945436 6.114414 0.000000
vt -41.945153 6.114389 0.000000
vt -44.595953 9.514223 0.000000
vt -44.693872 9.383744 0.000000
vt -44.573855 9.154967 0.000000
vt -43.237079 7.859425 0.000000
vt -43.352302 7.934982 0.000000
vt -43.281885 7.564932 0.000000
vt -41.806636 7.293935 0.000000
vt -41.928480 7.298056 0.000000
vt -41.860132 6.998548 0.000000
vt -41.261865 7.877197 0.000000
vt -41.388596 7.862252 0.000000
vt -41.352428 7.606244 0.000000
vt -41.284018 7.334352 0.000000
vt -41.193527 7.617339 0.000000
vt -41.300365 7.609266 0.000000
vt 9.497471 45.494906 0.000000
vt 9.345091 45.608093 0.000000
vt 9.134146 45.489995 0.000000
vt 44.699947 9.643749 0.000000
vt 44.707735 9.883729 0.000000
vt 44.632677 9.662475 0.000000
vt 44.661909 9.912811 0.000000
vt 44.588048 10.108639 0.000000
vt 44.586924 9.691532 0.000000
vt 43.969492 10.467740 0.000000
vt 43.887677 10.688790 0.000000
vt 43.893701 10.252398 0.000000
vt 43.065567 10.151915 0.000000
vt 43.076341 9.745599 0.000000
vt 43.148071 9.970505 0.000000
vt 41.464767 9.417090 0.000000
vt 41.484868 8.993512 0.000000
vt 41.548053 9.230074 0.000000
vt 45.308271 9.868179 0.000000
vt 45.239762 10.158032 0.000000
vt 45.227382 9.806583 0.000000
vt -9.686532 45.629168 0.000000
vt -9.344604 45.599571 0.000000
vt -9.386590 45.684941 0.000000
vt -45.278914 9.199387 0.000000
vt -45.382312 9.105672 0.000000
vt -45.302099 8.824250 0.000000
vt -45.287185 9.184278 0.000000
vt -45.417193 9.152305 0.000000
vt -45.297507 8.944222 0.000000
vt -9.649291 45.512238 0.000000
vt -9.662039 45.416833 0.000000
vt -9.362115 45.472701 0.000000
vt 40.855267 8.491230 0.000000
vt 40.821890 8.266246 0.000000
vt 40.930024 8.373643 0.000000
vt 41.011194 6.047910 0.000000
vt 41.028059 6.056859 0.000000
vt 41.038865 6.419864 0.000000
vt 41.045455 6.064893 0.000000
vt 41.063321 6.071985 0.000000
vt -41.515799 6.955504 0.000000
vt -41.604649 6.973661 0.000000
vt -41.591040 6.684904 0.000000
vt -41.536152 6.963360 0.000000
vt -41.611406 6.692764 0.000000
vt -41.563918 6.639311 0.000000
vt -41.614053 6.033594 0.000000
vt -41.599442 6.031987 0.000000
vt -41.592309 6.279513 0.000000
vt -41.584911 6.029770 0.000000
vt -41.570485 6.026948 0.000000
vt -45.109273 9.921838 0.000000
vt -45.107744 9.558482 0.000000
vt -45.010164 9.689215 0.000000
vt -43.504985 9.642402 0.000000
vt -43.638880 9.675928 0.000000
vt -43.617640 9.316621 0.000000
vt -42.492741 9.346509 0.000000
vt -42.605782 9.020861 0.000000
vt -42.490421 8.945515 0.000000
vt -41.893861 7.347618 0.000000
vt -41.936561 7.052812 0.000000
vt -41.814716 7.048686 0.000000
vt -41.212509 7.077751 0.000000
vt -41.265251 6.782229 0.000000
vt -41.138526 6.797218 0.000000
vt -41.298569 7.585181 0.000000
vt -41.191731 7.593254 0.000000
vt -41.208025 7.856140 0.000000
vt -41.422835 7.702304 0.000000
vt -41.513401 7.419340 0.000000
vt -41.424548 7.401198 0.000000
vt 9.681036 45.493509 0.000000
vt 9.306153 45.520501 0.000000
vt 9.458477 45.407238 0.000000
vt 45.223828 10.171512 0.000000
vt 45.138890 10.016337 0.000000
vt 45.211549 9.820060 0.000000
vt 44.277306 10.679999 0.000000
vt 44.358419 10.458690 0.000000
vt 44.358766 10.887335 0.000000
vt 44.134568 10.612295 0.000000
vt 44.058215 10.357717 0.000000
vt 44.139805 10.175893 0.000000
vt 42.873611 9.945526 0.000000
vt 42.956506 9.758337 0.000000
vt 42.945582 10.164649 0.000000
vt 42.219616 9.211586 0.000000
vt 42.306370 9.020504 0.000000
vt 42.286387 9.444087 0.000000
vt -9.630817 45.529240 0.000000
vt -9.340132 45.594133 0.000000
vt -9.682057 45.623768 0.000000
vt -45.212666 9.055198 0.000000
vt -45.305535 9.201401 0.000000
vt -45.315943 8.961349 0.000000
vt -45.324177 9.388673 0.000000
vt -45.348541 9.583156 0.000000
vt -45.454205 9.356785 0.000000
vt -9.713033 45.455783 0.000000
vt -9.700092 45.551162 0.000000
vt -10.034009 45.492315 0.000000
vt 44.694269 9.052160 0.000000
vt 44.747036 8.717228 0.000000
vt 44.775076 8.942940 0.000000
vt 41.403755 9.139104 0.000000
vt 41.384947 8.907608 0.000000
vt 41.459903 8.790148 0.000000
vt 41.173013 6.373910 0.000000
vt 41.276626 6.061311 0.000000
vt 41.305883 6.434380 0.000000
vt 41.277258 6.061677 0.000000
vt 41.277891 6.062041 0.000000
vt 41.278525 6.062403 0.000000
vt -41.671042 6.745617 0.000000
vt -41.694725 6.993596 0.000000
vt -41.722619 6.669557 0.000000
vt -41.194177 6.006051 0.000000
vt -41.193891 6.005989 0.000000
vt -41.216334 6.258588 0.000000
vt -41.193605 6.005927 0.000000
vt -41.193318 6.005865 0.000000
vt -41.164870 6.334724 0.000000
vt -41.288835 6.027575 0.000000
vt -41.274054 6.024012 0.000000
vt -41.260281 6.356425 0.000000
vt -41.259455 6.019823 0.000000
vt -41.245070 6.015018 0.000000
vt -44.892111 10.114466 0.000000
vt -45.006138 10.012726 0.000000
vt -44.907297 9.779989 0.000000
vt -43.519383 10.154520 0.000000
vt -43.385503 10.120934 0.000000
vt -43.500873 10.488829 0.000000
vt -41.915284 9.355836 0.000000
vt -41.913022 8.954842 0.000000
vt -41.804139 8.994251 0.000000
vt -41.263255 7.428214 0.000000
vt -41.372091 7.388679 0.000000
vt -41.292210 7.089943 0.000000
vt -40.807161 7.139869 0.000000
vt -40.935218 7.106161 0.000000
vt -40.860914 6.825713 0.000000
vt -40.428765 7.603979 0.000000
vt -40.294342 7.902725 0.000000
vt -40.445300 7.866849 0.000000
vt -40.611230 7.658222 0.000000
vt -40.706203 7.668398 0.000000
vt -40.707697 7.367291 0.000000
vt 9.846156 45.442435 0.000000
vt 9.669478 45.546178 0.000000
vt 9.446901 45.459955 0.000000
vt 45.130148 10.027304 0.000000
vt 45.215062 10.182492 0.000000
vt 45.134591 10.455926 0.000000
vt 45.082497 10.043037 0.000000
vt 45.165575 10.249730 0.000000
vt 45.058601 10.507005 0.000000
vt 43.899695 10.839079 0.000000
vt 43.908174 10.449592 0.000000
vt 43.984235 10.704259 0.000000
vt 42.060997 10.740451 0.000000
vt 42.079679 10.309429 0.000000
vt 42.151067 10.528743 0.000000
vt -10.016782 45.552914 0.000000
vt -9.663710 45.528171 0.000000
vt -9.715056 45.622642 0.000000
vt -44.868654 9.454686 0.000000
vt -44.963563 9.229156 0.000000
vt -44.869984 9.083406 0.000000
vt -44.883931 9.468779 0.000000
vt -45.004076 9.437641 0.000000
vt -44.978875 9.243265 0.000000
vt -45.484392 9.757704 0.000000
vt -45.521099 9.963480 0.000000
vt -45.590559 9.531567 0.000000
vt -9.703341 45.613778 0.000000
vt -10.024323 45.650250 0.000000
vt -10.005081 45.544111 0.000000
vt 45.152848 9.652425 0.000000
vt 45.057055 9.529517 0.000000
vt 45.138299 9.420622 0.000000
vt 39.283926 8.916799 0.000000
vt 39.242968 8.532234 0.000000
vt 39.296888 8.182925 0.000000
vt 40.866106 7.294244 0.000000
vt 40.908603 6.939174 0.000000
vt 41.041510 6.999561 0.000000
vt 40.882083 5.863903 0.000000
vt 40.897123 5.875624 0.000000
vt 40.826066 6.209282 0.000000
vt 40.912887 5.886524 0.000000
vt 40.929317 5.896563 0.000000
vt -40.698695 7.103109 0.000000
vt -40.822730 6.998926 0.000000
vt -40.798566 6.750994 0.000000
vt -41.220705 6.012743 0.000000
vt -41.220129 6.012537 0.000000
vt -41.235944 6.354149 0.000000
vt -41.195390 6.360453 0.000000
vt -45.109746 10.455403 0.000000
vt -45.132723 10.056425 0.000000
vt -45.018874 10.158363 0.000000
vt -43.755203 10.356959 0.000000
vt -43.639359 9.989213 0.000000
vt -43.651305 10.406414 0.000000
vt -42.095368 9.196024 0.000000
vt -42.239355 9.255334 0.000000
vt -42.128202 8.893752 0.000000
vt -40.877854 7.326399 0.000000
vt -40.906248 6.988080 0.000000
vt -40.778196 7.021803 0.000000
vt -40.153614 6.588872 0.000000
vt -40.002683 6.624860 0.000000
vt -40.100744 6.903178 0.000000
vt -40.564391 8.035564 0.000000
vt -40.698891 7.736852 0.000000
vt -40.603917 7.726676 0.000000
vt -41.187231 7.868115 0.000000
vt -41.283823 7.577225 0.000000
vt -41.159727 7.681337 0.000000
vt 9.879384 45.489949 0.000000
vt 10.073944 45.587370 0.000000
vt 9.702716 45.593711 0.000000
vt 45.081760 10.482868 0.000000
vt 45.162472 10.209506 0.000000
vt 45.183088 10.562843 0.000000
vt 44.631445 10.447372 0.000000
vt 44.739038 10.190356 0.000000
vt 44.750670 10.604296 0.000000
vt 43.030602 10.809976 0.000000
vt 42.973685 10.480691 0.000000
vt 43.058830 10.346252 0.000000
vt 42.879869 10.908734 0.000000
vt 42.969136 10.696687 0.000000
vt 42.958247 11.086114 0.000000
vt -45.099146 9.863672 0.000000
vt -44.978979 9.894725 0.000000
vt -45.047297 10.096355 0.000000
vt -44.473553 9.779576 0.000000
vt -44.435059 9.574127 0.000000
vt -44.383917 9.806967 0.000000
vt -45.672866 10.743195 0.000000
vt -45.713129 10.010312 0.000000
vt -45.639484 10.441530 0.000000
vt -10.077375 45.531171 0.000000
vt -10.096608 45.637312 0.000000
vt -10.399468 45.563752 0.000000
vt 44.601542 10.110193 0.000000
vt 44.568503 9.798162 0.000000
vt 44.664670 9.920778 0.000000
vt 42.404507 9.087565 0.000000
vt 42.306981 8.892568 0.000000
vt 42.368212 8.702531 0.000000
vt 40.819297 7.285833 0.000000
vt 40.656909 7.213054 0.000000
vt 40.861771 6.930759 0.000000
vt 40.814890 7.234075 0.000000
vt 40.698943 7.183000 0.000000
vt 40.874270 6.888272 0.000000
vt 40.584436 6.135542 0.000000
vt 40.599589 5.750445 0.000000
vt 40.640165 5.790117 0.000000
vt -41.283782 6.948295 0.000000
vt -41.224126 7.294019 0.000000
vt -41.324338 6.942000 0.000000
vt -41.056018 5.978097 0.000000
vt -41.038236 5.971179 0.000000
vt -41.031469 6.326027 0.000000
vt -41.020906 5.963331 0.000000
vt -41.004089 5.954581 0.000000
vt -45.172474 10.400078 0.000000
vt -45.290667 10.259773 0.000000
vt -45.198806 9.963036 0.000000
vt -43.039490 10.125843 0.000000
vt -42.922430 10.416782 0.000000
vt -43.050270 10.543076 0.000000
vt -43.728330 10.539770 0.000000
vt -43.799894 10.926910 0.000000
vt -43.832207 10.490271 0.000000
vt -41.876775 10.143961 0.000000
vt -41.994771 9.853400 0.000000
vt -41.850799 9.794056 0.000000
vt -40.810320 9.039071 0.000000
vt -40.843028 8.736784 0.000000
vt -40.708777 8.779240 0.000000
vt -40.304716 7.446366 0.000000
vt -40.438930 7.403795 0.000000
vt -40.338741 7.099373 0.000000
vt -40.038796 6.617578 0.000000
vt -40.009425 6.963804 0.000000
vt -40.136816 6.895909 0.000000
vt -39.495115 7.715054 0.000000
vt -39.592582 7.875068 0.000000
vt -39.631834 7.566146 0.000000
vt -39.971939 8.165058 0.000000
vt -40.108695 8.016185 0.000000
vt -40.081140 7.829414 0.000000
vt -45.339197 10.256119 0.000000
vt -45.450305 10.017140 0.000000
vt -45.352279 9.822884 0.000000
vt 45.340021 10.486814 0.000000
vt 45.327462 10.072902 0.000000
vt 45.429033 10.152568 0.000000
vt 44.892864 10.695919 0.000000
vt 44.877736 10.247916 0.000000
vt 44.997013 10.404800 0.000000
vt 43.619442 10.560370 0.000000
vt 43.693048 10.278699 0.000000
vt 43.750575 10.607877 0.000000
vt 44.066874 10.612088 0.000000
vt 44.060662 10.153401 0.000000
vt 44.140088 10.330314 0.000000
vt -44.917127 10.119358 0.000000
vt -44.848707 9.917762 0.000000
vt -44.839982 10.298887 0.000000
vt -44.456715 10.265250 0.000000
vt -44.528653 9.976364 0.000000
vt -44.439011 10.003735 0.000000
vt -44.888351 10.430584 0.000000
vt -44.996605 10.443152 0.000000
vt -44.960640 10.141785 0.000000
vt 45.432704 9.908442 0.000000
vt 45.464324 10.220620 0.000000
vt 45.360021 10.211514 0.000000
vt 45.428340 10.465145 0.000000
vt 45.517038 10.130816 0.000000
vt 45.549243 10.452946 0.000000
vt 41.805447 9.315880 0.000000
vt 41.846508 9.045377 0.000000
vt 41.944438 9.240170 0.000000
vt 40.204323 8.518275 0.000000
vt 40.230997 8.162268 0.000000
vt 40.393388 8.235038 0.000000
vt 40.616901 7.181305 0.000000
vt 40.730210 6.824083 0.000000
vt 40.821746 6.898998 0.000000
vt 40.393563 8.273273 0.000000
vt 40.386854 7.886521 0.000000
vt 40.502813 7.937570 0.000000
vt 41.273808 6.206941 0.000000
vt 41.380026 5.895200 0.000000
vt 41.365239 6.281984 0.000000
vt 41.380503 5.895778 0.000000
vt 41.380982 5.896355 0.000000
vt 41.381463 5.896931 0.000000
vt -41.126588 7.270185 0.000000
vt -41.186186 6.924451 0.000000
vt -41.051901 6.953250 0.000000
vt -41.035658 5.956532 0.000000
vt -41.035116 5.956230 0.000000
vt -41.063000 6.327981 0.000000
vt -41.034574 5.955927 0.000000
vt -41.034033 5.955623 0.000000
vt -40.928723 6.356822 0.000000
vt -40.855266 5.883085 0.000000
vt -40.838834 5.873270 0.000000
vt -40.750199 6.284348 0.000000
vt -40.823049 5.862602 0.000000
vt -40.807967 5.851119 0.000000
vt -44.891157 10.575059 0.000000
vt -44.907422 10.141931 0.000000
vt -44.788692 10.281781 0.000000
vt -42.872696 10.984438 0.000000
vt -42.932626 10.679552 0.000000
vt -42.804854 10.553190 0.000000
vt -43.544712 11.039346 0.000000
vt -43.473757 10.652094 0.000000
vt -43.414723 10.957155 0.000000
vt -41.480080 10.205779 0.000000
vt -41.454381 9.855854 0.000000
vt -41.331204 9.967823 0.000000
vt -40.594733 9.185513 0.000000
vt -40.717972 9.073612 0.000000
vt -40.616419 8.813785 0.000000
vt -40.220380 7.069911 0.000000
vt -40.092967 7.137765 0.000000
vt -40.186507 7.416919 0.000000
vt -39.194435 6.413549 0.000000
vt -39.025341 6.599342 0.000000
vt -39.166218 6.759871 0.000000
vt -40.072184 7.699707 0.000000
vt -40.241860 7.514446 0.000000
vt -40.144550 7.354336 0.000000
vt -40.496157 8.331734 0.000000
vt -40.605328 7.996081 0.000000
vt -40.418056 8.056810 0.000000
vt -45.518645 10.085746 0.000000
vt -45.407362 10.324644 0.000000
vt -45.508648 10.466840 0.000000
vt 44.356264 10.635312 0.000000
vt 44.443746 10.256648 0.000000
vt 44.458933 10.704650 0.000000
vt 45.037970 10.746500 0.000000
vt 45.142111 10.455377 0.000000
vt 45.123310 10.885649 0.000000
vt 43.839380 10.498460 0.000000
vt 43.795580 10.072272 0.000000
vt 43.926719 10.119764 0.000000
vt -44.696991 10.211822 0.000000
vt -44.791444 10.293788 0.000000
vt -44.774043 10.032252 0.000000
vt -44.899771 10.592671 0.000000
vt -45.008175 10.341864 0.000000
vt -44.899921 10.329291 0.000000
vt 45.456359 10.316226 0.000000
vt 45.411147 10.586066 0.000000
vt 45.352055 10.307126 0.000000
vt 45.494635 10.800005 0.000000
vt 45.425604 10.443644 0.000000
vt 45.546508 10.431450 0.000000
vt 42.482055 10.814149 0.000000
vt 42.449587 10.589358 0.000000
vt 42.588689 10.513853 0.000000
vt 39.800684 8.148835 0.000000
vt 39.773845 8.504830 0.000000
vt 39.470626 8.844806 0.000000
vt 39.874562 8.287261 0.000000
vt 39.678734 8.183677 0.000000
vt 39.867901 7.900508 0.000000
vt -43.013273 7.644787 0.000000
vt -43.028262 7.589150 0.000000
vt -42.914669 7.946282 0.000000
vt 40.379606 5.753499 0.000000
vt 40.452104 5.395220 0.000000
vt 40.484729 5.441387 0.000000
vt -20.719653 -0.976623 0.000000
vt -20.718400 -0.977521 0.000000
vt -20.687331 -0.613303 0.000000
vt -40.226052 7.460146 0.000000
vt -40.413319 7.399404 0.000000
vt -40.338313 7.082544 0.000000
vt -41.565914 6.061925 0.000000
vt -41.565414 6.061511 0.000000
vt -41.507024 6.495002 0.000000
vt -41.564915 6.061097 0.000000
vt -41.564417 6.060681 0.000000
vt -41.416346 6.333351 0.000000
vt -45.168470 10.520680 0.000000
vt -45.271696 10.397692 0.000000
vt -45.168919 10.104524 0.000000
vt -42.433105 11.025527 0.000000
vt -42.544970 11.100038 0.000000
vt -42.477804 10.668684 0.000000
vt -44.014390 10.408594 0.000000
vt -44.118118 10.079315 0.000000
vt -43.987973 9.997369 0.000000
vt -41.243544 10.398194 0.000000
vt -41.385983 10.271481 0.000000
vt -41.237153 10.033496 0.000000
vt -40.197125 8.782101 0.000000
vt -40.054618 8.847522 0.000000
vt -40.175505 9.153833 0.000000
vt -39.553734 7.250757 0.000000
vt -39.505341 7.595303 0.000000
vt -39.647783 7.529740 0.000000
vt -38.788271 7.048451 0.000000
vt -38.647182 6.888108 0.000000
vt -38.740699 7.393111 0.000000
vt -38.663338 7.203479 0.000000
vt -38.834414 7.330518 0.000000
vt -38.905839 6.984952 0.000000
vt -39.416377 8.597129 0.000000
vt -39.651852 8.592658 0.000000
vt -39.573907 8.317688 0.000000
vt -45.445096 10.498187 0.000000
vt -45.343758 10.356029 0.000000
vt -45.376015 10.753208 0.000000
vt 44.461701 10.951241 0.000000
vt 44.430526 10.527235 0.000000
vt 44.533192 10.596580 0.000000
vt 45.421335 10.866100 0.000000
vt 45.439831 10.435814 0.000000
vt 45.508903 10.792167 0.000000
vt 45.139972 10.684721 0.000000
vt 45.225309 10.823872 0.000000
vt 45.162980 11.118734 0.000000
vt 43.542285 10.508223 0.000000
vt 43.599265 10.083504 0.000000
vt 43.643154 10.509682 0.000000
vt -44.596422 10.676792 0.000000
vt -44.687173 10.403483 0.000000
vt -44.592694 10.321547 0.000000
vt -44.787129 10.734294 0.000000
vt -44.874002 10.256208 0.000000
vt -44.765738 10.507076 0.000000
vt -44.250378 10.517793 0.000000
vt -44.341229 10.507780 0.000000
vt -44.340876 10.244401 0.000000
vt 45.491104 10.590920 0.000000
vt 45.381092 10.680618 0.000000
vt 45.432152 10.311950 0.000000
vt 44.733350 10.798195 0.000000
vt 44.794210 10.404977 0.000000
vt 44.825877 10.629883 0.000000
vt 41.971234 10.716079 0.000000
vt 41.927524 10.600028 0.000000
vt 42.034045 10.299692 0.000000
vt 39.369581 8.155343 0.000000
vt 39.327529 8.430278 0.000000
vt 39.066281 8.495246 0.000000
vt 33.373777 5.632286 0.000000
vt 33.522813 5.297151 0.000000
vt 33.697629 4.933406 0.000000
vt 39.628809 8.473585 0.000000
vt 39.670842 8.198647 0.000000
vt 39.866670 8.302232 0.000000
vt 17.091463 -1.233559 0.000000
vt 17.057731 -0.870367 0.000000
vt 17.091388 -1.233601 0.000000
vt 17.047568 -0.813650 0.000000
vt 20.615420 -1.034422 0.000000
vt 20.711618 -1.420322 0.000000
vt 20.639305 -1.111465 0.000000
vt -20.901878 -1.288671 0.000000
vt -20.900620 -1.289566 0.000000
vt -20.865963 -0.868759 0.000000
vt -40.978309 7.712158 0.000000
vt -41.090818 7.334629 0.000000
vt -40.886218 7.530063 0.000000
vt -40.475546 7.076748 0.000000
vt -40.680050 6.881215 0.000000
vt -40.589031 6.719756 0.000000
vt -40.812572 5.524550 0.000000
vt -40.798099 5.512077 0.000000
vt -40.665297 5.797651 0.000000
vt -40.784450 5.498864 0.000000
vt -40.771672 5.484957 0.000000
vt -45.195756 10.838238 0.000000
vt -45.248016 10.378349 0.000000
vt -45.144789 10.501336 0.000000
vt -44.270382 10.542524 0.000000
vt -44.271046 10.126369 0.000000
vt -44.167326 10.455651 0.000000
vt -43.107715 10.373899 0.000000
vt -43.197021 10.071592 0.000000
vt -43.085026 9.997278 0.000000
vt -41.796146 11.065631 0.000000
vt -41.841835 10.708913 0.000000
vt -41.699573 10.835824 0.000000
vt -43.052493 10.358400 0.000000
vt -43.168180 10.467322 0.000000
vt -43.141806 10.056094 0.000000
vt -41.333224 10.023248 0.000000
vt -41.203657 10.204303 0.000000
vt -41.339691 10.387945 0.000000
vt -39.974056 8.878127 0.000000
vt -39.965202 9.365357 0.000000
vt -40.094953 9.184434 0.000000
vt -38.116398 6.928273 0.000000
vt -38.088987 7.644730 0.000000
vt -38.210712 7.433128 0.000000
vt -39.078585 6.681358 0.000000
vt -38.982077 6.955959 0.000000
vt -39.249505 6.808608 0.000000
vt -39.395036 8.070973 0.000000
vt -39.637789 7.852725 0.000000
vt -39.402314 7.857196 0.000000
vt -39.768769 8.777363 0.000000
vt -39.926184 8.497857 0.000000
vt -39.664406 8.663071 0.000000
vt 10.374594 45.455446 0.000000
vt 10.834514 45.403456 0.000000
vt 10.771794 45.487457 0.000000
vt -45.134529 10.649539 0.000000
vt -45.206511 10.749715 0.000000
vt -45.203408 10.394464 0.000000
vt 44.119726 10.936129 0.000000
vt 44.184977 10.530161 0.000000
vt 44.216299 10.954156 0.000000
vt 44.803282 11.040142 0.000000
vt 44.874924 10.685512 0.000000
vt 44.898063 11.119518 0.000000
vt 45.450814 11.233796 0.000000
vt 45.413403 10.858893 0.000000
vt 45.500974 10.784963 0.000000
vt 45.325223 11.158040 0.000000
vt 45.387582 10.863185 0.000000
vt 45.424979 11.238089 0.000000
vt 43.579690 10.813199 0.000000
vt 43.543748 10.405719 0.000000
vt 43.644618 10.407179 0.000000
vt -45.380196 11.204110 0.000000
vt -45.434970 10.477034 0.000000
vt -45.346897 10.954900 0.000000
vt -43.564800 10.766532 0.000000
vt -43.657540 10.691882 0.000000
vt -43.635357 10.464741 0.000000
vt -44.290548 10.999952 0.000000
vt -44.361516 10.698257 0.000000
vt -44.270665 10.708265 0.000000
vt 45.420330 10.742791 0.000000
vt 45.530364 10.653119 0.000000
vt 45.468385 11.046162 0.000000
vt 44.958073 11.096339 0.000000
vt 44.895924 10.914701 0.000000
vt 44.988541 10.746438 0.000000
vt 42.814362 10.321520 0.000000
vt 42.857907 10.437633 0.000000
vt 42.785781 10.671581 0.000000
vt 34.311812 9.410255 0.000000
vt 34.289128 9.099108 0.000000
vt 34.346581 8.681948 0.000000
vt 38.913498 6.721447 0.000000
vt 38.812768 6.992846 0.000000
vt 38.652293 6.786589 0.000000
vt 27.667135 2.354213 0.000000
vt 27.793908 2.074762 0.000000
vt 27.652755 2.413292 0.000000
vt -34.060099 5.615774 0.000000
vt -34.207035 5.327782 0.000000
vt -34.235513 5.252316 0.000000
vt 38.872468 7.317447 0.000000
vt 38.706426 7.143450 0.000000
vt 38.944111 6.971853 0.000000
vt -36.845028 5.825365 0.000000
vt -36.872491 5.753047 0.000000
vt -36.969412 5.447606 0.000000
vt -20.872024 -0.867591 0.000000
vt -20.909214 -1.286608 0.000000
vt -20.907952 -1.287501 0.000000
vt -39.544093 8.480013 0.000000
vt -39.805895 8.314836 0.000000
vt -39.713854 8.132717 0.000000
vt 13.997875 -2.975934 0.000000
vt 14.067282 -3.344044 0.000000
vt 14.060847 -3.290135 0.000000
vt -40.474850 5.329300 0.000000
vt -40.441729 5.283832 0.000000
vt -40.368879 5.642131 0.000000
vt -44.913126 10.853721 0.000000
vt -45.023994 10.867081 0.000000
vt -44.973049 10.530176 0.000000
vt -44.322205 10.734696 0.000000
vt -44.382062 10.411139 0.000000
vt -44.279008 10.324262 0.000000
vt -41.880345 10.472438 0.000000
vt -41.857881 10.095804 0.000000
vt -41.759915 10.276821 0.000000
vt -42.681523 10.701972 0.000000
vt -42.779213 10.520806 0.000000
vt -42.681851 10.291333 0.000000
vt -43.446676 10.176749 0.000000
vt -43.331008 10.067809 0.000000
vt -43.361746 10.513305 0.000000
vt -40.972034 10.394423 0.000000
vt -40.998488 10.784751 0.000000
vt -41.107965 10.578141 0.000000
vt -40.437202 9.380890 0.000000
vt -40.446139 8.893661 0.000000
vt -40.323604 9.104795 0.000000
vt -40.210752 7.261474 0.000000
vt -40.037769 7.701789 0.000000
vt -40.178865 7.977745 0.000000
vt -38.900780 6.915240 0.000000
vt -38.997207 6.640611 0.000000
vt -38.740375 6.660866 0.000000
vt -38.938109 6.867858 0.000000
vt -39.034068 7.161379 0.000000
vt -39.205514 6.720463 0.000000
vt -38.849087 8.072924 0.000000
vt -39.105923 8.052730 0.000000
vt -39.113155 7.838951 0.000000
vt -39.276676 9.118777 0.000000
vt -39.475280 9.061063 0.000000
vt -39.370973 8.946719 0.000000
vt -45.470198 11.213334 0.000000
vt -45.492148 10.777761 0.000000
vt -45.408147 10.840482 0.000000
vt -44.989027 11.162949 0.000000
vt -45.082739 10.827518 0.000000
vt -45.010728 10.727363 0.000000
vt 44.176800 11.283317 0.000000
vt 44.131939 10.870426 0.000000
vt 44.228512 10.888454 0.000000
vt 44.851602 10.984705 0.000000
vt 44.946377 11.064087 0.000000
vt 44.885435 11.410179 0.000000
vt 45.366729 11.191568 0.000000
vt 45.416573 10.742700 0.000000
vt 45.464634 11.046070 0.000000
vt 45.340884 11.139046 0.000000
vt 45.440639 11.219096 0.000000
vt 45.359091 11.562626 0.000000
vt 43.384209 10.759012 0.000000
vt 43.441599 10.407698 0.000000
vt 43.477608 10.815172 0.000000
vt -44.362246 11.358903 0.000000
vt -44.455121 11.241636 0.000000
vt -44.421322 10.992494 0.000000
vt -43.719192 11.220520 0.000000
vt -43.777988 10.854065 0.000000
vt -43.685231 10.928695 0.000000
vt -44.677484 11.049474 0.000000
vt -44.790629 11.005695 0.000000
vt -44.771010 10.713991 0.000000
vt 44.735926 11.408909 0.000000
vt 44.767772 10.946349 0.000000
vt 44.829974 11.127969 0.000000
vt 40.246580 9.549783 0.000000
vt 40.316868 9.315277 0.000000
vt 40.334416 9.626755 0.000000
vt 38.990198 7.082915 0.000000
vt 39.091085 6.811576 0.000000
vt 39.256940 6.985752 0.000000
vt 38.990171 6.875669 0.000000
vt 38.777402 7.035284 0.000000
vt 38.829823 6.669313 0.000000
vt 27.619729 2.326110 0.000000
vt 27.663092 2.209054 0.000000
vt 27.746438 2.046630 0.000000
vt -38.346060 7.052400 0.000000
vt -38.403233 6.761822 0.000000
vt -38.386216 6.820197 0.000000
vt 7.256091 39.583515 0.000000
vt 7.244290 39.590488 0.000000
vt 6.964224 39.722592 0.000000
vt 26.503614 1.008356 0.000000
vt 26.659246 0.654502 0.000000
vt 26.635063 0.727982 0.000000
vt -41.912346 5.920635 0.000000
vt -41.912307 5.920565 0.000000
vt -41.837159 6.279236 0.000000
vt -41.822827 6.331602 0.000000
vt -20.599466 -0.664550 0.000000
vt -20.632345 -1.028698 0.000000
vt -20.631082 -1.029581 0.000000
vt -44.988466 11.139141 0.000000
vt -45.036872 10.759769 0.000000
vt -44.926004 10.746408 0.000000
vt -44.040097 10.754261 0.000000
vt -43.996802 10.343836 0.000000
vt -43.911668 10.680341 0.000000
vt -42.696953 10.116055 0.000000
vt -42.798763 9.924962 0.000000
vt -42.678429 9.729285 0.000000
vt -40.862462 10.475426 0.000000
vt -40.752863 10.681972 0.000000
vt -40.860271 10.886059 0.000000
vt -43.069798 10.516495 0.000000
vt -43.038882 10.071011 0.000000
vt -42.937001 10.262067 0.000000
vt -41.314015 10.729498 0.000000
vt -41.287235 10.339193 0.000000
vt -41.172555 10.779305 0.000000
vt -39.022229 10.367710 0.000000
vt -39.138477 9.928010 0.000000
vt -39.024979 9.651873 0.000000
vt -39.479529 7.933006 0.000000
vt -39.341212 8.357318 0.000000
vt -39.621048 8.208746 0.000000
vt -38.703878 7.018965 0.000000
vt -38.916062 6.907529 0.000000
vt -38.755672 6.653146 0.000000
vt -38.850734 6.884564 0.000000
vt -38.770424 7.216502 0.000000
vt -38.946788 7.178054 0.000000
vt -38.853255 8.077775 0.000000
vt -39.117324 7.843803 0.000000
vt -38.918708 7.901473 0.000000
vt -31.999717 -7.347006 0.000000
vt -32.021662 -7.541979 0.000000
vt -32.018872 -7.528558 0.000000
vt -45.360014 11.220311 0.000000
vt -45.470739 11.213829 0.000000
vt -45.408693 10.840975 0.000000
vt 43.993349 11.299220 0.000000
vt 44.039100 10.873185 0.000000
vt 44.084032 11.286068 0.000000
vt 44.623816 11.378871 0.000000
vt 44.675845 10.984050 0.000000
vt 44.709820 11.409513 0.000000
vt 45.139311 11.477334 0.000000
vt 45.200418 11.131271 0.000000
vt 45.218756 11.554845 0.000000
vt 45.455111 11.528270 0.000000
vt 45.389740 11.211248 0.000000
vt 45.487655 11.065758 0.000000
vt 45.389282 11.574998 0.000000
vt 45.470867 11.231477 0.000000
vt 45.457503 11.666294 0.000000
vt 43.458759 11.198365 0.000000
vt 43.410699 10.716121 0.000000
vt 43.504096 10.772285 0.000000
vt -44.029606 11.234152 0.000000
vt -44.088301 10.912810 0.000000
vt -43.995511 11.030144 0.000000
vt -43.646624 11.212021 0.000000
vt -43.722998 11.220305 0.000000
vt -43.689039 10.928480 0.000000
vt -44.803052 11.436905 0.000000
vt -44.845784 11.153411 0.000000
vt -44.732636 11.197182 0.000000
vt 44.712661 11.398372 0.000000
vt 44.636130 11.365482 0.000000
vt 44.730120 11.084522 0.000000
vt 39.424881 10.727369 0.000000
vt 39.439381 10.413368 0.000000
vt 39.527377 10.490156 0.000000
vt 38.912792 7.120195 0.000000
vt 38.886659 6.777719 0.000000
vt 39.153365 6.680458 0.000000
vt 38.714560 6.940230 0.000000
vt 38.927291 6.780565 0.000000
vt 38.953371 7.123045 0.000000
vt 27.625926 4.149647 0.000000
vt 27.657466 3.916118 0.000000
vt 27.620039 4.283926 0.000000
vt -38.419895 7.901070 0.000000
vt -38.485281 7.724743 0.000000
vt -38.437669 7.840137 0.000000
vt 24.389890 3.020775 0.000000
vt 24.416774 2.789249 0.000000
vt 24.432061 2.727645 0.000000
vt -44.717153 11.106890 0.000000
vt -44.830807 11.151620 0.000000
vt -44.768230 10.758905 0.000000
vt -44.073045 10.959861 0.000000
vt -44.123722 10.611817 0.000000
vt -43.995301 10.537883 0.000000
vt -41.962624 9.714714 0.000000
vt -41.841001 9.897818 0.000000
vt -41.981604 10.101462 0.000000
vt -42.285132 9.816751 0.000000
vt -42.271165 10.203721 0.000000
vt -42.392863 10.020668 0.000000
vt -43.196967 10.522675 0.000000
vt -43.316446 10.403396 0.000000
vt -43.183754 10.148913 0.000000
vt -40.944424 10.131648 0.000000
vt -40.958164 9.744669 0.000000
vt -40.816685 9.794422 0.000000
vt -40.737653 10.085142 0.000000
vt -40.933682 10.301802 0.000000
vt -40.935152 9.585961 0.000000
vt -38.890444 7.794910 0.000000
vt -38.928932 8.180980 0.000000
vt -39.066821 7.756528 0.000000
vt -39.905768 9.457136 0.000000
vt -39.987979 9.807835 0.000000
vt -40.185698 9.308741 0.000000
vt -38.837164 7.242572 0.000000
vt -38.917554 6.910654 0.000000
vt -38.705370 7.022089 0.000000
vt -38.652469 7.004229 0.000000
vt -38.704194 6.638401 0.000000
vt -38.664524 6.868081 0.000000
vt -45.405384 11.646777 0.000000
vt -45.470603 11.210735 0.000000
vt -45.359878 11.217218 0.000000
vt 44.091614 11.877127 0.000000
vt 44.014393 11.447019 0.000000
vt 44.105076 11.433868 0.000000
vt 44.654370 11.812704 0.000000
vt 44.607124 11.425472 0.000000
vt 44.693130 11.456113 0.000000
vt 45.135330 11.481261 0.000000
vt 45.214775 11.558773 0.000000
vt 45.158611 11.933778 0.000000
vt 45.331050 11.219025 0.000000
vt 45.396453 11.536040 0.000000
vt 45.317764 11.653844 0.000000
vt 45.389239 11.575122 0.000000
vt 45.457460 11.666418 0.000000
vt 45.403430 12.009840 0.000000
vt 43.460281 10.962149 0.000000
vt 43.515443 10.714296 0.000000
vt 43.563404 11.196550 0.000000
vt -45.624078 12.049322 0.000000
vt -45.699306 11.331668 0.000000
vt -45.639773 11.652855 0.000000
vt -42.565263 11.506701 0.000000
vt -42.612598 11.361983 0.000000
vt -42.577958 11.158067 0.000000
vt -43.634239 11.666751 0.000000
vt -43.710577 11.335627 0.000000
vt -43.634203 11.327344 0.000000
vt -44.690092 11.633402 0.000000
vt -44.749114 11.452469 0.000000
vt -44.678695 11.212746 0.000000
vt 44.595799 11.904334 0.000000
vt 44.586747 11.479059 0.000000
vt 44.663280 11.511944 0.000000
vt 40.520749 11.457554 0.000000
vt 40.501452 11.251004 0.000000
vt 40.604254 11.013924 0.000000
vt 39.658430 7.641664 0.000000
vt 39.900142 7.202552 0.000000
vt 39.868980 7.918959 0.000000
vt 38.656664 7.349679 0.000000
vt 38.679823 6.981738 0.000000
vt 38.918658 7.164521 0.000000
vt -38.054761 8.401318 0.000000
vt -38.097179 8.025502 0.000000
vt -38.079469 8.158738 0.000000
vt -44.797902 11.447446 0.000000
vt -44.847554 11.109592 0.000000
vt -44.733901 11.064859 0.000000
vt -44.021008 10.974016 0.000000
vt -44.126643 10.954727 0.000000
vt -44.048947 10.532741 0.000000
vt -42.131982 9.716571 0.000000
vt -42.172876 10.088791 0.000000
vt -42.272472 9.920293 0.000000
vt -43.305731 10.863140 0.000000
vt -43.333012 10.421824 0.000000
vt -43.213528 10.541099 0.000000
vt -42.563382 10.121152 0.000000
vt -42.463686 10.289590 0.000000
vt -42.577034 10.494898 0.000000
vt -42.213902 9.717373 0.000000
vt -42.086746 9.379927 0.000000
vt -42.124114 10.093932 0.000000
vt -41.513817 9.772592 0.000000
vt -41.317759 9.555959 0.000000
vt -41.294077 10.039987 0.000000
vt -39.389459 8.182141 0.000000
vt -39.351441 7.796024 0.000000
vt -39.196267 7.942979 0.000000
vt -40.394187 9.711898 0.000000
vt -40.311970 9.361201 0.000000
vt -40.118140 9.856298 0.000000
vt -38.722318 7.370905 0.000000
vt -38.877266 7.223712 0.000000
vt -38.745505 7.003210 0.000000
vt 25.516075 4.973931 0.000000
vt 25.523067 4.732500 0.000000
vt 25.529278 4.595960 0.000000
vt -45.301949 11.202439 0.000000
vt -45.236572 11.638457 0.000000
vt -45.313284 11.623096 0.000000
vt -45.203763 11.545464 0.000000
vt -45.299401 11.637187 0.000000
vt -45.253692 11.207651 0.000000
vt 43.866714 11.966226 0.000000
vt 43.855483 11.474327 0.000000
vt 43.932717 11.904433 0.000000
vt 44.397191 11.446678 0.000000
vt 44.444476 11.833906 0.000000
vt 44.383690 11.889936 0.000000
vt 44.944574 11.939189 0.000000
vt 44.882430 11.843261 0.000000
vt 44.921235 11.486675 0.000000
vt 45.303821 11.574665 0.000000
vt 45.318043 12.009382 0.000000
vt 45.247637 11.949668 0.000000
vt 45.334059 11.665199 0.000000
vt 45.412749 11.547396 0.000000
vt 45.350135 12.021278 0.000000
vt 45.436453 11.663060 0.000000
vt 45.452510 12.019140 0.000000
vt 45.382423 12.006482 0.000000
vt 35.204262 10.449129 0.000000
vt 35.189266 10.174738 0.000000
vt 35.269428 9.730492 0.000000
vt -43.576766 11.861117 0.000000
vt -43.607190 12.112835 0.000000
vt -43.624174 11.716422 0.000000
vt -43.210877 11.550482 0.000000
vt -43.274103 11.567950 0.000000
vt -43.287081 11.219326 0.000000
vt -44.483578 11.698521 0.000000
vt -44.483785 11.359114 0.000000
vt -44.424789 11.540055 0.000000
vt 45.100766 11.492344 0.000000
vt 45.109589 11.917623 0.000000
vt 45.038293 11.966244 0.000000
vt 43.151760 11.350559 0.000000
vt 43.066576 11.536493 0.000000
vt 43.133144 11.143947 0.000000
vt 39.285953 8.275990 0.000000
vt 39.359254 7.840707 0.000000
vt 39.570038 8.117823 0.000000
vt 22.587152 5.097409 0.000000
vt 22.593561 4.853659 0.000000
vt 22.588420 5.222292 0.000000
vt 39.273087 8.272505 0.000000
vt 39.084132 8.022026 0.000000
vt 39.346374 7.837219 0.000000
vt -44.585865 11.451752 0.000000
vt -44.686232 11.456293 0.000000
vt -44.622144 11.073720 0.000000
vt -44.096199 11.364042 0.000000
vt -44.132138 10.985978 0.000000
vt -44.026502 11.005265 0.000000
vt -42.249847 10.087910 0.000000
vt -42.209021 9.715683 0.000000
vt -42.119238 10.092242 0.000000
vt -43.499516 10.833582 0.000000
vt -43.592550 10.808572 0.000000
vt -43.500566 10.486468 0.000000
vt -42.802760 10.130683 0.000000
vt -42.803225 10.482733 0.000000
vt -42.915952 10.336077 0.000000
vt -41.068286 10.058035 0.000000
vt -41.029313 9.344116 0.000000
vt -40.809740 9.611648 0.000000
vt -40.248723 9.959602 0.000000
vt -40.272057 9.475557 0.000000
vt -39.996017 9.619970 0.000000
vt -38.523067 9.176853 0.000000
vt -38.716251 8.681504 0.000000
vt -38.522723 8.442613 0.000000
vt 9.145830 44.386482 0.000000
vt 8.779046 44.421226 0.000000
vt 9.019201 44.395468 0.000000
vt -45.241034 11.660735 0.000000
vt -45.300864 12.036154 0.000000
vt -45.317747 11.645374 0.000000
vt -45.247973 11.949575 0.000000
vt -45.310334 11.626487 0.000000
vt -45.214698 11.534761 0.000000
vt 44.135388 12.500597 0.000000
vt 44.058926 12.161418 0.000000
vt 44.124919 12.099614 0.000000
vt 44.518857 12.030390 0.000000
vt 44.579637 11.974354 0.000000
vt 44.600951 12.472315 0.000000
vt 44.738865 12.454151 0.000000
vt 44.717413 11.956196 0.000000
vt 44.779540 12.052134 0.000000
vt 45.216541 11.988246 0.000000
vt 45.286943 12.047965 0.000000
vt 45.245162 12.365561 0.000000
vt 45.385856 11.986965 0.000000
vt 45.455942 11.999624 0.000000
vt 45.409290 12.406710 0.000000
vt 36.411937 10.469022 0.000000
vt 36.358308 10.520525 0.000000
vt 36.397597 10.194596 0.000000
vt -43.927411 12.055673 0.000000
vt -43.990502 12.063963 0.000000
vt -43.960063 11.812247 0.000000
vt -43.172554 11.689165 0.000000
vt -43.203175 11.950063 0.000000
vt -43.235781 11.706631 0.000000
vt -44.240765 11.988537 0.000000
vt -44.316438 11.756217 0.000000
vt -44.257632 11.597757 0.000000
vt 45.001954 11.908346 0.000000
vt 45.073246 11.859720 0.000000
vt 45.022739 12.281121 0.000000
vt 43.636559 11.955849 0.000000
vt 43.594549 11.816299 0.000000
vt 43.679876 11.630431 0.000000
vt 40.007925 9.768127 0.000000
vt 39.915551 9.451041 0.000000
vt 40.199759 9.293095 0.000000
vt -41.727533 9.925277 0.000000
vt -41.757824 9.459430 0.000000
vt -41.745600 9.583719 0.000000
vt 38.487567 9.169272 0.000000
vt 38.487117 8.434567 0.000000
vt 38.676367 8.684823 0.000000
vt -44.646308 11.822416 0.000000
vt -44.683978 11.506754 0.000000
vt -44.583611 11.502213 0.000000
vt -43.980218 11.426872 0.000000
vt -44.078457 11.366111 0.000000
vt -44.008748 11.007336 0.000000
vt -42.250237 10.421683 0.000000
vt -42.249257 10.069634 0.000000
vt -42.118648 10.073967 0.000000
vt -43.600722 11.370580 0.000000
vt -43.628964 10.951024 0.000000
vt -43.535928 10.976026 0.000000
vt -43.022153 10.431890 0.000000
vt -42.909385 10.578515 0.000000
vt -43.021532 10.779005 0.000000
vt -41.802069 9.536600 0.000000
vt -42.033180 9.604909 0.000000
vt -41.775927 9.157775 0.000000
vt -41.571282 9.083795 0.000000
vt -41.319631 8.743380 0.000000
vt -41.387346 9.476999 0.000000
vt -33.300424 10.201819 0.000000
vt -33.322524 9.467911 0.000000
vt -33.299439 9.807052 0.000000
vt 39.735751 8.148082 0.000000
vt 39.741090 7.808198 0.000000
vt 39.746900 7.681384 0.000000
vt -45.252880 11.658486 0.000000
vt -45.251534 12.094192 0.000000
vt -45.312712 12.033904 0.000000
vt -45.370725 11.644521 0.000000
vt -45.308321 11.967601 0.000000
vt -45.369517 12.080227 0.000000
vt -44.888102 11.858972 0.000000
vt -44.959237 11.958119 0.000000
vt -44.925825 11.543316 0.000000
vt 43.582632 12.781502 0.000000
vt 43.551068 12.322961 0.000000
vt 43.627138 12.662228 0.000000
vt 44.380963 12.471890 0.000000
vt 44.370291 12.070912 0.000000
vt 44.452249 12.512862 0.000000
vt 44.949196 12.428185 0.000000
vt 44.880380 12.452875 0.000000
vt 44.920920 12.050844 0.000000
vt 45.396340 12.022916 0.000000
vt 45.419431 12.442680 0.000000
vt 45.354825 12.340547 0.000000
vt 45.364820 11.952614 0.000000
vt 45.385067 12.325418 0.000000
vt 45.318486 12.359736 0.000000
vt 36.721587 11.235400 0.000000
vt 36.721547 10.930999 0.000000
vt 36.775211 10.879532 0.000000
vt -43.935855 12.160243 0.000000
vt -44.019611 11.841431 0.000000
vt -43.956521 11.833139 0.000000
vt -43.328603 12.019668 0.000000
vt -43.379557 11.933447 0.000000
vt -43.348961 11.672546 0.000000
vt -44.223212 11.982520 0.000000
vt -44.278356 12.097311 0.000000
vt -44.298884 11.750199 0.000000
vt 44.650545 11.757796 0.000000
vt 44.649344 12.176666 0.000000
vt 44.600507 12.179254 0.000000
vt 44.082897 11.697979 0.000000
vt 44.124809 11.837559 0.000000
vt 44.082249 12.116850 0.000000
vt 40.338960 9.671622 0.000000
vt 40.057148 9.838736 0.000000
vt 40.246586 9.354536 0.000000
vt 40.968559 10.300349 0.000000
vt 40.778189 10.059527 0.000000
vt 40.969815 9.584411 0.000000
vt 36.330430 9.851987 0.000000
vt 36.350461 9.510539 0.000000
vt 36.329271 10.244938 0.000000
vt -44.396561 11.957780 0.000000
vt -44.462223 11.854093 0.000000
vt -44.399493 11.533897 0.000000
vt -44.172781 11.953667 0.000000
vt -44.175688 11.529784 0.000000
vt -44.077443 11.590535 0.000000
vt -42.447482 10.717260 0.000000
vt -42.492092 10.355942 0.000000
vt -42.360736 10.008138 0.000000
vt -43.674230 10.964445 0.000000
vt -43.623802 11.144692 0.000000
vt -43.738920 11.359015 0.000000
vt -42.991560 10.540417 0.000000
vt -43.053485 10.921247 0.000000
vt -43.103663 10.740931 0.000000
vt -41.809790 9.865579 0.000000
vt -42.034334 9.601050 0.000000
vt -41.803224 9.532740 0.000000
vt -41.691937 9.525062 0.000000
vt -41.665618 9.146249 0.000000
vt -41.481526 9.539380 0.000000
vt -36.155950 9.184765 0.000000
vt -36.194996 9.459328 0.000000
vt -36.116940 8.726737 0.000000
vt -4.556244 10.330871 0.000000
vt -4.558133 10.310101 0.000000
vt -4.560299 9.915339 0.000000
vt -45.250922 11.966590 0.000000
vt -45.189748 12.026882 0.000000
vt -45.225209 12.366058 0.000000
vt -45.232578 12.015312 0.000000
vt -45.267039 12.441581 0.000000
vt -45.293755 12.127948 0.000000
vt -44.821395 12.333674 0.000000
vt -44.860400 12.030881 0.000000
vt -44.789270 11.931731 0.000000
vt 42.427375 11.403629 0.000000
vt 42.424024 11.708011 0.000000
vt 42.385924 11.683086 0.000000
vt -42.734180 11.727578 0.000000
vt -42.763016 11.810605 0.000000
vt -42.817122 11.408554 0.000000
vt -42.989561 11.801140 0.000000
vt -43.020268 12.042032 0.000000
vt -43.040483 11.714901 0.000000
vt -44.528861 12.273594 0.000000
vt -44.554289 11.976259 0.000000
vt -44.499180 11.861451 0.000000
vt 40.376659 10.149682 0.000000
vt 40.083196 9.882757 0.000000
vt 40.365009 9.715644 0.000000
vt 41.421635 9.934580 0.000000
vt 41.242845 10.127839 0.000000
vt 41.231210 9.693801 0.000000
vt -32.514027 10.318471 0.000000
vt -32.514443 9.902919 0.000000
vt -32.512534 10.295868 0.000000
vt -44.659760 12.356330 0.000000
vt -44.627725 11.954379 0.000000
vt -44.562072 12.058072 0.000000
vt -43.907363 12.080248 0.000000
vt -43.986889 12.002470 0.000000
vt -43.891551 11.639338 0.000000
vt -43.236150 10.913493 0.000000
vt -43.174426 10.532631 0.000000
vt -43.129064 10.893855 0.000000
vt -42.803190 10.645764 0.000000
vt -42.991292 10.727754 0.000000
vt -42.905856 10.018473 0.000000
vt -43.458698 11.223116 0.000000
vt -43.485887 11.557335 0.000000
vt -43.573874 11.437408 0.000000
vt -41.989165 10.054623 0.000000
vt -42.112883 10.417817 0.000000
vt -42.213902 9.790258 0.000000
vt -41.480885 9.529469 0.000000
vt -41.698021 9.847986 0.000000
vt -41.691296 9.515150 0.000000
vt 38.564163 9.036536 0.000000
vt 38.662025 9.635840 0.000000
vt 38.601778 9.311299 0.000000
vt -44.022560 10.819031 0.000000
vt -44.007873 10.359580 0.000000
vt -44.007634 10.380434 0.000000
vt 12.073018 45.395260 0.000000
vt 12.386687 45.368974 0.000000
vt 12.412248 45.430201 0.000000
vt -44.645809 12.263848 0.000000
vt -44.700488 12.276497 0.000000
vt -44.670951 11.864344 0.000000
vt -45.181402 12.463624 0.000000
vt -45.147087 12.037343 0.000000
vt -45.108280 12.340162 0.000000
vt -43.357739 12.076109 0.000000
vt -43.413064 12.019631 0.000000
vt -43.382516 11.778719 0.000000
vt 40.856261 10.060327 0.000000
vt 40.638190 9.539697 0.000000
vt 40.816867 9.346334 0.000000
vt -4.466767 12.246269 0.000000
vt -4.432491 12.706341 0.000000
vt -4.467684 12.268903 0.000000
vt -44.317062 12.612519 0.000000
vt -44.370202 12.473926 0.000000
vt -44.272682 12.175613 0.000000
vt -44.231694 12.629992 0.000000
vt -44.187403 12.193076 0.000000
vt -44.107897 12.270874 0.000000
vt -43.841642 11.641645 0.000000
vt -43.753636 11.761559 0.000000
vt -43.857449 12.082555 0.000000
vt -43.205377 11.566486 0.000000
vt -43.178081 11.232276 0.000000
vt -43.070993 11.212650 0.000000
vt -42.651130 10.987388 0.000000
vt -42.767411 11.506119 0.000000
vt -42.839266 11.069300 0.000000
vt -42.731857 10.318148 0.000000
vt -42.609169 9.954606 0.000000
vt -42.539520 10.364571 0.000000
vt -41.913979 10.112006 0.000000
vt -41.982253 9.701810 0.000000
vt -41.765546 9.383001 0.000000
vt -44.076138 10.196943 0.000000
vt -43.998613 9.594670 0.000000
vt -44.026623 9.869417 0.000000
vt 10.861952 44.351836 0.000000
vt 11.268930 44.428677 0.000000
vt 10.534662 44.308963 0.000000
vt 28.215124 10.106595 0.000000
vt 28.173085 9.833642 0.000000
vt 28.131351 9.374187 0.000000
vt -44.015918 12.706816 0.000000
vt -44.102039 12.687860 0.000000
vt -43.978361 12.328702 0.000000
vt -43.546182 11.832851 0.000000
vt -43.540036 12.178421 0.000000
vt -43.649961 12.153858 0.000000
vt -42.465988 11.841286 0.000000
vt -42.331548 11.487471 0.000000
vt -42.459618 12.186851 0.000000
vt -43.381705 11.426026 0.000000
vt -43.266155 10.907132 0.000000
vt -43.174684 11.313719 0.000000
vt -43.577398 11.692568 0.000000
vt -43.777669 11.955244 0.000000
vt -43.649763 11.255834 0.000000
vt -42.735421 11.152383 0.000000
vt -42.826330 10.745671 0.000000
vt -42.633974 10.792014 0.000000
vt 42.629393 10.148399 0.000000
vt 42.538953 9.744978 0.000000
vt 42.483969 9.418327 0.000000
vt -10.846757 44.475209 0.000000
vt -11.378704 44.580651 0.000000
vt -11.253749 44.551973 0.000000
vt -43.704149 12.387225 0.000000
vt -43.594226 12.411798 0.000000
vt -43.741427 12.765367 0.000000
vt -43.032543 12.150613 0.000000
vt -43.118170 11.905489 0.000000
vt -42.911116 11.793243 0.000000
vt -43.039597 12.112126 0.000000
vt -43.181549 12.650538 0.000000
vt -43.239794 12.374858 0.000000
vt -32.963907 18.729571 0.000000
vt -32.993735 18.974033 0.000000
vt -32.954644 18.601703 0.000000
vt -39.705394 15.556961 0.000000
vt -39.645749 15.017954 0.000000
vt -39.686087 15.429415 0.000000
vt -43.545699 12.530181 0.000000
vt -43.403421 11.991856 0.000000
vt -43.317862 12.237004 0.000000
vt -37.328855 17.569807 0.000000
vt -37.367423 17.729646 0.000000
vt -37.286276 17.361036 0.000000
vt 42.455516 13.764745 0.000000
vt 42.563320 14.211150 0.000000
vt 42.508548 14.005242 0.000000
vt 43.319284 13.417149 0.000000
vt 43.264646 13.177655 0.000000
vt 43.239609 13.051110 0.000000
vt 44.318627 11.735665 0.000000
vt 44.490251 12.206180 0.000000
vt 44.373428 11.890690 0.000000
vt -37.177254 17.514957 0.000000
vt -37.096146 17.062939 0.000000
vt -37.133252 17.305767 0.000000
vt -36.988896 18.466359 0.000000
vt -36.870102 17.979812 0.000000
vt -36.906461 18.139660 0.000000
vt -12.043783 44.737684 0.000000
vt -11.888674 44.684633 0.000000
vt -11.684829 44.620263 0.000000
vt 43.636509 11.266259 0.000000
vt 43.764509 11.965758 0.000000
vt 43.572637 11.736574 0.000000
vt 42.947042 11.233539 0.000000
vt 43.139370 11.172533 0.000000
vt 43.075775 11.642886 0.000000
vt 43.208764 12.679952 0.000000
vt 43.072516 12.165972 0.000000
vt 43.264313 12.395218 0.000000
vt 41.735479 12.002144 0.000000
vt 41.751237 12.350038 0.000000
vt 41.623519 11.650487 0.000000
vt 42.692230 10.141965 0.000000
vt 42.953853 10.544038 0.000000
vt 42.761559 10.605153 0.000000
vt 43.255092 11.157857 0.000000
vt 43.383606 11.567272 0.000000
vt 43.167972 11.420920 0.000000
vt 43.390827 12.057793 0.000000
vt 43.527379 12.571693 0.000000
vt 43.296713 12.269110 0.000000
vt 43.351207 11.864048 0.000000
vt 43.435988 12.171551 0.000000
vt 43.367493 12.211918 0.000000
vt 43.032636 11.248207 0.000000
vt 43.056656 11.574191 0.000000
vt 42.944630 11.222555 0.000000
vt 42.690457 10.513743 0.000000
vt 42.809718 10.148011 0.000000
vt 42.878783 10.611239 0.000000
vt 43.119409 11.951872 0.000000
vt 43.025230 12.163160 0.000000
vt 42.903748 11.805559 0.000000
vt 42.714825 10.913900 0.000000
vt 42.628075 11.177085 0.000000
vt 42.526437 10.816526 0.000000
vt 43.607653 11.725312 0.000000
vt 43.627568 12.112973 0.000000
vt 43.542743 11.805482 0.000000
vt 43.565221 12.376592 0.000000
vt 43.592922 12.691508 0.000000
vt 43.496736 12.416974 0.000000
vt 43.230427 11.241844 0.000000
vt 43.319287 11.487658 0.000000
vt 43.254384 11.567833 0.000000
vt 43.071793 10.554387 0.000000
vt 43.130582 10.913244 0.000000
vt 43.042581 10.887576 0.000000
vt 41.841969 9.390605 0.000000
vt 42.108162 9.753941 0.000000
vt 41.990236 10.120105 0.000000
vt 43.594279 12.052881 0.000000
vt 43.534393 12.120083 0.000000
vt 43.514498 11.732421 0.000000
vt 43.832820 12.323769 0.000000
vt 43.924640 12.715051 0.000000
vt 43.860737 12.638667 0.000000
vt 43.507010 11.013393 0.000000
vt 43.541558 11.419253 0.000000
vt 43.452773 11.173412 0.000000
vt 42.829953 10.566613 0.000000
vt 42.943022 10.765345 0.000000
vt 42.888980 10.925431 0.000000
vt 43.800766 12.334706 0.000000
vt 43.860625 12.267480 0.000000
vt 43.892553 12.725995 0.000000
vt 43.931984 11.964896 0.000000
vt 43.852172 11.644444 0.000000
vt 43.920755 11.472998 0.000000
vt 43.348329 11.422684 0.000000
vt 43.313656 11.016834 0.000000
vt 43.416839 11.251209 0.000000
vt 42.852799 10.399308 0.000000
vt 42.896867 10.787392 0.000000
vt 42.783776 10.588673 0.000000
vt 42.919476 10.787099 0.000000
vt 42.875429 10.399013 0.000000
vt 42.974339 10.539181 0.000000
vt 42.479504 10.087281 0.000000
vt 42.571311 10.263056 0.000000
vt 42.502425 10.452471 0.000000
vt 42.767394 10.246294 0.000000
vt 42.808527 10.644025 0.000000
vt 42.709569 10.503892 0.000000
vt 42.221508 10.017189 0.000000
vt 42.257307 10.400359 0.000000
vt 42.165373 10.224650 0.000000
vt 42.893424 10.641570 0.000000
vt 42.852350 10.243833 0.000000
vt 42.950520 10.290209 0.000000
vt 42.332579 10.015689 0.000000
vt 42.425957 10.141231 0.000000
vt 42.368296 10.398866 0.000000
vt 41.677257 9.711656 0.000000
vt 41.778314 9.856825 0.000000
vt 41.722368 10.064337 0.000000
vt 42.913882 10.366524 0.000000
vt 42.815710 10.320153 0.000000
vt 42.871329 10.026950 0.000000
vt 42.334160 9.799369 0.000000
vt 42.362068 10.184619 0.000000
vt 42.268675 10.059088 0.000000
vt 41.627308 9.599379 0.000000
vt 41.651975 9.935870 0.000000
vt 41.550881 9.790727 0.000000
vt 42.292446 10.184670 0.000000
vt 42.264493 9.799423 0.000000
vt 42.347826 9.891421 0.000000
vt 42.814650 10.373335 0.000000
vt 42.772051 10.033767 0.000000
vt 42.871272 9.948568 0.000000
vt 41.905861 9.937386 0.000000
vt 41.881358 9.600882 0.000000
vt 41.971169 9.677622 0.000000
vt 41.900098 9.615810 0.000000
vt 41.977896 9.765918 0.000000
vt 41.901359 9.957222 0.000000
vt 41.761202 10.410935 0.000000
vt 41.677835 10.318968 0.000000
vt 41.761026 10.031691 0.000000
vt 43.168821 10.302709 0.000000
vt 43.069588 10.387895 0.000000
vt 43.069215 10.008650 0.000000
vt 41.215731 10.368757 0.000000
vt 41.282877 10.119358 0.000000
vt 41.305572 10.445463 0.000000
vt 40.451207 10.249247 0.000000
vt 40.470021 10.544246 0.000000
vt 40.392209 10.394144 0.000000
vt 41.925029 10.385092 0.000000
vt 41.902198 10.058997 0.000000
vt 42.008186 10.097805 0.000000
vt 41.436959 10.655089 0.000000
vt 41.532982 10.490674 0.000000
vt 41.535839 10.949394 0.000000
vt 41.482484 10.139904 0.000000
vt 41.568697 10.185467 0.000000
vt 41.501613 10.434882 0.000000
vt 41.319494 10.352057 0.000000
vt 41.390924 10.559648 0.000000
vt 41.332156 10.704639 0.000000
vt 41.559843 11.002931 0.000000
vt 41.604274 10.705952 0.000000
vt 41.665801 11.041820 0.000000
vt 42.223635 10.990055 0.000000
vt 42.250281 10.565613 0.000000
vt 42.319237 10.825395 0.000000
vt 41.095704 10.888730 0.000000
vt 41.131414 10.650235 0.000000
vt 41.181880 10.934364 0.000000
vt 40.701954 10.641260 0.000000
vt 40.665932 10.879708 0.000000
vt 40.594899 10.671981 0.000000
vt 40.905824 10.718771 0.000000
vt 41.001143 10.706053 0.000000
vt 40.956082 11.002937 0.000000
vt 41.627478 11.054606 0.000000
vt 41.566001 10.718729 0.000000
vt 41.655147 10.630230 0.000000
vt 42.627481 10.401669 0.000000
vt 42.714470 10.230273 0.000000
vt 42.696853 10.661340 0.000000
vt 40.480597 9.803929 0.000000
vt 40.524423 10.049698 0.000000
vt 40.417356 10.080380 0.000000
vt 40.914879 10.082759 0.000000
vt 40.819557 10.095458 0.000000
vt 40.856382 9.807157 0.000000
vt 40.863563 10.103131 0.000000
vt 40.891904 9.746478 0.000000
vt 40.952869 10.014793 0.000000
vt 41.326189 9.894051 0.000000
vt 41.347142 9.490392 0.000000
vt 41.413743 9.722942 0.000000
vt 40.480797 9.779500 0.000000
vt 40.443832 10.067783 0.000000
vt 40.400029 9.822009 0.000000
vt 40.868588 9.746011 0.000000
vt 40.840234 10.102662 0.000000
vt 40.781767 9.827054 0.000000
vt 41.385281 9.894142 0.000000
vt 41.324163 9.625862 0.000000
vt 41.406205 9.490481 0.000000
vt 40.050468 8.797683 0.000000
vt 40.105060 9.071893 0.000000
vt 40.024288 9.114393 0.000000
vt 40.168689 9.186338 0.000000
vt 40.199378 8.911950 0.000000
vt 40.255536 9.105322 0.000000
vt 39.900422 8.761853 0.000000
vt 39.919853 8.373487 0.000000
vt 39.982461 8.626470 0.000000
vt 39.789125 8.859947 0.000000
vt 39.758477 9.134339 0.000000
vt 39.703837 8.860139 0.000000
vt 41.063153 8.683318 0.000000
vt 41.139134 8.488382 0.000000
vt 41.119200 8.876722 0.000000
vt 41.450674 8.357942 0.000000
vt 41.388676 8.104809 0.000000
vt 41.477753 7.995443 0.000000
vt 39.769511 7.686929 0.000000
vt 39.787089 7.946267 0.000000
vt 39.701801 7.946460 0.000000
vt 39.531763 7.742841 0.000000
vt 39.456328 7.937989 0.000000
vt 39.438546 7.678665 0.000000
vt 40.127260 6.874203 0.000000
vt 40.184637 6.503423 0.000000
vt 40.215851 6.764442 0.000000
vt 40.075454 7.761906 0.000000
vt 40.135832 7.933206 0.000000
vt 40.049524 8.124489 0.000000
vt 40.100044 6.654068 0.000000
vt 40.132630 6.930915 0.000000
vt 40.039543 6.866551 0.000000
vt 40.383807 6.571964 0.000000
vt 40.326092 6.942692 0.000000
vt 40.293747 6.665817 0.000000
vt 41.195806 6.843651 0.000000
vt 41.165861 6.582483 0.000000
vt 41.282268 6.536467 0.000000
vt 42.189084 7.497140 0.000000
vt 42.129951 7.325406 0.000000
vt 42.217933 7.018654 0.000000
vt 40.742722 6.870517 0.000000
vt 40.801480 7.055600 0.000000
vt 40.711257 7.149295 0.000000
vt 41.538862 7.618537 0.000000
vt 41.600414 7.280449 0.000000
vt 41.655339 7.572699 0.000000
vt 41.303802 7.081523 0.000000
vt 41.228328 7.240961 0.000000
vt 41.254900 6.762343 0.000000
vt 40.165819 6.850396 0.000000
vt 40.105647 7.188732 0.000000
vt 40.046459 7.003786 0.000000
vt 41.706307 7.568738 0.000000
vt 41.651422 7.276480 0.000000
vt 41.746962 7.200303 0.000000
vt 41.109448 7.606363 0.000000
vt 41.173565 7.734610 0.000000
vt 41.053880 7.887747 0.000000
vt 41.915487 7.638333 0.000000
vt 42.000439 7.277315 0.000000
vt 42.011072 7.562213 0.000000
vt 41.348642 7.349203 0.000000
vt 41.329799 7.664012 0.000000
vt 41.265707 7.535753 0.000000
vt 42.520414 7.435911 0.000000
vt 42.435166 7.796859 0.000000
vt 42.454499 7.482080 0.000000
vt 41.164416 7.150707 0.000000
vt 41.210006 7.278409 0.000000
vt 41.127110 7.464977 0.000000
vt 42.201938 7.094005 0.000000
vt 42.223095 6.747394 0.000000
vt 42.267829 7.047803 0.000000
vt 42.028447 6.713158 0.000000
vt 42.007472 7.059781 0.000000
vt 41.962096 6.932002 0.000000
vt 41.881517 6.612864 0.000000
vt 41.954832 6.682058 0.000000
vt 41.888525 6.900916 0.000000
vt 42.510249 10.017074 0.000000
vt 42.596824 10.726317 0.000000
vt 42.334636 10.324613 0.000000
vt 41.726359 9.432037 0.000000
vt 42.006227 9.641452 0.000000
vt 41.831183 9.949315 0.000000
vt 42.194796 10.016964 0.000000
vt 42.310521 10.392873 0.000000
vt 42.282040 10.726125 0.000000
vt 41.729631 9.193609 0.000000
vt 41.946176 9.714875 0.000000
vt 41.666259 9.505527 0.000000
vt 41.656448 9.434939 0.000000
vt 41.761418 9.952187 0.000000
vt 41.494637 9.589284 0.000000
vt 42.083773 10.069516 0.000000
vt 42.107069 10.434682 0.000000
vt 41.991142 10.058835 0.000000
vt 41.113347 8.807762 0.000000
vt 41.406321 9.075223 0.000000
vt 41.343329 9.387218 0.000000
vt 41.344558 8.751282 0.000000
vt 41.574000 9.330952 0.000000
vt 41.412241 9.485352 0.000000
vt 42.040863 9.700122 0.000000
vt 42.085671 10.052842 0.000000
vt 41.993040 10.042161 0.000000
vt 42.293485 9.763025 0.000000
vt 42.245446 10.105033 0.000000
vt 42.208130 9.390928 0.000000
vt 41.269382 9.582791 0.000000
vt 41.270935 9.924202 0.000000
vt 41.184880 9.552267 0.000000
vt 40.829808 10.415703 0.000000
vt 40.842069 10.768300 0.000000
vt 40.757574 10.737756 0.000000
vt 38.583844 9.665033 0.000000
vt 38.654283 10.059148 0.000000
vt 38.581015 10.380967 0.000000
vt 38.647076 9.782699 0.000000
vt 38.647896 10.060483 0.000000
vt 38.577459 9.666368 0.000000
vt 40.027915 9.730906 0.000000
vt 40.092420 9.732263 0.000000
vt 40.029067 10.008688 0.000000
vt 39.838954 8.865780 0.000000
vt 39.823446 9.074077 0.000000
vt 39.753814 8.957755 0.000000
vt 40.105790 9.097434 0.000000
vt 40.041285 9.096077 0.000000
vt 40.056823 8.887782 0.000000
vt 39.192906 7.968109 0.000000
vt 39.204134 8.239596 0.000000
vt 39.119070 8.331641 0.000000
vt 40.051040 8.797745 0.000000
vt 40.024860 9.114454 0.000000
vt 39.975883 8.904805 0.000000
vt 39.093986 8.236128 0.000000
vt 39.082701 7.964643 0.000000
vt 39.169025 8.128985 0.000000
vt 35.502905 6.569631 0.000000
vt 35.551416 6.922235 0.000000
vt 35.480594 7.286367 0.000000
vt 39.885462 7.812543 0.000000
vt 39.799414 7.648058 0.000000
vt 39.880076 7.524818 0.000000
vt 39.085561 6.576196 0.000000
vt 39.047598 6.872285 0.000000
vt 39.003071 6.519155 0.000000
vt 38.714873 6.776635 0.000000
vt 38.752440 6.480495 0.000000
vt 38.795074 6.653095 0.000000
vt 39.161766 7.749088 0.000000
vt 39.155813 7.461374 0.000000
vt 39.229121 7.489465 0.000000
vt 38.933918 6.553480 0.000000
vt 38.904873 6.817890 0.000000
vt 38.822345 6.760905 0.000000
vt 39.266319 6.611239 0.000000
vt 39.224027 6.438556 0.000000
vt 39.320019 6.326853 0.000000
vt 39.536229 6.711739 0.000000
vt 39.462951 6.683570 0.000000
vt 39.516897 6.399231 0.000000
vt 39.901894 6.932473 0.000000
vt 39.805645 7.043954 0.000000
vt 39.835519 6.779636 0.000000
vt 40.433327 7.544769 0.000000
vt 40.320892 7.751729 0.000000
vt 40.393639 7.406366 0.000000
vt 39.766665 6.737868 0.000000
vt 39.747654 6.425339 0.000000
vt 39.826907 6.525311 0.000000
vt 39.116159 6.906381 0.000000
vt 39.065785 7.205868 0.000000
vt 38.999028 7.053196 0.000000
vt 39.426277 7.509413 0.000000
vt 39.346080 7.794936 0.000000
vt 39.306163 7.656599 0.000000
vt 39.397213 6.806684 0.000000
vt 39.317786 6.706851 0.000000
vt 39.427329 6.527757 0.000000
vt 40.613455 7.412868 0.000000
vt 40.503280 7.591574 0.000000
vt 40.554685 7.292263 0.000000
vt 40.253440 7.900154 0.000000
vt 40.136036 8.046751 0.000000
vt 40.216434 7.761285 0.000000
vt 39.929619 7.935983 0.000000
vt 39.809455 8.083128 0.000000
vt 39.918704 7.747424 0.000000
vt 40.128448 7.357716 0.000000
vt 40.073251 7.639172 0.000000
vt 40.014358 7.518626 0.000000
vt 40.424630 7.593961 0.000000
vt 40.356061 7.875566 0.000000
vt 40.319066 7.736695 0.000000
vt 41.110452 7.614889 0.000000
vt 41.047874 7.886001 0.000000
vt 41.037028 7.697437 0.000000
vt 40.670718 7.769375 0.000000
vt 40.556534 7.930219 0.000000
vt 40.625142 7.648624 0.000000
vt 40.348928 7.535170 0.000000
vt 40.243372 7.677910 0.000000
vt 40.305806 7.406765 0.000000
vt 40.524524 7.062700 0.000000
vt 40.451154 7.145297 0.000000
vt 40.510316 6.799457 0.000000
vt 41.454001 7.203948 0.000000
vt 41.416555 7.518201 0.000000
vt 41.371074 7.397413 0.000000
vt 41.225191 7.020599 0.000000
vt 41.196628 7.292991 0.000000
vt 41.153647 7.164539 0.000000
vt 40.957759 6.872577 0.000000
vt 40.929390 7.071254 0.000000
vt 40.915379 6.808000 0.000000
vt 41.226865 7.090099 0.000000
vt 41.144009 7.283595 0.000000
vt 41.172546 7.011200 0.000000
vt 41.103545 6.950215 0.000000
vt 41.032033 7.094171 0.000000
vt 41.060441 6.895500 0.000000
vt 41.296996 6.499762 0.000000
vt 41.273298 6.691797 0.000000
vt 41.230965 6.627189 0.000000
vt 41.574035 6.586413 0.000000
vt 41.581279 6.874458 0.000000
vt 41.527022 6.795518 0.000000
vt 41.353701 6.512987 0.000000
vt 41.373045 6.759759 0.000000
vt 41.329974 6.705018 0.000000
vt 41.472411 6.552149 0.000000
vt 41.425453 6.761266 0.000000
vt 41.406142 6.514492 0.000000
vt 0.351919 0.183024 0.000000
vt 0.344167 0.149025 0.000000
vt 0.345411 0.149020 0.000000
vt 0.341099 0.134086 0.000000
vt 0.342285 0.133743 0.000000
vt 0.338364 0.119148 0.000000
vt 0.339508 0.118466 0.000000
vt 0.335984 0.104209 0.000000
vt 0.337107 0.103189 0.000000
vt 0.337113 0.101239 0.000000
vt 0.336371 0.098136 0.000000
vt 0.337113 0.099290 0.000000
vt 0.337107 0.097341 0.000000
vt 0.359445 0.217028 0.000000
vt 0.358237 0.217030 0.000000
vt 0.350698 0.183027 0.000000
vt 0.367655 0.251032 0.000000
vt 0.366453 0.251032 0.000000
vt 0.422309 0.237960 0.000000
vt 0.427601 0.238260 0.000000
vt 0.421564 0.244178 0.000000
vt 0.427599 0.244626 0.000000
vt 0.421147 0.246681 0.000000
vt 0.427413 0.247676 0.000000
vt 0.420733 0.249185 0.000000
vt 0.427230 0.250726 0.000000
vt 0.420322 0.251688 0.000000
vt 0.427052 0.253776 0.000000
vt 0.416445 0.265444 0.000000
vt 0.424490 0.268363 0.000000
vt 0.412751 0.279199 0.000000
vt 0.422095 0.282951 0.000000
vt 0.409275 0.292955 0.000000
vt 0.419892 0.297538 0.000000
vt 0.408291 0.296791 0.000000
vt 0.407328 0.300632 0.000000
vt 0.419423 0.300947 0.000000
vt 0.418965 0.304357 0.000000
vt 0.427618 0.231894 0.000000
vt 0.423070 0.231743 0.000000
vt 0.427650 0.225528 0.000000
vt 0.423844 0.225528 0.000000
vt 0.406385 0.304478 0.000000
vt 0.418520 0.307766 0.000000
vt 0.416343 0.315754 0.000000
vt 0.414295 0.323742 0.000000
vt 0.401821 0.320482 0.000000
vt 0.404040 0.312480 0.000000
vt 0.399736 0.328484 0.000000
vt 0.412383 0.331730 0.000000
vt 0.398892 0.332314 0.000000
vt 0.411365 0.336363 0.000000
vt 0.398076 0.336151 0.000000
vt 0.397290 0.339994 0.000000
vt 0.410394 0.341006 0.000000
vt 0.396309 0.344510 0.000000
vt 0.409469 0.345659 0.000000
vt 0.395375 0.349035 0.000000
vt 0.405318 0.359364 0.000000
vt 0.394488 0.353571 0.000000
vt 0.394152 0.355943 0.000000
vt 0.393827 0.358316 0.000000
vt 0.393514 0.360688 0.000000
vt 0.393432 0.361381 0.000000
vt 0.393352 0.362074 0.000000
vt 0.393272 0.362766 0.000000
vt 0.402745 0.365659 0.000000
vt 0.393246 0.363115 0.000000
vt 0.393220 0.363463 0.000000
vt 0.393194 0.363811 0.000000
vt 0.393194 0.364139 0.000000
vt 0.393194 0.364467 0.000000
vt 0.393234 0.365249 0.000000
vt 0.393194 0.364795 0.000000
vt 0.402004 0.367027 0.000000
vt 0.393966 0.366928 0.000000
vt 0.393417 0.366047 0.000000
vt 0.393306 0.365668 0.000000
vt 0.394434 0.367396 0.000000
vt 0.401187 0.368145 0.000000
vt 0.399343 0.369637 0.000000
vt 0.392258 0.390966 0.000000
vt 0.392861 0.383110 0.000000
vt 0.393587 0.375253 0.000000
vt 0.393568 0.366376 0.000000
vt 0.382945 9.930812 0.000000
vt 0.382008 9.926937 0.000000
vt 0.383089 9.926449 0.000000
vt 0.376820 9.906052 0.000000
vt 0.377941 9.905727 0.000000
vt 0.371635 9.885167 0.000000
vt 0.372797 9.885004 0.000000
vt 0.367655 9.864280 0.000000
vt 0.366453 9.864280 0.000000
vt 0.384038 9.930393 0.000000
vt 0.383881 9.934686 0.000000
vt 0.384988 9.934336 0.000000
vt 0.384818 9.938561 0.000000
vt 0.385938 9.938280 0.000000
vt 0.385799 9.941522 0.000000
vt 0.387101 9.941091 0.000000
vt 0.387656 9.943039 0.000000
vt 0.387199 9.945750 0.000000
vt 0.388211 9.944988 0.000000
vt 0.388765 9.946937 0.000000
vt 0.408438 10.028329 0.000000
vt 0.400033 10.001123 0.000000
vt 0.393613 9.973437 0.000000
vt 0.409022 10.030741 0.000000
vt 0.407023 10.031210 0.000000
vt 0.406460 10.028808 0.000000
vt 0.409539 10.033018 0.000000
vt 0.408625 10.038031 0.000000
vt 0.410057 10.035296 0.000000
vt 0.410574 10.037573 0.000000
vt 0.408847 10.038977 0.000000
vt 0.410791 10.038540 0.000000
vt 0.411970 10.043795 0.000000
vt 0.413436 10.067052 0.000000
vt 0.416857 10.072719 0.000000
vt 0.418030 10.095126 0.000000
vt 0.421750 10.101641 0.000000
vt 0.422629 10.123199 0.000000
vt 0.426650 10.130563 0.000000
vt 0.423076 10.126017 0.000000
vt 0.423523 10.128834 0.000000
vt 0.423970 10.131652 0.000000
vt 0.424276 10.133693 0.000000
vt 0.426965 10.132871 0.000000
vt 0.424583 10.135734 0.000000
vt 0.427281 10.135179 0.000000
vt 0.424890 10.137774 0.000000
vt 0.427597 10.137488 0.000000
vt 0.427757 10.139973 0.000000
vt 0.427917 10.142457 0.000000
vt 0.428077 10.144942 0.000000
vt 0.425510 10.152016 0.000000
vt 0.426131 10.166257 0.000000
vt 0.427842 10.180506 0.000000
vt 0.426753 10.180499 0.000000
vt 0.426752 10.182916 0.000000
vt 0.427796 10.187757 0.000000
vt 0.426751 10.185333 0.000000
vt 0.426750 10.187751 0.000000
vt 0.425781 10.195456 0.000000
vt 0.427650 10.210867 0.000000
vt 0.424812 10.203161 0.000000
vt 0.423844 10.210867 0.000000
vt 0.237303 -0.060929 0.000000
vt 0.245000 0.000000 0.000000
vt 0.170000 0.000000 0.000000
vt 0.237303 0.060929 0.000000
vt 0.162447 0.050108 0.000000
vt 0.214695 0.118030 0.000000
vt 0.140461 0.095764 0.000000
vt 0.178597 0.167714 0.000000
vt 0.105993 0.132911 0.000000
vt 0.131278 0.206860 0.000000
vt 0.062108 0.158249 0.000000
vt 0.075709 0.233009 0.000000
vt 0.012704 0.169525 0.000000
vt 0.015384 0.244517 0.000000
vt -0.045908 0.240660 0.000000
vt -0.037829 0.165738 0.000000
vt -0.104316 0.221683 0.000000
vt -0.085000 0.147224 0.000000
vt -0.156169 0.188776 0.000000
vt -0.124619 0.115629 0.000000
vt -0.198209 0.144007 0.000000
vt -0.153165 0.073760 0.000000
vt -0.227795 0.090191 0.000000
vt -0.168101 0.025337 0.000000
vt -0.243068 0.030707 0.000000
vt -0.243068 -0.030707 0.000000
vt -0.168101 -0.025337 0.000000
vt -0.227795 -0.090191 0.000000
vt -0.153165 -0.073760 0.000000
vt -0.198209 -0.144007 0.000000
vt -0.124619 -0.115629 0.000000
vt -0.156169 -0.188776 0.000000
vt -0.085000 -0.147224 0.000000
vt -0.104316 -0.221683 0.000000
vt -0.037829 -0.165738 0.000000
vt -0.045908 -0.240660 0.000000
vt 0.012704 -0.169525 0.000000
vt 0.015384 -0.244517 0.000000
vt 0.075709 -0.233009 0.000000
vt 0.062108 -0.158249 0.000000
vt 0.131278 -0.206860 0.000000
vt 0.105993 -0.132911 0.000000
vt 0.178597 -0.167714 0.000000
vt 0.140461 -0.095764 0.000000
vt 0.214695 -0.118030 0.000000
vt 0.162447 -0.050108 0.000000
vt 0.287048 -0.068032 0.000000
vt 0.295000 0.000000 0.000000
vt 0.120000 0.000000 0.000000
vt 0.287048 0.068032 0.000000
vt 0.111897 0.043349 0.000000
vt 0.263622 0.132396 0.000000
vt 0.088681 0.080843 0.000000
vt 0.225983 0.189622 0.000000
vt 0.176162 0.236626 0.000000
vt 0.053489 0.107420 0.000000
vt 0.116844 0.270874 0.000000
vt 0.051226 0.290518 0.000000
vt 0.011072 0.119488 0.000000
vt -0.017153 0.294501 0.000000
vt -0.032840 0.115419 0.000000
vt -0.084607 0.282607 0.000000
vt -0.147500 0.255477 0.000000
vt -0.072316 0.095762 0.000000
vt -0.202441 0.214575 0.000000
vt -0.102026 0.063172 0.000000
vt -0.246469 0.162105 0.000000
vt -0.277209 0.100896 0.000000
vt -0.117957 0.022050 0.000000
vt -0.293005 0.034247 0.000000
vt -0.293005 -0.034247 0.000000
vt -0.117957 -0.022050 0.000000
vt -0.277209 -0.100896 0.000000
vt -0.102026 -0.063172 0.000000
vt -0.246469 -0.162105 0.000000
vt -0.202441 -0.214575 0.000000
vt -0.072316 -0.095762 0.000000
vt -0.147500 -0.255477 0.000000
vt -0.032840 -0.115419 0.000000
vt -0.084607 -0.282607 0.000000
vt -0.017153 -0.294501 0.000000
vt 0.011072 -0.119488 0.000000
vt 0.051226 -0.290518 0.000000
vt 0.053489 -0.107420 0.000000
vt 0.116844 -0.270874 0.000000
vt 0.176162 -0.236626 0.000000
vt 0.088681 -0.080843 0.000000
vt 0.225983 -0.189622 0.000000
vt 0.263622 -0.132396 0.000000
vt 0.111897 -0.043349 0.000000
vn -0.015545 0.000000 -0.098784
vn -0.003439 0.050000 -0.086534
vn 0.007656 0.000000 -0.099707
vn 0.016610 0.050000 -0.084995
vn 0.030443 0.000000 -0.095253
vn 0.035763 0.050000 -0.078873
vn 0.051590 0.000000 -0.085665
vn 0.052989 0.050000 -0.068500
vn 0.069955 0.000000 -0.071459
vn 0.067357 0.050000 -0.054433
vn 0.084549 0.000000 -0.053400
vn 0.078095 0.050000 -0.037432
vn 0.094584 0.000000 -0.032462
vn 0.084622 0.050000 -0.018414
vn 0.099521 0.000000 -0.009774
vn 0.086588 0.050000 0.001598
vn 0.099093 0.000000 0.013440
vn 0.083885 0.050000 0.021524
vn 0.093322 -0.000000 0.035930
vn 0.076660 0.050000 0.040289
vn 0.082521 -0.000000 0.056483
vn 0.065303 0.050000 0.056882
vn 0.067270 -0.000000 0.073991
vn 0.050425 0.050000 0.070408
vn 0.048393 -0.000000 0.087510
vn 0.032828 0.050000 0.080139
vn 0.026908 -0.000000 0.096312
vn 0.013462 0.050000 0.085550
vn 0.003971 -0.000000 0.099921
vn -0.006630 0.050000 0.086348
vn -0.019179 -0.000000 0.098144
vn -0.026365 0.050000 0.082492
vn -0.041296 -0.000000 0.091075
vn -0.044678 0.050000 0.074188
vn -0.061186 -0.000000 0.079097
vn -0.060583 0.050000 0.061885
vn -0.077778 -0.000000 0.062854
vn -0.073221 0.050000 0.046246
vn -0.090176 -0.000000 0.043223
vn -0.081912 0.050000 0.028113
vn -0.097713 -0.000000 0.021262
vn -0.086188 0.050000 0.008465
vn -0.099983 -0.000000 -0.001845
vn -0.085817 0.050000 -0.011640
vn -0.096862 -0.000000 -0.024853
vn -0.080819 0.050000 -0.031116
vn -0.088520 0.000000 -0.046521
vn -0.071465 0.050000 -0.048916
vn -0.075405 0.000000 -0.065681
vn -0.058258 0.050000 -0.064078
vn -0.058226 0.000000 -0.081301
vn -0.041910 0.050000 -0.075786
vn -0.037907 0.000000 -0.092537
vn -0.023303 0.050000 -0.083409
vn -0.000000 0.100000 0.000000
vn 0.009590 0.086603 -0.049072
vn 0.000000 0.100000 -0.000000
vn -0.001986 0.086603 -0.049961
vn 0.000000 0.100000 0.000000
vn -0.013454 0.086603 -0.048156
vn -0.000000 0.100000 -0.000000
vn -0.024197 0.086603 -0.043755
vn -0.000000 0.100000 -0.000000
vn -0.033635 0.086603 -0.036996
vn 0.000000 0.100000 0.000000
vn -0.041260 0.086603 -0.028242
vn 0.000000 0.100000 0.000000
vn -0.046661 0.086603 -0.017965
vn 0.000000 0.100000 0.000000
vn -0.049546 0.086603 -0.006720
vn -0.049761 0.086603 0.004887
vn 0.020648 0.086603 -0.045538
vn 0.000000 0.100000 -0.000000
vn 0.030593 0.086603 -0.039548
vn 0.000000 0.100000 -0.000000
vn 0.038889 0.086603 -0.031427
vn -0.000000 0.100000 0.000000
vn 0.045088 0.086603 -0.021612
vn -0.000000 0.100000 0.000000
vn 0.048857 0.086603 -0.010631
vn -0.000000 0.100000 -0.000000
vn 0.049991 0.086603 0.000923
vn 0.048431 0.086603 0.012427
vn -0.000000 0.100000 -0.000000
vn 0.044260 0.086603 0.023261
vn -0.000000 0.100000 -0.000000
vn 0.037703 0.086603 0.032841
vn -0.000000 0.100000 -0.000000
vn 0.029113 0.086603 0.040650
vn -0.000000 0.100000 -0.000000
vn 0.018953 0.086603 0.046268
vn -0.000000 0.100000 -0.000000
vn 0.007772 0.086603 0.049392
vn -0.000000 0.100000 -0.000000
vn -0.003828 0.086603 0.049853
vn 0.000000 0.100000 -0.000000
vn -0.015222 0.086603 0.047627
vn 0.000000 0.100000 -0.000000
vn -0.025795 0.086603 0.042833
vn 0.000000 0.100000 -0.000000
vn -0.034977 0.086603 0.035729
vn 0.000000 0.100000 -0.000000
vn -0.042274 0.086603 0.026700
vn 0.000000 0.100000 -0.000000
vn -0.047292 0.086603 0.016231
vn 0.000000 0.100000 -0.000000
vn -0.000000 0.100000 -0.000000
vn 0.002996 0.086603 0.049910
vn -0.000000 0.100000 0.000000
vn -0.010581 0.086603 0.048868
vn 0.000000 0.100000 -0.000000
vn -0.023373 0.086603 0.044201
vn 0.000000 0.100000 -0.000000
vn -0.034431 0.086603 0.036256
vn 0.000000 0.100000 -0.000000
vn -0.042936 0.086603 0.025622
vn -0.000000 0.100000 0.000000
vn -0.048257 0.086603 0.013088
vn -0.000000 0.100000 -0.000000
vn -0.049998 0.086603 -0.000417
vn -0.048032 0.086603 -0.013891
vn -0.086600 0.050000 -0.000722
vn -0.083193 0.050000 -0.024059
vn -0.093805 0.000000 -0.034649
vn -0.073617 0.050000 -0.045613
vn -0.074954 0.000000 -0.066196
vn -0.058581 0.050000 -0.063783
vn -0.045980 0.000000 -0.088802
vn -0.039200 0.050000 -0.077223
vn -0.010796 0.000000 -0.099416
vn -0.016912 0.050000 -0.084935
vn 0.006630 0.050000 -0.086348
vn 0.003828 0.086603 -0.049853
vn 0.017136 0.086603 -0.046972
vn 0.000000 0.100000 -0.000000
vn -0.000000 0.100000 0.000000
vn 0.029174 0.086603 -0.040607
vn 0.000000 0.100000 -0.000000
vn 0.039047 0.086603 -0.031230
vn -0.000000 0.100000 0.000000
vn 0.046025 0.086603 -0.019537
vn 0.000000 0.100000 -0.000000
vn 0.049589 0.086603 -0.006395
vn 0.000000 0.100000 0.000000
vn 0.049476 0.086603 0.007221
vn 0.045693 0.086603 0.020302
vn 0.085695 0.050000 0.012507
vn 0.079142 0.050000 0.035164
vn 0.098575 0.000000 0.016823
vn 0.085841 0.000000 0.051296
vn 0.016351 0.086603 0.047251
vn -0.000000 0.100000 -0.000000
vn 0.028492 0.086603 0.041087
vn -0.000000 0.100000 -0.000000
vn 0.038521 0.086603 0.031877
vn 0.000000 0.100000 0.000000
vn -0.000000 0.100000 -0.000000
vn -0.009764 0.086603 -0.049037
vn 0.000000 0.100000 0.000000
vn -0.022632 0.086603 -0.044584
vn -0.000000 0.100000 -0.000000
vn -0.033822 0.086603 -0.036825
vn 0.000000 0.100000 0.000000
vn -0.042503 0.086603 -0.026334
vn -0.000000 0.100000 -0.000000
vn -0.043157 0.000000 0.090208
vn -0.018326 0.050000 0.084641
vn -0.007656 0.000000 0.099707
vn 0.005190 0.050000 0.086447
vn 0.028879 0.000000 0.095739
vn 0.028320 0.050000 0.081841
vn 0.049350 0.050000 0.071166
vn -0.040482 0.050000 0.076558
vn -0.072829 0.000000 0.068526
vn -0.059636 0.050000 0.062797
vn -0.074367 0.050000 0.044379
vn -0.092666 0.000000 0.037590
vn -0.083583 0.050000 0.022669
vn -0.099988 0.000000 0.001577
vn 0.025846 0.000000 -0.096602
vn 0.029681 0.050000 -0.081358
vn 0.058998 0.000000 -0.080742
vn 0.050530 0.050000 -0.070333
vn 0.067632 0.050000 -0.054092
vn 0.084181 0.000000 -0.053977
vn 0.079718 0.050000 -0.033839
vn 0.097995 0.000000 -0.019923
vn 0.085891 0.050000 -0.011077
vn 0.066721 0.050000 0.055212
vn 0.061514 0.000000 0.078842
vn 0.010796 -0.000000 0.099416
vn -0.025846 -0.000000 0.096602
vn -0.058998 -0.000000 0.080742
vn -0.084181 -0.000000 0.053977
vn -0.097995 -0.000000 0.019923
vn -0.098575 -0.000000 -0.016823
vn -0.085841 0.000000 -0.051296
vn -0.061514 0.000000 -0.078842
vn -0.028879 0.000000 -0.095739
vn 0.007656 0.000000 -0.099707
vn 0.043157 0.000000 -0.090208
vn 0.072829 0.000000 -0.068526
vn 0.092666 0.000000 -0.037590
vn 0.099988 0.000000 -0.001577
vn 0.093805 -0.000000 0.034649
vn 0.074954 -0.000000 0.066196
vn 0.045980 -0.000000 0.088802
vn 0.019179 0.000000 -0.098144
vn -0.003971 0.000000 -0.099921
vn -0.026908 0.000000 -0.096312
vn -0.037690 0.000000 -0.092625
vn -0.037721 0.000000 -0.092613
vn -0.037735 0.000000 -0.092607
vn -0.037813 0.000000 -0.092575
vn 0.041296 0.000000 -0.091075
vn 0.061186 0.000000 -0.079097
vn 0.077778 0.000000 -0.062854
vn 0.090176 0.000000 -0.043223
vn 0.097713 0.000000 -0.021262
vn 0.099983 0.000000 0.001845
vn 0.096862 0.000000 0.024853
vn 0.088520 -0.000000 0.046521
vn 0.075405 -0.000000 0.065681
vn 0.058226 -0.000000 0.081301
vn 0.037907 -0.000000 0.092537
vn 0.015545 -0.000000 0.098784
vn -0.007656 -0.000000 0.099707
vn -0.030443 -0.000000 0.095253
vn -0.050247 -0.000000 0.086459
vn -0.065082 -0.000000 0.075923
vn -0.065266 -0.000000 0.075765
vn -0.065450 -0.000000 0.075606
vn -0.065633 -0.000000 0.075448
vn -0.078093 -0.000000 0.062461
vn -0.081701 -0.000000 0.057662
vn -0.085015 -0.000000 0.052654
vn -0.088022 -0.000000 0.047457
vn -0.088130 -0.000000 0.047255
vn -0.088238 -0.000000 0.047053
vn -0.088346 -0.000000 0.046851
vn -0.090974 -0.000000 0.041519
vn -0.093280 -0.000000 0.036040
vn -0.095257 -0.000000 0.030433
vn -0.095301 -0.000000 0.030295
vn -0.095344 -0.000000 0.030157
vn -0.095388 -0.000000 0.030019
vn -0.097174 -0.000000 0.023606
vn -0.098529 -0.000000 0.017089
vn -0.099448 -0.000000 0.010496
vn -0.099463 -0.000000 0.010348
vn -0.099479 -0.000000 0.010199
vn -0.099494 -0.000000 0.010050
vn -0.099944 -0.000000 0.003350
vn -0.099943 -0.000000 -0.003365
vn -0.099492 -0.000000 -0.010065
vn -0.099478 -0.000000 -0.010200
vn -0.099465 -0.000000 -0.010334
vn -0.099450 -0.000000 -0.010469
vn -0.098501 -0.000000 -0.017251
vn -0.097089 -0.000000 -0.023951
vn -0.095223 -0.000000 -0.030539
vn -0.095180 -0.000000 -0.030673
vn -0.095137 -0.000000 -0.030806
vn -0.095093 -0.000000 -0.030940
vn -0.092724 0.000000 -0.037446
vn -0.089911 0.000000 -0.043773
vn -0.086666 0.000000 -0.049890
vn -0.086595 0.000000 -0.050013
vn -0.086524 0.000000 -0.050136
vn -0.086453 0.000000 -0.050258
vn -0.083455 0.000000 -0.055093
vn -0.080187 0.000000 -0.059750
vn -0.076659 0.000000 -0.064213
vn -0.076572 0.000000 -0.064317
vn -0.076485 0.000000 -0.064421
vn -0.076398 0.000000 -0.064524
vn -0.073663 0.000000 -0.067629
vn -0.070803 0.000000 -0.070619
vn -0.067821 0.000000 -0.073487
vn -0.067718 0.000000 -0.073582
vn -0.067615 0.000000 -0.073676
vn -0.067512 0.000000 -0.073771
vn -0.063540 0.000000 -0.077218
vn -0.059394 0.000000 -0.080451
vn -0.055086 0.000000 -0.083460
vn -0.054955 0.000000 -0.083546
vn -0.054824 0.000000 -0.083632
vn -0.054693 0.000000 -0.083718
vn -0.050942 0.000000 -0.086052
vn -0.047092 0.000000 -0.088218
vn -0.043150 0.000000 -0.090211
vn -0.042730 0.000000 -0.090411
vn -0.042395 0.000000 -0.090569
vn -0.042059 0.000000 -0.090725
vn -0.041723 0.000000 -0.090880
vn -0.040365 0.000000 -0.091491
vn -0.038824 0.000000 -0.092156
vn -0.048393 0.000000 -0.087510
vn -0.037882 0.000000 -0.092547
vn -0.037824 0.000000 -0.092571
vn -0.037777 0.000000 -0.092590
vn -0.067270 0.000000 -0.073991
vn -0.059550 0.000000 -0.080335
vn -0.054706 0.000000 -0.083710
vn -0.049670 0.000000 -0.086792
vn -0.082521 0.000000 -0.056483
vn -0.074815 0.000000 -0.066353
vn -0.072592 0.000000 -0.068778
vn -0.070291 0.000000 -0.071128
vn -0.093322 0.000000 -0.035930
vn -0.088663 0.000000 -0.046247
vn -0.087056 0.000000 -0.049206
vn -0.085349 0.000000 -0.052112
vn -0.099093 -0.000000 -0.013440
vn -0.096861 -0.000000 -0.024860
vn -0.096827 -0.000000 -0.024991
vn -0.096793 -0.000000 -0.025122
vn -0.099521 -0.000000 0.009774
vn -0.099962 -0.000000 -0.002765
vn -0.099737 -0.000000 -0.007249
vn -0.099311 -0.000000 -0.011719
vn -0.094584 -0.000000 0.032462
vn -0.097875 -0.000000 0.020507
vn -0.098729 -0.000000 0.015891
vn -0.098744 -0.000000 0.015802
vn -0.084549 -0.000000 0.053400
vn -0.091300 -0.000000 0.040796
vn -0.093545 -0.000000 0.035347
vn -0.095464 -0.000000 0.029775
vn -0.069955 -0.000000 0.071459
vn -0.078390 -0.000000 0.062088
vn -0.078519 -0.000000 0.061926
vn -0.078647 -0.000000 0.061763
vn -0.051590 -0.000000 0.085665
vn -0.065977 -0.000000 0.075147
vn -0.070374 -0.000000 0.071046
vn -0.074517 -0.000000 0.066688
vn -0.050520 -0.000000 0.086300
vn -0.050805 -0.000000 0.086133
vn -0.078775 -0.000000 0.061600
vn -0.082302 -0.000000 0.056801
vn -0.085537 -0.000000 0.051801
vn -0.088469 -0.000000 0.046617
vn -0.088559 -0.000000 0.046446
vn -0.088649 -0.000000 0.046275
vn -0.088738 -0.000000 0.046103
vn -0.095521 -0.000000 0.029594
vn -0.096804 -0.000000 0.025079
vn -0.098758 -0.000000 0.015713
vn -0.098772 -0.000000 0.015624
vn -0.099382 -0.000000 0.011099
vn -0.099785 -0.000000 0.006552
vn -0.099980 -0.000000 0.001991
vn -0.099982 -0.000000 0.001902
vn -0.099984 -0.000000 0.001813
vn -0.099985 -0.000000 0.001724
vn -0.099299 -0.000000 -0.011819
vn -0.099287 -0.000000 -0.011919
vn -0.099275 -0.000000 -0.012019
vn -0.098673 -0.000000 -0.016237
vn -0.097892 -0.000000 -0.020425
vn -0.096933 -0.000000 -0.024576
vn -0.096909 -0.000000 -0.024671
vn -0.096885 -0.000000 -0.024766
vn -0.096759 -0.000000 -0.025253
vn -0.094640 0.000000 -0.032298
vn -0.092010 0.000000 -0.039169
vn -0.088881 0.000000 -0.045827
vn -0.088809 0.000000 -0.045967
vn -0.088736 0.000000 -0.046107
vn -0.083543 0.000000 -0.054960
vn -0.083454 0.000000 -0.055095
vn -0.083365 0.000000 -0.055229
vn -0.083276 0.000000 -0.055363
vn -0.081330 0.000000 -0.058184
vn -0.079288 0.000000 -0.060938
vn -0.077152 0.000000 -0.063620
vn -0.077087 0.000000 -0.063699
vn -0.077022 0.000000 -0.063778
vn -0.076957 0.000000 -0.063856
vn -0.070199 0.000000 -0.071219
vn -0.070107 0.000000 -0.071310
vn -0.070014 0.000000 -0.071400
vn -0.066913 0.000000 -0.074315
vn -0.063691 0.000000 -0.077094
vn -0.060355 0.000000 -0.079732
vn -0.060249 0.000000 -0.079813
vn -0.060142 0.000000 -0.079893
vn -0.060036 0.000000 -0.079973
vn -0.059874 0.000000 -0.080094
vn -0.059712 0.000000 -0.080215
vn -0.044461 0.000000 -0.089572
vn -0.044243 0.000000 -0.089680
vn -0.044025 0.000000 -0.089787
vn -0.043807 0.000000 -0.089894
vn -0.043691 0.000000 -0.089950
vn -0.043576 0.000000 -0.090006
vn -0.043461 0.000000 -0.090062
vn -0.042154 0.000000 -0.090681
vn -0.040839 0.000000 -0.091281
vn -0.039515 0.000000 -0.091862
vn -0.039311 0.000000 -0.091949
vn -0.039107 0.000000 -0.092036
vn -0.038902 0.000000 -0.092123
vn -0.038747 0.000000 -0.092188
vn -0.038592 0.000000 -0.092253
vn -0.038437 0.000000 -0.092318
vn -0.038337 0.000000 -0.092360
vn -0.038237 0.000000 -0.092401
vn -0.038137 0.000000 -0.092442
vn -0.037949 0.000000 -0.092520
vn -0.037737 0.000000 -0.092606
vn -0.037696 0.000000 -0.092623
vn -0.050534 -0.000000 0.086292
vn -0.051090 -0.000000 0.085964
vn -0.051394 -0.000000 0.085783
vn -0.051112 -0.000000 0.085951
vn -0.010120 0.092143 0.037513
vn -0.010120 0.092143 0.037513
vn -0.010120 0.092143 0.037513
vn -0.010120 0.092143 0.037513
vn -0.005806 0.096966 0.023748
vn -0.005806 0.096966 0.023748
vn -0.005806 0.096966 0.023748
vn -0.005806 0.096966 0.023748
vn -0.005806 0.096966 0.023748
vn -0.005806 0.096966 0.023748
vn -0.005806 0.096966 0.023748
vn -0.005806 0.096966 0.023748
vn -0.006772 0.095512 0.028836
vn -0.006772 0.095512 0.028836
vn -0.006772 0.095512 0.028836
vn -0.006772 0.095512 0.028836
vn -0.006772 0.095512 0.028836
vn -0.006772 0.095512 0.028836
vn -0.005362 0.097152 0.023079
vn -0.005362 0.097152 0.023079
vn -0.005362 0.097152 0.023079
vn -0.005362 0.097152 0.023079
vn -0.005362 0.097152 0.023079
vn -0.005362 0.097152 0.023079
vn 0.004136 -0.099271 -0.011324
vn 0.004136 -0.099271 -0.011324
vn 0.004136 -0.099271 -0.011324
vn 0.016010 0.096839 -0.019126
vn 0.016010 0.096839 -0.019126
vn 0.016010 0.096839 -0.019126
vn 0.016010 0.096839 -0.019126
vn 0.016010 0.096839 -0.019126
vn 0.016010 0.096839 -0.019126
vn -0.024207 -0.089522 0.037414
vn -0.024207 -0.089522 0.037414
vn -0.024207 -0.089522 0.037414
vn -0.024207 -0.089522 0.037414
vn 0.003177 -0.099739 0.006481
vn 0.003177 -0.099739 0.006481
vn 0.003177 -0.099739 0.006481
vn 0.003177 -0.099739 0.006481
vn 0.003177 -0.099739 0.006481
vn 0.004934 -0.095971 -0.027663
vn 0.004934 -0.095971 -0.027663
vn 0.004934 -0.095971 -0.027663
vn -0.044005 -0.022300 0.086984
vn -0.044005 -0.022300 0.086984
vn -0.044005 -0.022300 0.086984
vn 0.005683 -0.096970 -0.023759
vn 0.005683 -0.096970 -0.023759
vn 0.005683 -0.096970 -0.023759
vn 0.005683 -0.096970 -0.023759
vn 0.005683 -0.096970 -0.023759
vn 0.005683 -0.096970 -0.023759
vn 0.005683 -0.096970 -0.023759
vn 0.005683 -0.096970 -0.023759
vn 0.006665 -0.095524 -0.028822
vn 0.006665 -0.095524 -0.028822
vn 0.006665 -0.095524 -0.028822
vn 0.006665 -0.095524 -0.028822
vn 0.006665 -0.095524 -0.028822
vn 0.006665 -0.095524 -0.028822
vn 0.002372 -0.097829 0.020587
vn 0.002372 -0.097829 0.020587
vn 0.002372 -0.097829 0.020587
vn 0.002372 -0.097829 0.020587
vn 0.002372 -0.097829 0.020587
vn 0.005751 -0.088219 -0.046737
vn 0.005751 -0.088219 -0.046737
vn 0.005751 -0.088219 -0.046737
vn 0.005292 -0.097136 -0.023165
vn 0.005292 -0.097136 -0.023165
vn 0.005292 -0.097136 -0.023165
vn 0.005292 -0.097136 -0.023165
vn 0.005292 -0.097136 -0.023165
vn 0.005292 -0.097136 -0.023165
vn 0.007839 -0.094778 -0.030914
vn 0.007839 -0.094778 -0.030914
vn 0.007839 -0.094778 -0.030914
vn 0.007839 -0.094778 -0.030914
vn 0.007839 -0.094778 -0.030914
vn 0.001963 -0.096090 0.027621
vn 0.001963 -0.096090 0.027621
vn 0.001963 -0.096090 0.027621
vn 0.001963 -0.096090 0.027621
vn 0.001963 -0.096090 0.027621
vn 0.006396 -0.075203 -0.065601
vn 0.006396 -0.075203 -0.065601
vn 0.006396 -0.075203 -0.065601
vn 0.006724 -0.097295 -0.022102
vn 0.006724 -0.097295 -0.022102
vn 0.006724 -0.097295 -0.022102
vn 0.006724 -0.097295 -0.022102
vn 0.006724 -0.097295 -0.022102
vn 0.006823 -0.097236 -0.022330
vn 0.006823 -0.097236 -0.022330
vn 0.006823 -0.097236 -0.022330
vn 0.006823 -0.097236 -0.022330
vn 0.006823 -0.097236 -0.022330
vn 0.006823 -0.097236 -0.022330
vn 0.005769 -0.098597 -0.015664
vn 0.005769 -0.098597 -0.015664
vn 0.005769 -0.098597 -0.015664
vn 0.005769 -0.098597 -0.015664
vn 0.005769 -0.098597 -0.015664
vn 0.001854 -0.095492 0.029628
vn 0.001854 -0.095492 0.029628
vn 0.001854 -0.095492 0.029628
vn 0.001854 -0.095492 0.029628
vn 0.001854 -0.095492 0.029628
vn 0.006736 -0.057568 -0.081490
vn 0.006736 -0.057568 -0.081490
vn 0.006736 -0.057568 -0.081490
vn -0.000049 0.062756 -0.077857
vn -0.000049 0.062756 -0.077857
vn -0.000049 0.062756 -0.077857
vn -0.001126 0.073813 -0.067456
vn -0.001126 0.073813 -0.067456
vn -0.001126 0.073813 -0.067456
vn 0.001713 -0.095593 0.029310
vn 0.001713 -0.095593 0.029310
vn 0.001713 -0.095593 0.029310
vn 0.001713 -0.095593 0.029310
vn 0.001713 -0.095593 0.029310
vn 0.003011 -0.099122 0.012876
vn 0.003011 -0.099122 0.012876
vn 0.003011 -0.099122 0.012876
vn 0.003011 -0.099122 0.012876
vn 0.003011 -0.099122 0.012876
vn 0.003011 -0.099122 0.012876
vn 0.003011 -0.099122 0.012876
vn 0.003011 -0.099122 0.012876
vn 0.004543 -0.099821 -0.003895
vn 0.004543 -0.099821 -0.003895
vn 0.004543 -0.099821 -0.003895
vn 0.004543 -0.099821 -0.003895
vn 0.004543 -0.099821 -0.003895
vn 0.005548 -0.098687 -0.015171
vn 0.005548 -0.098687 -0.015171
vn 0.005548 -0.098687 -0.015171
vn 0.005548 -0.098687 -0.015171
vn 0.005548 -0.098687 -0.015171
vn 0.005548 -0.098687 -0.015171
vn 0.001445 -0.095150 0.030731
vn 0.001445 -0.095150 0.030731
vn 0.001445 -0.095150 0.030731
vn 0.001445 -0.095150 0.030731
vn 0.001445 -0.095150 0.030731
vn 0.001445 -0.095150 0.030731
vn 0.001604 -0.092985 0.036759
vn 0.001604 -0.092985 0.036759
vn 0.001604 -0.092985 0.036759
vn 0.001604 -0.092985 0.036759
vn 0.001604 -0.092985 0.036759
vn 0.001298 -0.092944 0.036875
vn 0.001298 -0.092944 0.036875
vn 0.001298 -0.092944 0.036875
vn 0.001298 -0.092944 0.036875
vn 0.001298 -0.092944 0.036875
vn 0.006792 -0.044765 -0.089163
vn 0.006792 -0.044765 -0.089163
vn 0.006792 -0.044765 -0.089163
vn 0.000978 0.051597 -0.085655
vn 0.000978 0.051597 -0.085655
vn 0.000978 0.051597 -0.085655
vn -0.002088 0.085042 -0.052569
vn -0.002088 0.085042 -0.052569
vn -0.002088 0.085042 -0.052569
vn -0.007495 0.096032 0.026865
vn -0.007495 0.096032 0.026865
vn -0.007495 0.096032 0.026865
vn -0.007495 0.096032 0.026865
vn -0.007495 0.096032 0.026865
vn -0.007495 0.096032 0.026865
vn 0.005369 -0.098814 -0.014384
vn 0.005369 -0.098814 -0.014384
vn 0.005369 -0.098814 -0.014384
vn 0.005369 -0.098814 -0.014384
vn 0.005369 -0.098814 -0.014384
vn 0.005369 -0.098814 -0.014384
vn 0.002111 -0.098434 0.017503
vn 0.002111 -0.098434 0.017503
vn 0.002111 -0.098434 0.017503
vn 0.002111 -0.098434 0.017503
vn 0.002111 -0.098434 0.017503
vn 0.002111 -0.098434 0.017503
vn 0.003611 -0.099934 0.000448
vn 0.003611 -0.099934 0.000448
vn 0.003611 -0.099934 0.000448
vn 0.003611 -0.099934 0.000448
vn 0.003611 -0.099934 0.000448
vn 0.003611 -0.099934 0.000448
vn -0.002258 0.093239 -0.036076
vn -0.002258 0.093239 -0.036076
vn -0.002258 0.093239 -0.036076
vn -0.002258 0.093239 -0.036076
vn -0.002258 0.093239 -0.036076
vn 0.001585 -0.094134 0.033709
vn 0.001585 -0.094134 0.033709
vn 0.001585 -0.094134 0.033709
vn 0.001585 -0.094134 0.033709
vn 0.001585 -0.094134 0.033709
vn 0.001585 -0.094134 0.033709
vn 0.001099 -0.095993 0.028002
vn 0.001099 -0.095993 0.028002
vn 0.001099 -0.095993 0.028002
vn 0.001099 -0.095993 0.028002
vn 0.001099 -0.095993 0.028002
vn 0.001099 -0.095993 0.028002
vn 0.002504 0.033884 -0.094051
vn 0.002504 0.033884 -0.094051
vn 0.002504 0.033884 -0.094051
vn -0.002341 0.093492 -0.035407
vn -0.002341 0.093492 -0.035407
vn -0.002341 0.093492 -0.035407
vn -0.002341 0.093492 -0.035407
vn -0.002341 0.093492 -0.035407
vn -0.002341 0.093492 -0.035407
vn -0.003039 0.098010 -0.019617
vn -0.003039 0.098010 -0.019617
vn -0.003039 0.098010 -0.019617
vn -0.003039 0.098010 -0.019617
vn -0.003039 0.098010 -0.019617
vn -0.005020 0.099867 -0.001198
vn -0.005020 0.099867 -0.001198
vn -0.005020 0.099867 -0.001198
vn -0.005020 0.099867 -0.001198
vn -0.005020 0.099867 -0.001198
vn -0.005020 0.099867 -0.001198
vn -0.005020 0.099867 -0.001198
vn -0.005020 0.099867 -0.001198
vn -0.006341 0.098486 0.016136
vn -0.006341 0.098486 0.016136
vn -0.006341 0.098486 0.016136
vn -0.006341 0.098486 0.016136
vn -0.006341 0.098486 0.016136
vn -0.007155 0.097063 0.022969
vn -0.007155 0.097063 0.022969
vn -0.007155 0.097063 0.022969
vn -0.007155 0.097063 0.022969
vn -0.003122 0.098099 -0.019155
vn -0.003122 0.098099 -0.019155
vn -0.003122 0.098099 -0.019155
vn -0.003122 0.098099 -0.019155
vn -0.003122 0.098099 -0.019155
vn -0.003122 0.098099 -0.019155
vn -0.001285 0.070344 -0.071064
vn -0.001285 0.070344 -0.071064
vn -0.001285 0.070344 -0.071064
vn -0.001285 0.070344 -0.071064
vn -0.003593 0.099672 -0.007251
vn -0.003593 0.099672 -0.007251
vn -0.003593 0.099672 -0.007251
vn -0.003593 0.099672 -0.007251
vn -0.003593 0.099672 -0.007251
vn -0.003593 0.099672 -0.007251
vn -0.004620 0.099714 0.005975
vn -0.004620 0.099714 0.005975
vn -0.004620 0.099714 0.005975
vn -0.004620 0.099714 0.005975
vn -0.004620 0.099714 0.005975
vn -0.004620 0.099714 0.005975
vn -0.005453 0.098994 0.013059
vn -0.005453 0.098994 0.013059
vn -0.005453 0.098994 0.013059
vn -0.005453 0.098994 0.013059
vn -0.005453 0.098994 0.013059
vn -0.005453 0.098994 0.013059
vn -0.006577 0.097467 0.021374
vn -0.006577 0.097467 0.021374
vn -0.006577 0.097467 0.021374
vn -0.006577 0.097467 0.021374
vn -0.006577 0.097467 0.021374
vn -0.006633 0.097404 0.021646
vn -0.006633 0.097404 0.021646
vn -0.006633 0.097404 0.021646
vn -0.006633 0.097404 0.021646
vn -0.006633 0.097404 0.021646
vn -0.006633 0.097404 0.021646
vn 0.033177 -0.016283 -0.092920
vn 0.033177 -0.016283 -0.092920
vn 0.033177 -0.016283 -0.092920
vn 0.034898 -0.002406 -0.093682
vn 0.034898 -0.002406 -0.093682
vn 0.034898 -0.002406 -0.093682
vn 0.030336 -0.031872 -0.089799
vn 0.030336 -0.031872 -0.089799
vn 0.030336 -0.031872 -0.089799
vn 0.035844 0.010533 -0.092759
vn 0.035844 0.010533 -0.092759
vn 0.035844 0.010533 -0.092759
vn 0.028498 -0.039792 -0.087204
vn 0.028498 -0.039792 -0.087204
vn 0.028498 -0.039792 -0.087204
vn 0.036094 0.019161 -0.091269
vn 0.036094 0.019161 -0.091269
vn 0.036094 0.019161 -0.091269
vn 0.025253 -0.051383 -0.081988
vn 0.025253 -0.051383 -0.081988
vn 0.025253 -0.051383 -0.081988
vn 0.015465 -0.078904 -0.059456
vn 0.015465 -0.078904 -0.059456
vn 0.015465 -0.078904 -0.059456
vn 0.015465 -0.078904 -0.059456
vn 0.022005 -0.060894 -0.076208
vn 0.022005 -0.060894 -0.076208
vn 0.022005 -0.060894 -0.076208
vn -0.012715 -0.099187 0.000479
vn -0.012715 -0.099187 0.000479
vn -0.012715 -0.099187 0.000479
vn 0.037624 0.045678 -0.080610
vn 0.037624 0.045678 -0.080610
vn 0.037624 0.045678 -0.080610
vn 0.016184 -0.074364 -0.064870
vn 0.016184 -0.074364 -0.064870
vn 0.016184 -0.074364 -0.064870
vn -0.017577 -0.096697 0.018460
vn -0.017577 -0.096697 0.018460
vn -0.017577 -0.096697 0.018460
vn -0.012246 -0.099247 -0.000235
vn -0.012246 -0.099247 -0.000235
vn -0.012246 -0.099247 -0.000235
vn 0.034428 0.064090 -0.068609
vn 0.034428 0.064090 -0.068609
vn 0.034428 0.064090 -0.068609
vn 0.005287 -0.090898 -0.041348
vn 0.005287 -0.090898 -0.041348
vn 0.005287 -0.090898 -0.041348
vn 0.005287 -0.090898 -0.041348
vn 0.005287 -0.090898 -0.041348
vn -0.017868 -0.096505 0.019169
vn -0.017868 -0.096505 0.019169
vn -0.017868 -0.096505 0.019169
vn -0.018696 -0.096549 0.018132
vn -0.018696 -0.096549 0.018132
vn -0.018696 -0.096549 0.018132
vn -0.018696 -0.096549 0.018132
vn -0.018696 -0.096549 0.018132
vn -0.018696 -0.096549 0.018132
vn -0.016566 -0.096822 0.018738
vn -0.016566 -0.096822 0.018738
vn -0.016566 -0.096822 0.018738
vn -0.010278 -0.099200 0.007326
vn -0.010278 -0.099200 0.007326
vn -0.010278 -0.099200 0.007326
vn 0.029040 0.079792 -0.052820
vn 0.029040 0.079792 -0.052820
vn 0.029040 0.079792 -0.052820
vn -0.006556 -0.098912 -0.013167
vn -0.006556 -0.098912 -0.013167
vn -0.006556 -0.098912 -0.013167
vn -0.006556 -0.098912 -0.013167
vn -0.006556 -0.098912 -0.013167
vn -0.017516 -0.096902 0.017410
vn -0.017516 -0.096902 0.017410
vn -0.017516 -0.096902 0.017410
vn -0.018921 -0.096410 0.018631
vn -0.018921 -0.096410 0.018631
vn -0.018921 -0.096410 0.018631
vn -0.018921 -0.096410 0.018631
vn -0.018921 -0.096410 0.018631
vn -0.018864 -0.096416 0.018659
vn -0.018864 -0.096416 0.018659
vn -0.018864 -0.096416 0.018659
vn -0.018864 -0.096416 0.018659
vn -0.018864 -0.096416 0.018659
vn -0.018864 -0.096416 0.018659
vn -0.016352 -0.096962 0.018193
vn -0.016352 -0.096962 0.018193
vn -0.016352 -0.096962 0.018193
vn -0.014607 -0.097429 0.017153
vn -0.014607 -0.097429 0.017153
vn -0.014607 -0.097429 0.017153
vn -0.008196 -0.099617 -0.003046
vn -0.008196 -0.099617 -0.003046
vn -0.008196 -0.099617 -0.003046
vn 0.022776 0.090244 -0.036568
vn 0.022776 0.090244 -0.036568
vn 0.022776 0.090244 -0.036568
vn 0.022776 0.090244 -0.036568
vn 0.022776 0.090244 -0.036568
vn -0.014344 -0.098743 0.006635
vn -0.014344 -0.098743 0.006635
vn -0.014344 -0.098743 0.006635
vn -0.014344 -0.098743 0.006635
vn -0.014344 -0.098743 0.006635
vn -0.017290 -0.097050 0.016804
vn -0.017290 -0.097050 0.016804
vn -0.017290 -0.097050 0.016804
vn -0.018406 -0.097051 0.015564
vn -0.018406 -0.097051 0.015564
vn -0.018406 -0.097051 0.015564
vn -0.018406 -0.097051 0.015564
vn -0.018406 -0.097051 0.015564
vn -0.014606 -0.097431 0.017143
vn -0.014606 -0.097431 0.017143
vn -0.014606 -0.097431 0.017143
vn -0.015939 -0.097464 0.015709
vn -0.015939 -0.097464 0.015709
vn -0.015939 -0.097464 0.015709
vn -0.013873 -0.097356 0.018146
vn -0.013873 -0.097356 0.018146
vn -0.013873 -0.097356 0.018146
vn -0.010774 -0.099382 0.002660
vn -0.010774 -0.099382 0.002660
vn -0.010774 -0.099382 0.002660
vn 0.024729 0.081806 -0.051926
vn 0.024729 0.081806 -0.051926
vn 0.024729 0.081806 -0.051926
vn 0.024306 0.088206 -0.040361
vn 0.024306 0.088206 -0.040361
vn 0.024306 0.088206 -0.040361
vn 0.024306 0.088206 -0.040361
vn 0.018619 0.096617 -0.017846
vn 0.018619 0.096617 -0.017846
vn 0.018619 0.096617 -0.017846
vn 0.018619 0.096617 -0.017846
vn 0.018619 0.096617 -0.017846
vn -0.016750 -0.097690 0.013271
vn -0.016750 -0.097690 0.013271
vn -0.016750 -0.097690 0.013271
vn -0.016750 -0.097690 0.013271
vn -0.016750 -0.097690 0.013271
vn -0.016750 -0.097690 0.013271
vn -0.013901 -0.097981 0.014369
vn -0.013901 -0.097981 0.014369
vn -0.013901 -0.097981 0.014369
vn -0.015105 -0.097930 0.013476
vn -0.015105 -0.097930 0.013476
vn -0.015105 -0.097930 0.013476
vn -0.012443 -0.097950 0.015841
vn -0.012443 -0.097950 0.015841
vn -0.012443 -0.097950 0.015841
vn -0.007516 -0.099701 0.001811
vn -0.007516 -0.099701 0.001811
vn -0.007516 -0.099701 0.001811
vn 0.018737 0.087953 -0.043740
vn 0.018737 0.087953 -0.043740
vn 0.018737 0.087953 -0.043740
vn 0.023664 0.088356 -0.040414
vn 0.023664 0.088356 -0.040414
vn 0.023664 0.088356 -0.040414
vn 0.013812 0.098901 -0.005268
vn 0.013812 0.098901 -0.005268
vn 0.013812 0.098901 -0.005268
vn 0.013812 0.098901 -0.005268
vn 0.013812 0.098901 -0.005268
vn 0.013812 0.098901 -0.005268
vn -0.016427 -0.097858 0.012405
vn -0.016427 -0.097858 0.012405
vn -0.016427 -0.097858 0.012405
vn -0.016427 -0.097858 0.012405
vn -0.016427 -0.097858 0.012405
vn -0.016427 -0.097858 0.012405
vn -0.012564 -0.098562 0.011300
vn -0.012564 -0.098562 0.011300
vn -0.012564 -0.098562 0.011300
vn -0.014773 -0.098211 0.011675
vn -0.014773 -0.098211 0.011675
vn -0.014773 -0.098211 0.011675
vn -0.011551 -0.098492 0.012882
vn -0.011551 -0.098492 0.012882
vn -0.011551 -0.098492 0.012882
vn -0.011984 -0.097565 0.018368
vn -0.011984 -0.097565 0.018368
vn -0.011984 -0.097565 0.018368
vn -0.007510 -0.099703 0.001680
vn -0.007510 -0.099703 0.001680
vn -0.007510 -0.099703 0.001680
vn 0.012390 0.098367 -0.013057
vn 0.012390 0.098367 -0.013057
vn 0.012390 0.098367 -0.013057
vn 0.018316 0.085814 -0.047963
vn 0.018316 0.085814 -0.047963
vn 0.018316 0.085814 -0.047963
vn 0.013037 0.098591 -0.010478
vn 0.013037 0.098591 -0.010478
vn 0.013037 0.098591 -0.010478
vn 0.012503 0.098943 -0.007349
vn 0.012503 0.098943 -0.007349
vn 0.012503 0.098943 -0.007349
vn 0.012868 0.099161 -0.001216
vn 0.012868 0.099161 -0.001216
vn 0.012868 0.099161 -0.001216
vn 0.012868 0.099161 -0.001216
vn 0.012868 0.099161 -0.001216
vn -0.015233 -0.098579 0.007083
vn -0.015233 -0.098579 0.007083
vn -0.015233 -0.098579 0.007083
vn -0.015233 -0.098579 0.007083
vn -0.015233 -0.098579 0.007083
vn -0.011471 -0.098680 0.011431
vn -0.011471 -0.098680 0.011431
vn -0.011471 -0.098680 0.011431
vn -0.012032 -0.099051 0.006642
vn -0.012032 -0.099051 0.006642
vn -0.012032 -0.099051 0.006642
vn -0.013532 -0.098755 0.008027
vn -0.013532 -0.098755 0.008027
vn -0.013532 -0.098755 0.008027
vn -0.009392 -0.098707 0.012987
vn -0.009392 -0.098707 0.012987
vn -0.009392 -0.098707 0.012987
vn -0.009468 -0.098586 0.013825
vn -0.009468 -0.098586 0.013825
vn -0.009468 -0.098586 0.013825
vn -0.007322 -0.099723 0.001292
vn -0.007322 -0.099723 0.001292
vn -0.007322 -0.099723 0.001292
vn 0.008923 0.099363 -0.006888
vn 0.008923 0.099363 -0.006888
vn 0.008923 0.099363 -0.006888
vn 0.014461 0.089784 -0.041590
vn 0.014461 0.089784 -0.041590
vn 0.014461 0.089784 -0.041590
vn 0.008714 0.099528 0.004264
vn 0.008714 0.099528 0.004264
vn 0.008714 0.099528 0.004264
vn 0.009970 0.099265 0.006856
vn 0.009970 0.099265 0.006856
vn 0.009970 0.099265 0.006856
vn 0.009970 0.099265 0.006856
vn 0.009970 0.099265 0.006856
vn 0.009970 0.099265 0.006856
vn 0.009640 0.099167 0.008539
vn 0.009640 0.099167 0.008539
vn 0.009640 0.099167 0.008539
vn 0.009640 0.099167 0.008539
vn 0.009640 0.099167 0.008539
vn -0.013031 -0.099116 0.002475
vn -0.013031 -0.099116 0.002475
vn -0.013031 -0.099116 0.002475
vn -0.013031 -0.099116 0.002475
vn -0.013031 -0.099116 0.002475
vn -0.013031 -0.099116 0.002475
vn -0.009152 -0.099461 0.004875
vn -0.009152 -0.099461 0.004875
vn -0.009152 -0.099461 0.004875
vn -0.010425 -0.099441 0.001677
vn -0.010425 -0.099441 0.001677
vn -0.010425 -0.099441 0.001677
vn -0.007411 -0.099462 0.007238
vn -0.007411 -0.099462 0.007238
vn -0.007411 -0.099462 0.007238
vn -0.008572 -0.098471 0.015165
vn -0.008572 -0.098471 0.015165
vn -0.008572 -0.098471 0.015165
vn -0.004871 -0.099853 0.002397
vn -0.004871 -0.099853 0.002397
vn -0.004871 -0.099853 0.002397
vn 0.007019 0.099714 0.002801
vn 0.007019 0.099714 0.002801
vn 0.007019 0.099714 0.002801
vn 0.008521 0.099188 -0.009438
vn 0.008521 0.099188 -0.009438
vn 0.008521 0.099188 -0.009438
vn 0.013682 0.088586 -0.044333
vn 0.013682 0.088586 -0.044333
vn 0.013682 0.088586 -0.044333
vn 0.008577 0.099475 0.005586
vn 0.008577 0.099475 0.005586
vn 0.008577 0.099475 0.005586
vn 0.007030 0.099695 0.003404
vn 0.007030 0.099695 0.003404
vn 0.007030 0.099695 0.003404
vn 0.007535 0.098481 0.015642
vn 0.007535 0.098481 0.015642
vn 0.007535 0.098481 0.015642
vn 0.007535 0.098481 0.015642
vn 0.007535 0.098481 0.015642
vn 0.007535 0.098481 0.015642
vn -0.011792 -0.099286 -0.001811
vn -0.011792 -0.099286 -0.001811
vn -0.011792 -0.099286 -0.001811
vn -0.011792 -0.099286 -0.001811
vn -0.011792 -0.099286 -0.001811
vn -0.007368 -0.099596 0.005132
vn -0.007368 -0.099596 0.005132
vn -0.007368 -0.099596 0.005132
vn -0.009059 -0.099583 0.001097
vn -0.009059 -0.099583 0.001097
vn -0.009059 -0.099583 0.001097
vn -0.010008 -0.099450 -0.003073
vn -0.010008 -0.099450 -0.003073
vn -0.010008 -0.099450 -0.003073
vn -0.006157 -0.099491 0.007980
vn -0.006157 -0.099491 0.007980
vn -0.006157 -0.099491 0.007980
vn -0.006363 -0.099176 0.011120
vn -0.006363 -0.099176 0.011120
vn -0.006363 -0.099176 0.011120
vn -0.006731 -0.099244 0.010262
vn -0.006731 -0.099244 0.010262
vn -0.006731 -0.099244 0.010262
vn -0.005547 -0.099658 -0.006130
vn -0.005547 -0.099658 -0.006130
vn -0.005547 -0.099658 -0.006130
vn 0.005091 0.099764 0.004615
vn 0.005091 0.099764 0.004615
vn 0.005091 0.099764 0.004615
vn 0.008339 0.099227 -0.009196
vn 0.008339 0.099227 -0.009196
vn 0.008339 0.099227 -0.009196
vn 0.014333 0.087748 -0.045770
vn 0.014333 0.087748 -0.045770
vn 0.014333 0.087748 -0.045770
vn 0.005956 0.098683 0.015041
vn 0.005956 0.098683 0.015041
vn 0.005956 0.098683 0.015041
vn 0.003845 0.098697 0.015627
vn 0.003845 0.098697 0.015627
vn 0.003845 0.098697 0.015627
vn 0.005939 0.098630 0.015388
vn 0.005939 0.098630 0.015388
vn 0.005939 0.098630 0.015388
vn 0.007348 0.098247 0.017134
vn 0.007348 0.098247 0.017134
vn 0.007348 0.098247 0.017134
vn 0.007348 0.098247 0.017134
vn 0.007348 0.098247 0.017134
vn -0.012201 -0.099250 -0.000797
vn -0.012201 -0.099250 -0.000797
vn -0.012201 -0.099250 -0.000797
vn -0.012201 -0.099250 -0.000797
vn -0.012201 -0.099250 -0.000797
vn -0.012201 -0.099250 -0.000797
vn -0.004747 -0.099835 -0.003236
vn -0.004747 -0.099835 -0.003236
vn -0.004747 -0.099835 -0.003236
vn -0.006293 -0.099425 -0.008662
vn -0.006293 -0.099425 -0.008662
vn -0.006293 -0.099425 -0.008662
vn -0.008258 -0.099224 -0.009294
vn -0.008258 -0.099224 -0.009294
vn -0.008258 -0.099224 -0.009294
vn -0.004117 -0.099879 0.002694
vn -0.004117 -0.099879 0.002694
vn -0.004117 -0.099879 0.002694
vn -0.008230 -0.099011 0.011359
vn -0.008230 -0.099011 0.011359
vn -0.008230 -0.099011 0.011359
vn -0.006503 -0.099689 -0.004453
vn -0.006503 -0.099689 -0.004453
vn -0.006503 -0.099689 -0.004453
vn 0.004009 0.098646 0.015902
vn 0.004009 0.098646 0.015902
vn 0.004009 0.098646 0.015902
vn 0.005549 0.099599 0.007020
vn 0.005549 0.099599 0.007020
vn 0.005549 0.099599 0.007020
vn 0.008764 0.099353 -0.007225
vn 0.008764 0.099353 -0.007225
vn 0.008764 0.099353 -0.007225
vn 0.012973 0.086831 -0.047876
vn 0.012973 0.086831 -0.047876
vn 0.012973 0.086831 -0.047876
vn 0.003785 0.098997 0.013610
vn 0.003785 0.098997 0.013610
vn 0.003785 0.098997 0.013610
vn 0.004132 0.097158 0.023306
vn 0.004132 0.097158 0.023306
vn 0.004132 0.097158 0.023306
vn 0.005280 0.096789 0.024575
vn 0.005280 0.096789 0.024575
vn 0.005280 0.096789 0.024575
vn 0.005280 0.096789 0.024575
vn 0.005280 0.096789 0.024575
vn 0.005280 0.096789 0.024575
vn -0.009270 -0.098804 -0.012322
vn -0.009270 -0.098804 -0.012322
vn -0.009270 -0.098804 -0.012322
vn -0.009270 -0.098804 -0.012322
vn -0.009270 -0.098804 -0.012322
vn -0.004271 -0.099859 -0.003159
vn -0.004271 -0.099859 -0.003159
vn -0.004271 -0.099859 -0.003159
vn -0.004955 -0.099466 -0.009056
vn -0.004955 -0.099466 -0.009056
vn -0.004955 -0.099466 -0.009056
vn -0.006457 -0.099182 -0.011009
vn -0.006457 -0.099182 -0.011009
vn -0.006457 -0.099182 -0.011009
vn -0.007789 -0.098655 -0.014372
vn -0.007789 -0.098655 -0.014372
vn -0.007789 -0.098655 -0.014372
vn -0.007084 -0.099738 0.001478
vn -0.007084 -0.099738 0.001478
vn -0.007084 -0.099738 0.001478
vn -0.008863 -0.099259 0.008312
vn -0.008863 -0.099259 0.008312
vn -0.008863 -0.099259 0.008312
vn -0.006796 -0.099600 0.005800
vn -0.006796 -0.099600 0.005800
vn -0.006796 -0.099600 0.005800
vn -0.008654 -0.098982 -0.011301
vn -0.008654 -0.098982 -0.011301
vn -0.008654 -0.098982 -0.011301
vn 0.004915 0.098844 0.014340
vn 0.004915 0.098844 0.014340
vn 0.004915 0.098844 0.014340
vn 0.010028 0.099386 0.004670
vn 0.010028 0.099386 0.004670
vn 0.010028 0.099386 0.004670
vn 0.012122 0.098591 -0.011530
vn 0.012122 0.098591 -0.011530
vn 0.012122 0.098591 -0.011530
vn 0.009419 0.093691 -0.033665
vn 0.009419 0.093691 -0.033665
vn 0.009419 0.093691 -0.033665
vn 0.001877 0.096924 0.024538
vn 0.001877 0.096924 0.024538
vn 0.001877 0.096924 0.024538
vn 0.004131 0.096861 0.024513
vn 0.004131 0.096861 0.024513
vn 0.004131 0.096861 0.024513
vn 0.001786 0.097099 0.023845
vn 0.001786 0.097099 0.023845
vn 0.001786 0.097099 0.023845
vn 0.005111 0.096095 0.027195
vn 0.005111 0.096095 0.027195
vn 0.005111 0.096095 0.027195
vn 0.005111 0.096095 0.027195
vn 0.005111 0.096095 0.027195
vn -0.008247 -0.098574 -0.014668
vn -0.008247 -0.098574 -0.014668
vn -0.008247 -0.098574 -0.014668
vn -0.008247 -0.098574 -0.014668
vn -0.008247 -0.098574 -0.014668
vn -0.008247 -0.098574 -0.014668
vn -0.007057 -0.097453 -0.021286
vn -0.007057 -0.097453 -0.021286
vn -0.007057 -0.097453 -0.021286
vn -0.007057 -0.097453 -0.021286
vn -0.007057 -0.097453 -0.021286
vn -0.002030 -0.099468 -0.010096
vn -0.002030 -0.099468 -0.010096
vn -0.002030 -0.099468 -0.010096
vn -0.002413 -0.098312 -0.018135
vn -0.002413 -0.098312 -0.018135
vn -0.002413 -0.098312 -0.018135
vn -0.004937 -0.097850 -0.020027
vn -0.004937 -0.097850 -0.020027
vn -0.004937 -0.097850 -0.020027
vn -0.005578 -0.097677 -0.020690
vn -0.005578 -0.097677 -0.020690
vn -0.005578 -0.097677 -0.020690
vn -0.006253 -0.099797 -0.001190
vn -0.006253 -0.099797 -0.001190
vn -0.006253 -0.099797 -0.001190
vn -0.011160 -0.098797 0.010703
vn -0.011160 -0.098797 0.010703
vn -0.011160 -0.098797 0.010703
vn -0.010740 -0.099307 0.004776
vn -0.010740 -0.099307 0.004776
vn -0.010740 -0.099307 0.004776
vn -0.012349 -0.099186 0.003093
vn -0.012349 -0.099186 0.003093
vn -0.012349 -0.099186 0.003093
vn 0.008085 0.097594 0.020250
vn 0.008085 0.097594 0.020250
vn 0.008085 0.097594 0.020250
vn 0.003871 0.096697 0.025194
vn 0.003871 0.096697 0.025194
vn 0.003871 0.096697 0.025194
vn 0.008510 0.099126 0.010082
vn 0.008510 0.099126 0.010082
vn 0.008510 0.099126 0.010082
vn 0.009698 0.099528 -0.000158
vn 0.009698 0.099528 -0.000158
vn 0.009698 0.099528 -0.000158
vn 0.010467 0.093246 -0.034578
vn 0.010467 0.093246 -0.034578
vn 0.010467 0.093246 -0.034578
vn 0.003735 0.096871 0.024537
vn 0.003735 0.096871 0.024537
vn 0.003735 0.096871 0.024537
vn 0.002663 0.095013 0.031070
vn 0.002663 0.095013 0.031070
vn 0.002663 0.095013 0.031070
vn 0.000992 0.094852 0.031657
vn 0.000992 0.094852 0.031657
vn 0.000992 0.094852 0.031657
vn 0.003544 0.094416 0.032757
vn 0.003544 0.094416 0.032757
vn 0.003544 0.094416 0.032757
vn 0.003544 0.094416 0.032757
vn 0.003544 0.094416 0.032757
vn 0.003544 0.094416 0.032757
vn -0.005835 -0.096705 -0.024782
vn -0.005835 -0.096705 -0.024782
vn -0.005835 -0.096705 -0.024782
vn -0.005835 -0.096705 -0.024782
vn -0.005835 -0.096705 -0.024782
vn -0.005835 -0.096705 -0.024782
vn -0.006628 -0.099023 -0.012265
vn -0.006628 -0.099023 -0.012265
vn -0.006628 -0.099023 -0.012265
vn -0.002480 -0.098308 -0.018146
vn -0.002480 -0.098308 -0.018146
vn -0.002480 -0.098308 -0.018146
vn -0.002657 -0.097253 -0.023124
vn -0.002657 -0.097253 -0.023124
vn -0.002657 -0.097253 -0.023124
vn -0.003535 -0.097173 -0.023342
vn -0.003535 -0.097173 -0.023342
vn -0.003535 -0.097173 -0.023342
vn -0.005208 -0.096730 -0.024822
vn -0.005208 -0.096730 -0.024822
vn -0.005208 -0.096730 -0.024822
vn -0.009676 -0.099423 -0.004619
vn -0.009676 -0.099423 -0.004619
vn -0.009676 -0.099423 -0.004619
vn -0.010515 -0.099132 0.007898
vn -0.010515 -0.099132 0.007898
vn -0.010515 -0.099132 0.007898
vn -0.009784 -0.099502 0.001927
vn -0.009784 -0.099502 0.001927
vn -0.009784 -0.099502 0.001927
vn -0.009150 -0.099575 -0.001074
vn -0.009150 -0.099575 -0.001074
vn -0.009150 -0.099575 -0.001074
vn 0.008894 0.097905 0.018317
vn 0.008894 0.097905 0.018317
vn 0.008894 0.097905 0.018317
vn 0.008212 0.096210 0.026004
vn 0.008212 0.096210 0.026004
vn 0.008212 0.096210 0.026004
vn 0.007097 0.099371 0.008661
vn 0.007097 0.099371 0.008661
vn 0.007097 0.099371 0.008661
vn 0.006976 0.099741 0.001761
vn 0.006976 0.099741 0.001761
vn 0.006976 0.099741 0.001761
vn 0.006005 0.098996 -0.012798
vn 0.006005 0.098996 -0.012798
vn 0.006005 0.098996 -0.012798
vn 0.004499 0.083006 -0.055585
vn 0.004499 0.083006 -0.055585
vn 0.004499 0.083006 -0.055585
vn 0.002745 0.093445 0.035503
vn 0.002745 0.093445 0.035503
vn 0.002745 0.093445 0.035503
vn 0.002694 0.094540 0.032479
vn 0.002694 0.094540 0.032479
vn 0.002694 0.094540 0.032479
vn 0.000871 0.095103 0.030897
vn 0.000871 0.095103 0.030897
vn 0.000871 0.095103 0.030897
vn 0.001432 0.094947 0.031354
vn 0.001432 0.094947 0.031354
vn 0.001432 0.094947 0.031354
vn 0.003480 0.093491 0.035317
vn 0.003480 0.093491 0.035317
vn 0.003480 0.093491 0.035317
vn 0.003480 0.093491 0.035317
vn 0.003480 0.093491 0.035317
vn -0.005354 -0.095227 -0.030053
vn -0.005354 -0.095227 -0.030053
vn -0.005354 -0.095227 -0.030053
vn -0.005354 -0.095227 -0.030053
vn -0.005354 -0.095227 -0.030053
vn -0.005737 -0.098678 -0.015157
vn -0.005737 -0.098678 -0.015157
vn -0.005737 -0.098678 -0.015157
vn -0.000576 -0.096870 -0.024818
vn -0.000576 -0.096870 -0.024818
vn -0.000576 -0.096870 -0.024818
vn -0.000679 -0.095305 -0.030275
vn -0.000679 -0.095305 -0.030275
vn -0.000679 -0.095305 -0.030275
vn -0.003359 -0.095685 -0.028862
vn -0.003359 -0.095685 -0.028862
vn -0.003359 -0.095685 -0.028862
vn -0.004070 -0.095788 -0.028428
vn -0.004070 -0.095788 -0.028428
vn -0.004070 -0.095788 -0.028428
vn -0.008072 -0.099281 -0.008842
vn -0.008072 -0.099281 -0.008842
vn -0.008072 -0.099281 -0.008842
vn -0.008259 -0.099406 0.007090
vn -0.008259 -0.099406 0.007090
vn -0.008259 -0.099406 0.007090
vn -0.007954 -0.099530 0.005519
vn -0.007954 -0.099530 0.005519
vn -0.007954 -0.099530 0.005519
vn 0.001148 -0.099723 0.007354
vn 0.001148 -0.099723 0.007354
vn 0.001148 -0.099723 0.007354
vn 0.008104 0.096553 0.024734
vn 0.008104 0.096553 0.024734
vn 0.008104 0.096553 0.024734
vn 0.004990 0.098380 0.017218
vn 0.004990 0.098380 0.017218
vn 0.004990 0.098380 0.017218
vn 0.005512 0.093212 0.035794
vn 0.005512 0.093212 0.035794
vn 0.005512 0.093212 0.035794
vn 0.001017 0.096755 0.025249
vn 0.001017 0.096755 0.025249
vn 0.001017 0.096755 0.025249
vn 0.007136 0.099739 0.001068
vn 0.007136 0.099739 0.001068
vn 0.007136 0.099739 0.001068
vn -0.002591 0.099447 -0.010173
vn -0.002591 0.099447 -0.010173
vn -0.002591 0.099447 -0.010173
vn 0.000486 -0.099934 0.003612
vn 0.000486 -0.099934 0.003612
vn 0.000486 -0.099934 0.003612
vn -0.003021 0.092012 -0.039046
vn -0.003021 0.092012 -0.039046
vn -0.003021 0.092012 -0.039046
vn 0.007541 0.093690 0.034136
vn 0.007541 0.093690 0.034136
vn 0.007541 0.093690 0.034136
vn 0.002901 0.092607 0.037623
vn 0.002901 0.092607 0.037623
vn 0.002901 0.092607 0.037623
vn 0.002901 0.092607 0.037623
vn 0.002901 0.092607 0.037623
vn 0.002901 0.092607 0.037623
vn 0.002958 0.091696 0.039789
vn 0.002958 0.091696 0.039789
vn 0.002958 0.091696 0.039789
vn 0.002958 0.091696 0.039789
vn 0.002958 0.091696 0.039789
vn -0.004065 -0.094505 -0.032440
vn -0.004065 -0.094505 -0.032440
vn -0.004065 -0.094505 -0.032440
vn -0.004065 -0.094505 -0.032440
vn -0.004065 -0.094505 -0.032440
vn -0.004065 -0.094505 -0.032440
vn -0.008009 -0.098233 -0.016915
vn -0.008009 -0.098233 -0.016915
vn -0.008009 -0.098233 -0.016915
vn -0.006202 -0.096297 -0.026239
vn -0.006202 -0.096297 -0.026239
vn -0.006202 -0.096297 -0.026239
vn -0.001156 -0.095271 -0.030366
vn -0.001156 -0.095271 -0.030366
vn -0.001156 -0.095271 -0.030366
vn -0.000886 -0.094666 -0.032210
vn -0.000886 -0.094666 -0.032210
vn -0.000886 -0.094666 -0.032210
vn -0.002376 -0.094651 -0.032181
vn -0.002376 -0.094651 -0.032181
vn -0.002376 -0.094651 -0.032181
vn -0.002683 -0.099953 -0.001510
vn -0.002683 -0.099953 -0.001510
vn -0.002683 -0.099953 -0.001510
vn -0.002830 -0.099960 -0.000211
vn -0.002830 -0.099960 -0.000211
vn -0.002830 -0.099960 -0.000211
vn 0.000755 -0.099552 0.009427
vn 0.000755 -0.099552 0.009427
vn 0.000755 -0.099552 0.009427
vn 0.004684 0.097775 0.020446
vn 0.004684 0.097775 0.020446
vn 0.004684 0.097775 0.020446
vn 0.002920 0.099792 0.005754
vn 0.002920 0.099792 0.005754
vn 0.002920 0.099792 0.005754
vn -0.000079 0.098207 0.018854
vn -0.000079 0.098207 0.018854
vn -0.000079 0.098207 0.018854
vn 0.005961 0.096219 0.026576
vn 0.005961 0.096219 0.026576
vn 0.005961 0.096219 0.026576
vn -0.002676 0.099891 0.003828
vn -0.002676 0.099891 0.003828
vn -0.002676 0.099891 0.003828
vn -0.002839 0.099846 0.004769
vn -0.002839 0.099846 0.004769
vn -0.002839 0.099846 0.004769
vn -0.003524 0.099751 -0.006109
vn -0.003524 0.099751 -0.006109
vn -0.003524 0.099751 -0.006109
vn 0.008874 -0.099581 0.002229
vn 0.008874 -0.099581 0.002229
vn 0.008874 -0.099581 0.002229
vn -0.002449 0.092243 -0.038539
vn -0.002449 0.092243 -0.038539
vn -0.002449 0.092243 -0.038539
vn 0.002866 0.091550 0.040130
vn 0.002866 0.091550 0.040130
vn 0.002866 0.091550 0.040130
vn 0.002866 0.091550 0.040130
vn 0.002866 0.091550 0.040130
vn 0.002866 0.091550 0.040130
vn -0.003830 -0.094199 -0.033345
vn -0.003830 -0.094199 -0.033345
vn -0.003830 -0.094199 -0.033345
vn -0.003830 -0.094199 -0.033345
vn -0.003830 -0.094199 -0.033345
vn -0.003830 -0.094199 -0.033345
vn -0.003688 -0.093469 -0.035355
vn -0.003688 -0.093469 -0.035355
vn -0.003688 -0.093469 -0.035355
vn -0.003688 -0.093469 -0.035355
vn -0.003688 -0.093469 -0.035355
vn -0.005121 -0.096775 -0.024665
vn -0.005121 -0.096775 -0.024665
vn -0.005121 -0.096775 -0.024665
vn -0.004984 -0.095136 -0.030402
vn -0.004984 -0.095136 -0.030402
vn -0.004984 -0.095136 -0.030402
vn 0.000215 -0.093514 -0.035428
vn 0.000215 -0.093514 -0.035428
vn 0.000215 -0.093514 -0.035428
vn 0.000188 -0.092822 -0.037204
vn 0.000188 -0.092822 -0.037204
vn 0.000188 -0.092822 -0.037204
vn -0.002407 -0.094074 -0.033828
vn -0.002407 -0.094074 -0.033828
vn -0.002407 -0.094074 -0.033828
vn 0.001251 -0.099682 -0.007872
vn 0.001251 -0.099682 -0.007872
vn 0.001251 -0.099682 -0.007872
vn 0.005297 -0.099637 0.006663
vn 0.005297 -0.099637 0.006663
vn 0.005297 -0.099637 0.006663
vn -0.001148 0.094907 0.031486
vn -0.001148 0.094907 0.031486
vn -0.001148 0.094907 0.031486
vn -0.002815 0.098517 0.016925
vn -0.002815 0.098517 0.016925
vn -0.002815 0.098517 0.016925
vn -0.004901 0.095124 0.030452
vn -0.004901 0.095124 0.030452
vn -0.004901 0.095124 0.030452
vn -0.000117 0.091406 0.040558
vn -0.000117 0.091406 0.040558
vn -0.000117 0.091406 0.040558
vn -0.007109 0.099364 0.008737
vn -0.007109 0.099364 0.008737
vn -0.007109 0.099364 0.008737
vn -0.007015 0.099615 -0.005255
vn -0.007015 0.099615 -0.005255
vn -0.007015 0.099615 -0.005255
vn 0.006901 -0.098884 0.013206
vn 0.006901 -0.098884 0.013206
vn 0.006901 -0.098884 0.013206
vn 0.009927 -0.098888 0.011070
vn 0.009927 -0.098888 0.011070
vn 0.009927 -0.098888 0.011070
vn -0.007887 0.098408 -0.015929
vn -0.007887 0.098408 -0.015929
vn -0.007887 0.098408 -0.015929
vn -0.003111 0.078233 -0.062209
vn -0.003111 0.078233 -0.062209
vn -0.003111 0.078233 -0.062209
vn 0.002931 0.090880 0.041620
vn 0.002931 0.090880 0.041620
vn 0.002931 0.090880 0.041620
vn 0.002931 0.090880 0.041620
vn 0.002931 0.090880 0.041620
vn -0.003339 -0.092850 -0.036983
vn -0.003339 -0.092850 -0.036983
vn -0.003339 -0.092850 -0.036983
vn -0.003339 -0.092850 -0.036983
vn -0.003339 -0.092850 -0.036983
vn -0.003339 -0.092850 -0.036983
vn -0.003328 -0.092422 -0.038040
vn -0.003328 -0.092422 -0.038040
vn -0.003328 -0.092422 -0.038040
vn -0.003328 -0.092422 -0.038040
vn -0.003328 -0.092422 -0.038040
vn 0.002098 -0.098563 -0.016763
vn 0.002098 -0.098563 -0.016763
vn 0.002098 -0.098563 -0.016763
vn -0.005260 -0.095111 -0.030433
vn -0.005260 -0.095111 -0.030433
vn -0.005260 -0.095111 -0.030433
vn -0.005397 -0.093092 -0.036122
vn -0.005397 -0.093092 -0.036122
vn -0.005397 -0.093092 -0.036122
vn -0.000116 -0.092806 -0.037242
vn -0.000116 -0.092806 -0.037242
vn -0.000116 -0.092806 -0.037242
vn 0.000231 -0.092915 -0.036969
vn 0.000231 -0.092915 -0.036969
vn 0.000231 -0.092915 -0.036969
vn -0.001724 -0.092884 -0.037009
vn -0.001724 -0.092884 -0.037009
vn -0.001724 -0.092884 -0.037009
vn 0.006156 -0.099808 0.000650
vn 0.006156 -0.099808 0.000650
vn 0.006156 -0.099808 0.000650
vn -0.003190 0.097772 0.020746
vn -0.003190 0.097772 0.020746
vn -0.003190 0.097772 0.020746
vn -0.006835 0.098922 0.012952
vn -0.006835 0.098922 0.012952
vn -0.006835 0.098922 0.012952
vn -0.007838 0.097504 0.020773
vn -0.007838 0.097504 0.020773
vn -0.007838 0.097504 0.020773
vn -0.004632 0.096365 0.026311
vn -0.004632 0.096365 0.026311
vn -0.004632 0.096365 0.026311
vn 0.000316 0.095380 0.030042
vn 0.000316 0.095380 0.030042
vn 0.000316 0.095380 0.030042
vn -0.007221 0.099287 0.009489
vn -0.007221 0.099287 0.009489
vn -0.007221 0.099287 0.009489
vn -0.008118 0.099669 0.000301
vn -0.008118 0.099669 0.000301
vn -0.008118 0.099669 0.000301
vn 0.008684 -0.098836 0.012490
vn 0.008684 -0.098836 0.012490
vn 0.008684 -0.098836 0.012490
vn 0.008947 -0.098489 0.014830
vn 0.008947 -0.098489 0.014830
vn 0.008947 -0.098489 0.014830
vn -0.009461 0.098318 -0.015625
vn -0.009461 0.098318 -0.015625
vn -0.009461 0.098318 -0.015625
vn -0.010971 0.091654 -0.038460
vn -0.010971 0.091654 -0.038460
vn -0.010971 0.091654 -0.038460
vn 0.002505 0.090184 0.043134
vn 0.002505 0.090184 0.043134
vn 0.002505 0.090184 0.043134
vn 0.002505 0.090184 0.043134
vn 0.002505 0.090184 0.043134
vn 0.002505 0.090184 0.043134
vn -0.001728 -0.092866 -0.037053
vn -0.001728 -0.092866 -0.037053
vn -0.001728 -0.092866 -0.037053
vn -0.003305 -0.092365 -0.038181
vn -0.003305 -0.092365 -0.038181
vn -0.003305 -0.092365 -0.038181
vn -0.003305 -0.092365 -0.038181
vn -0.003305 -0.092365 -0.038181
vn -0.003305 -0.092365 -0.038181
vn 0.003845 -0.098005 -0.019501
vn 0.003845 -0.098005 -0.019501
vn 0.003845 -0.098005 -0.019501
vn -0.005116 -0.094952 -0.030951
vn -0.005116 -0.094952 -0.030951
vn -0.005116 -0.094952 -0.030951
vn -0.004400 -0.091895 -0.039191
vn -0.004400 -0.091895 -0.039191
vn -0.004400 -0.091895 -0.039191
vn 0.000832 -0.091058 -0.041325
vn 0.000832 -0.091058 -0.041325
vn 0.000832 -0.091058 -0.041325
vn 0.000883 -0.090941 -0.041580
vn 0.000883 -0.090941 -0.041580
vn 0.000883 -0.090941 -0.041580
vn 0.006548 -0.099785 0.000059
vn 0.006548 -0.099785 0.000059
vn 0.006548 -0.099785 0.000059
vn -0.007530 0.097857 0.019163
vn -0.007530 0.097857 0.019163
vn -0.007530 0.097857 0.019163
vn -0.007750 0.097740 0.019668
vn -0.007750 0.097740 0.019668
vn -0.007750 0.097740 0.019668
vn -0.009966 0.096194 0.025445
vn -0.009966 0.096194 0.025445
vn -0.009966 0.096194 0.025445
vn -0.006779 0.094706 0.031381
vn -0.006779 0.094706 0.031381
vn -0.006779 0.094706 0.031381
vn -0.003583 0.091325 0.040583
vn -0.003583 0.091325 0.040583
vn -0.003583 0.091325 0.040583
vn -0.010062 0.098849 0.011295
vn -0.010062 0.098849 0.011295
vn -0.010062 0.098849 0.011295
vn -0.010547 0.099434 0.001279
vn -0.010547 0.099434 0.001279
vn -0.010547 0.099434 0.001279
vn 0.009198 -0.098955 0.011101
vn 0.009198 -0.098955 0.011101
vn 0.009198 -0.098955 0.011101
vn 0.010407 -0.098645 0.012685
vn 0.010407 -0.098645 0.012685
vn 0.010407 -0.098645 0.012685
vn -0.011419 0.099093 -0.007090
vn -0.011419 0.099093 -0.007090
vn -0.011419 0.099093 -0.007090
vn -0.003849 0.089560 -0.044319
vn -0.003849 0.089560 -0.044319
vn -0.003849 0.089560 -0.044319
vn 0.002505 0.090609 0.042234
vn 0.002505 0.090609 0.042234
vn 0.002505 0.090609 0.042234
vn 0.002505 0.090609 0.042234
vn 0.002505 0.090609 0.042234
vn -0.001340 -0.091599 -0.040097
vn -0.001340 -0.091599 -0.040097
vn -0.001340 -0.091599 -0.040097
vn -0.001316 -0.091646 -0.039990
vn -0.001316 -0.091646 -0.039990
vn -0.001316 -0.091646 -0.039990
vn -0.003340 -0.091611 -0.039954
vn -0.003340 -0.091611 -0.039954
vn -0.003340 -0.091611 -0.039954
vn -0.003340 -0.091611 -0.039954
vn -0.003340 -0.091611 -0.039954
vn 0.007707 -0.098788 -0.013475
vn 0.007707 -0.098788 -0.013475
vn 0.007707 -0.098788 -0.013475
vn 0.005071 -0.095785 -0.028277
vn 0.005071 -0.095785 -0.028277
vn 0.005071 -0.095785 -0.028277
vn 0.003105 -0.093517 -0.035282
vn 0.003105 -0.093517 -0.035282
vn 0.003105 -0.093517 -0.035282
vn -0.005784 -0.091810 -0.039210
vn -0.005784 -0.091810 -0.039210
vn -0.005784 -0.091810 -0.039210
vn -0.004761 -0.090515 -0.042242
vn -0.004761 -0.090515 -0.042242
vn -0.004761 -0.090515 -0.042242
vn 0.000755 -0.090934 -0.041598
vn 0.000755 -0.090934 -0.041598
vn 0.000755 -0.090934 -0.041598
vn 0.001198 -0.091466 -0.040405
vn 0.001198 -0.091466 -0.040405
vn 0.001198 -0.091466 -0.040405
vn 0.009276 -0.099471 0.004410
vn 0.009276 -0.099471 0.004410
vn 0.009276 -0.099471 0.004410
vn -0.010097 0.098810 0.011604
vn -0.010097 0.098810 0.011604
vn -0.010097 0.098810 0.011604
vn -0.011028 0.096973 0.021786
vn -0.011028 0.096973 0.021786
vn -0.011028 0.096973 0.021786
vn -0.009828 0.096756 0.023273
vn -0.009828 0.096756 0.023273
vn -0.009828 0.096756 0.023273
vn -0.006818 0.094434 0.032182
vn -0.006818 0.094434 0.032182
vn -0.006818 0.094434 0.032182
vn -0.003470 0.093186 0.036117
vn -0.003470 0.093186 0.036117
vn -0.003470 0.093186 0.036117
vn -0.011082 0.099277 0.004622
vn -0.011082 0.099277 0.004622
vn -0.011082 0.099277 0.004622
vn 0.010417 -0.098683 0.012374
vn 0.010417 -0.098683 0.012374
vn 0.010417 -0.098683 0.012374
vn 0.007867 -0.098979 0.011883
vn 0.007867 -0.098979 0.011883
vn 0.007867 -0.098979 0.011883
vn -0.008090 0.099468 -0.006377
vn -0.008090 0.099468 -0.006377
vn -0.008090 0.099468 -0.006377
vn -0.009282 0.097545 -0.019971
vn -0.009282 0.097545 -0.019971
vn -0.009282 0.097545 -0.019971
vn -0.002353 0.090789 -0.041855
vn -0.002353 0.090789 -0.041855
vn -0.002353 0.090789 -0.041855
vn 0.002713 0.091204 0.040920
vn 0.002713 0.091204 0.040920
vn 0.002713 0.091204 0.040920
vn 0.002713 0.091204 0.040920
vn 0.002713 0.091204 0.040920
vn 0.002713 0.091204 0.040920
vn -0.001302 -0.092007 -0.039154
vn -0.001302 -0.092007 -0.039154
vn -0.001302 -0.092007 -0.039154
vn -0.003014 -0.090776 -0.041841
vn -0.003014 -0.090776 -0.041841
vn -0.003014 -0.090776 -0.041841
vn -0.003014 -0.090776 -0.041841
vn -0.003014 -0.090776 -0.041841
vn -0.003014 -0.090776 -0.041841
vn -0.003005 -0.090993 -0.041368
vn -0.003005 -0.090993 -0.041368
vn -0.003005 -0.090993 -0.041368
vn -0.003005 -0.090993 -0.041368
vn -0.003005 -0.090993 -0.041368
vn 0.008525 -0.098495 -0.015033
vn 0.008525 -0.098495 -0.015033
vn 0.008525 -0.098495 -0.015033
vn 0.008870 -0.095341 -0.028834
vn 0.008870 -0.095341 -0.028834
vn 0.008870 -0.095341 -0.028834
vn 0.003376 -0.092208 -0.038553
vn 0.003376 -0.092208 -0.038553
vn 0.003376 -0.092208 -0.038553
vn -0.004802 -0.090694 -0.041852
vn -0.004802 -0.090694 -0.041852
vn -0.004802 -0.090694 -0.041852
vn -0.004274 -0.089919 -0.043548
vn -0.004274 -0.089919 -0.043548
vn -0.004274 -0.089919 -0.043548
vn 0.001275 -0.089222 -0.045143
vn 0.001275 -0.089222 -0.045143
vn 0.001275 -0.089222 -0.045143
vn 0.001443 -0.089851 -0.043872
vn 0.001443 -0.089851 -0.043872
vn 0.001443 -0.089851 -0.043872
vn 0.010229 -0.099446 0.002424
vn 0.010229 -0.099446 0.002424
vn 0.010229 -0.099446 0.002424
vn -0.010201 0.098781 0.011762
vn -0.010201 0.098781 0.011762
vn -0.010201 0.098781 0.011762
vn -0.005924 0.099157 0.011526
vn -0.005924 0.099157 0.011526
vn -0.005924 0.099157 0.011526
vn -0.010345 0.096379 0.024578
vn -0.010345 0.096379 0.024578
vn -0.010345 0.096379 0.024578
vn -0.008857 0.092551 0.036822
vn -0.008857 0.092551 0.036822
vn -0.008857 0.092551 0.036822
vn -0.008707 0.099557 0.003552
vn -0.008707 0.099557 0.003552
vn -0.008707 0.099557 0.003552
vn 0.006901 -0.098292 0.017062
vn 0.006901 -0.098292 0.017062
vn 0.006901 -0.098292 0.017062
vn 0.006835 -0.098330 0.016868
vn 0.006835 -0.098330 0.016868
vn 0.006835 -0.098330 0.016868
vn 0.006805 -0.099353 0.009089
vn 0.006805 -0.099353 0.009089
vn 0.006805 -0.099353 0.009089
vn -0.009284 0.099568 -0.000227
vn -0.009284 0.099568 -0.000227
vn -0.009284 0.099568 -0.000227
vn -0.006393 0.098585 -0.015497
vn -0.006393 0.098585 -0.015497
vn -0.006393 0.098585 -0.015497
vn -0.003251 0.086072 -0.050805
vn -0.003251 0.086072 -0.050805
vn -0.003251 0.086072 -0.050805
vn -0.000546 0.090732 0.042041
vn -0.000546 0.090732 0.042041
vn -0.000546 0.090732 0.042041
vn 0.003202 0.090390 0.042655
vn 0.003202 0.090390 0.042655
vn 0.003202 0.090390 0.042655
vn 0.003202 0.090390 0.042655
vn 0.003202 0.090390 0.042655
vn -0.000510 -0.090060 -0.043462
vn -0.000510 -0.090060 -0.043462
vn -0.000510 -0.090060 -0.043462
vn -0.002990 -0.090938 -0.041488
vn -0.002990 -0.090938 -0.041488
vn -0.002990 -0.090938 -0.041488
vn -0.002990 -0.090938 -0.041488
vn 0.010638 -0.098603 -0.012816
vn 0.010638 -0.098603 -0.012816
vn 0.010638 -0.098603 -0.012816
vn 0.008086 -0.095959 -0.026952
vn 0.008086 -0.095959 -0.026952
vn 0.008086 -0.095959 -0.026952
vn 0.002643 -0.092943 -0.036805
vn 0.002643 -0.092943 -0.036805
vn 0.002643 -0.092943 -0.036805
vn -0.004833 -0.089813 -0.043707
vn -0.004833 -0.089813 -0.043707
vn -0.004833 -0.089813 -0.043707
vn -0.004630 -0.088289 -0.046730
vn -0.004630 -0.088289 -0.046730
vn -0.004630 -0.088289 -0.046730
vn 0.001795 -0.089840 -0.043881
vn 0.001795 -0.089840 -0.043881
vn 0.001795 -0.089840 -0.043881
vn 0.002243 -0.091161 -0.041043
vn 0.002243 -0.091161 -0.041043
vn 0.002243 -0.091161 -0.041043
vn 0.008139 -0.099651 -0.001873
vn 0.008139 -0.099651 -0.001873
vn 0.008139 -0.099651 -0.001873
vn -0.009993 0.098681 0.012738
vn -0.009993 0.098681 0.012738
vn -0.009993 0.098681 0.012738
vn -0.003681 0.098252 0.018250
vn -0.003681 0.098252 0.018250
vn -0.003681 0.098252 0.018250
vn -0.006309 0.094542 0.031969
vn -0.006309 0.094542 0.031969
vn -0.006309 0.094542 0.031969
vn -0.010704 0.094254 0.031647
vn -0.010704 0.094254 0.031647
vn -0.010704 0.094254 0.031647
vn 0.002131 -0.098797 0.015316
vn 0.002131 -0.098797 0.015316
vn 0.002131 -0.098797 0.015316
vn 0.003204 -0.097347 0.022654
vn 0.003204 -0.097347 0.022654
vn 0.003204 -0.097347 0.022654
vn 0.005418 -0.099631 -0.006655
vn 0.005418 -0.099631 -0.006655
vn 0.005418 -0.099631 -0.006655
vn -0.002407 0.099967 -0.000938
vn -0.002407 0.099967 -0.000938
vn -0.002407 0.099967 -0.000938
vn -0.001539 0.097807 -0.020771
vn -0.001539 0.097807 -0.020771
vn -0.001539 0.097807 -0.020771
vn -0.005831 0.092641 -0.037196
vn -0.005831 0.092641 -0.037196
vn -0.005831 0.092641 -0.037196
vn -0.000534 0.090626 0.042269
vn -0.000534 0.090626 0.042269
vn -0.000534 0.090626 0.042269
vn -0.000080 0.090342 0.042877
vn -0.000080 0.090342 0.042877
vn -0.000080 0.090342 0.042877
vn 0.003319 0.089835 0.043803
vn 0.003319 0.089835 0.043803
vn 0.003319 0.089835 0.043803
vn 0.000092 -0.091268 -0.040867
vn 0.000092 -0.091268 -0.040867
vn 0.000092 -0.091268 -0.040867
vn -0.002991 -0.090566 -0.042294
vn -0.002991 -0.090566 -0.042294
vn -0.002991 -0.090566 -0.042294
vn -0.002991 -0.090566 -0.042294
vn -0.002991 -0.090566 -0.042294
vn 0.009242 -0.099138 -0.009291
vn 0.009242 -0.099138 -0.009291
vn 0.009242 -0.099138 -0.009291
vn 0.008546 -0.094584 -0.031318
vn 0.008546 -0.094584 -0.031318
vn 0.008546 -0.094584 -0.031318
vn 0.009385 -0.096048 -0.026204
vn 0.009385 -0.096048 -0.026204
vn 0.009385 -0.096048 -0.026204
vn 0.006315 -0.092335 -0.037872
vn 0.006315 -0.092335 -0.037872
vn 0.006315 -0.092335 -0.037872
vn 0.002368 -0.090031 -0.043461
vn 0.002368 -0.090031 -0.043461
vn 0.002368 -0.090031 -0.043461
vn -0.003952 -0.088876 -0.045666
vn -0.003952 -0.088876 -0.045666
vn -0.003952 -0.088876 -0.045666
vn -0.004704 -0.088365 -0.046577
vn -0.004704 -0.088365 -0.046577
vn -0.004704 -0.088365 -0.046577
vn 0.001514 -0.087643 -0.048128
vn 0.001514 -0.087643 -0.048128
vn 0.001514 -0.087643 -0.048128
vn 0.003445 -0.088737 -0.045978
vn 0.003445 -0.088737 -0.045978
vn 0.003445 -0.088737 -0.045978
vn 0.003056 -0.099736 0.006586
vn 0.003056 -0.099736 0.006586
vn 0.003056 -0.099736 0.006586
vn -0.002571 0.099659 0.007836
vn -0.002571 0.099659 0.007836
vn -0.002571 0.099659 0.007836
vn -0.000824 0.098852 0.015085
vn -0.000824 0.098852 0.015085
vn -0.000824 0.098852 0.015085
vn -0.004954 0.096210 0.026814
vn -0.004954 0.096210 0.026814
vn -0.004954 0.096210 0.026814
vn -0.005709 0.097200 0.022796
vn -0.005709 0.097200 0.022796
vn -0.005709 0.097200 0.022796
vn 0.001432 -0.098545 0.016937
vn 0.001432 -0.098545 0.016937
vn 0.001432 -0.098545 0.016937
vn 0.001534 -0.097531 0.022030
vn 0.001534 -0.097531 0.022030
vn 0.001534 -0.097531 0.022030
vn 0.000732 -0.098465 0.017440
vn 0.000732 -0.098465 0.017440
vn 0.000732 -0.098465 0.017440
vn -0.003704 0.099530 -0.008946
vn -0.003704 0.099530 -0.008946
vn -0.003704 0.099530 -0.008946
vn -0.003287 0.099867 0.003980
vn -0.003287 0.099867 0.003980
vn -0.003287 0.099867 0.003980
vn -0.004358 0.091756 -0.039520
vn -0.004358 0.091756 -0.039520
vn -0.004358 0.091756 -0.039520
vn -0.005627 0.089677 0.043890
vn -0.005627 0.089677 0.043890
vn -0.005627 0.089677 0.043890
vn -0.000394 0.090532 0.042471
vn -0.000394 0.090532 0.042471
vn -0.000394 0.090532 0.042471
vn -0.003850 0.089684 0.044067
vn -0.003850 0.089684 0.044067
vn -0.003850 0.089684 0.044067
vn 0.003441 0.091600 0.039971
vn 0.003441 0.091600 0.039971
vn 0.003441 0.091600 0.039971
vn 0.003441 0.091600 0.039971
vn 0.003441 0.091600 0.039971
vn 0.003441 0.091600 0.039971
vn 0.000037 -0.091046 -0.041360
vn 0.000037 -0.091046 -0.041360
vn 0.000037 -0.091046 -0.041360
vn -0.003015 -0.090637 -0.042142
vn -0.003015 -0.090637 -0.042142
vn -0.003015 -0.090637 -0.042142
vn -0.003015 -0.090637 -0.042142
vn -0.003015 -0.090637 -0.042142
vn -0.003015 -0.090637 -0.042142
vn -0.003197 -0.090221 -0.043011
vn -0.003197 -0.090221 -0.043011
vn -0.003197 -0.090221 -0.043011
vn -0.003197 -0.090221 -0.043011
vn -0.003197 -0.090221 -0.043011
vn 0.004037 -0.098549 -0.016485
vn 0.004037 -0.098549 -0.016485
vn 0.004037 -0.098549 -0.016485
vn 0.009436 -0.094265 -0.032015
vn 0.009436 -0.094265 -0.032015
vn 0.009436 -0.094265 -0.032015
vn 0.009917 -0.095440 -0.028157
vn 0.009917 -0.095440 -0.028157
vn 0.009917 -0.095440 -0.028157
vn 0.006643 -0.091433 -0.039949
vn 0.006643 -0.091433 -0.039949
vn 0.006643 -0.091433 -0.039949
vn 0.002586 -0.089824 -0.043875
vn 0.002586 -0.089824 -0.043875
vn 0.002586 -0.089824 -0.043875
vn -0.003969 -0.088606 -0.046186
vn -0.003969 -0.088606 -0.046186
vn -0.003969 -0.088606 -0.046186
vn -0.004766 -0.086449 -0.050039
vn -0.004766 -0.086449 -0.050039
vn -0.004766 -0.086449 -0.050039
vn -0.000594 -0.089051 -0.045493
vn -0.000594 -0.089051 -0.045493
vn -0.000594 -0.089051 -0.045493
vn 0.004117 -0.089914 -0.043573
vn 0.004117 -0.089914 -0.043573
vn 0.004117 -0.089914 -0.043573
vn 0.002102 -0.099896 0.004048
vn 0.002102 -0.099896 0.004048
vn 0.002102 -0.099896 0.004048
vn -0.001440 0.097842 0.020613
vn -0.001440 0.097842 0.020613
vn -0.001440 0.097842 0.020613
vn -0.001520 0.099195 0.012570
vn -0.001520 0.099195 0.012570
vn -0.001520 0.099195 0.012570
vn -0.000641 0.096645 0.025678
vn -0.000641 0.096645 0.025678
vn -0.000641 0.096645 0.025678
vn 0.002028 -0.098225 0.018647
vn 0.002028 -0.098225 0.018647
vn 0.002028 -0.098225 0.018647
vn 0.001940 -0.098457 0.017390
vn 0.001940 -0.098457 0.017390
vn 0.001940 -0.098457 0.017390
vn -0.001642 0.099583 -0.008973
vn -0.001642 0.099583 -0.008973
vn -0.001642 0.099583 -0.008973
vn -0.001506 0.099896 0.004301
vn -0.001506 0.099896 0.004301
vn -0.001506 0.099896 0.004301
vn 0.002123 0.093383 -0.035709
vn 0.002123 0.093383 -0.035709
vn 0.002123 0.093383 -0.035709
vn -0.005613 0.088712 0.045812
vn -0.005613 0.088712 0.045812
vn -0.005613 0.088712 0.045812
vn -0.004070 0.088516 0.046350
vn -0.004070 0.088516 0.046350
vn -0.004070 0.088516 0.046350
vn 0.003968 -0.095739 -0.028604
vn 0.003968 -0.095739 -0.028604
vn 0.003968 -0.095739 -0.028604
vn 0.004727 0.089484 0.044388
vn 0.004727 0.089484 0.044388
vn 0.004727 0.089484 0.044388
vn 0.012974 -0.045613 0.088041
vn 0.012974 -0.045613 0.088041
vn 0.012974 -0.045613 0.088041
vn 0.001177 -0.089461 -0.044668
vn 0.001177 -0.089461 -0.044668
vn 0.001177 -0.089461 -0.044668
vn -0.002929 -0.091955 -0.039189
vn -0.002929 -0.091955 -0.039189
vn -0.002929 -0.091955 -0.039189
vn -0.002929 -0.091955 -0.039189
vn -0.002929 -0.091955 -0.039189
vn -0.002929 -0.091955 -0.039189
vn 0.001182 -0.099488 -0.010033
vn 0.001182 -0.099488 -0.010033
vn 0.001182 -0.099488 -0.010033
vn 0.009935 -0.093501 -0.034042
vn 0.009935 -0.093501 -0.034042
vn 0.009935 -0.093501 -0.034042
vn 0.001771 -0.097037 -0.024098
vn 0.001771 -0.097037 -0.024098
vn 0.001771 -0.097037 -0.024098
vn 0.007006 -0.091209 -0.040396
vn 0.007006 -0.091209 -0.040396
vn 0.007006 -0.091209 -0.040396
vn 0.002608 -0.088877 -0.045762
vn 0.002608 -0.088877 -0.045762
vn 0.002608 -0.088877 -0.045762
vn -0.002931 -0.087449 -0.048416
vn -0.002931 -0.087449 -0.048416
vn -0.002931 -0.087449 -0.048416
vn -0.003182 -0.085701 -0.051431
vn -0.003182 -0.085701 -0.051431
vn -0.003182 -0.085701 -0.051431
vn -0.001410 -0.086219 -0.050639
vn -0.001410 -0.086219 -0.050639
vn -0.001410 -0.086219 -0.050639
vn 0.005578 -0.088000 -0.047169
vn 0.005578 -0.088000 -0.047169
vn 0.005578 -0.088000 -0.047169
vn 0.000272 -0.099805 0.006238
vn 0.000272 -0.099805 0.006238
vn 0.000272 -0.099805 0.006238
vn -0.000124 0.098004 0.019879
vn -0.000124 0.098004 0.019879
vn -0.000124 0.098004 0.019879
vn -0.001210 0.099941 0.003225
vn -0.001210 0.099941 0.003225
vn -0.001210 0.099941 0.003225
vn -0.000066 0.099439 0.010575
vn -0.000066 0.099439 0.010575
vn -0.000066 0.099439 0.010575
vn -0.000940 0.096198 0.027295
vn -0.000940 0.096198 0.027295
vn -0.000940 0.096198 0.027295
vn 0.000624 -0.098043 0.019675
vn 0.000624 -0.098043 0.019675
vn 0.000624 -0.098043 0.019675
vn 0.002493 -0.098154 0.018963
vn 0.002493 -0.098154 0.018963
vn 0.002493 -0.098154 0.018963
vn 0.001500 -0.097286 0.023091
vn 0.001500 -0.097286 0.023091
vn 0.001500 -0.097286 0.023091
vn -0.002213 0.099728 -0.007029
vn -0.002213 0.099728 -0.007029
vn -0.002213 0.099728 -0.007029
vn -0.001851 0.098297 -0.018281
vn -0.001851 0.098297 -0.018281
vn -0.001851 0.098297 -0.018281
vn 0.001222 0.092184 -0.038737
vn 0.001222 0.092184 -0.038737
vn 0.001222 0.092184 -0.038737
vn -0.004023 0.087821 0.047658
vn -0.004023 0.087821 0.047658
vn -0.004023 0.087821 0.047658
vn 0.004282 0.074691 0.066354
vn 0.004282 0.074691 0.066354
vn 0.004282 0.074691 0.066354
vn -0.004145 0.088498 0.046378
vn -0.004145 0.088498 0.046378
vn -0.004145 0.088498 0.046378
vn 0.012487 0.036854 0.092119
vn 0.012487 0.036854 0.092119
vn 0.012487 0.036854 0.092119
vn 0.012487 0.036854 0.092119
vn 0.015064 0.044663 0.088194
vn 0.015064 0.044663 0.088194
vn 0.015064 0.044663 0.088194
vn 0.013802 -0.045929 0.087750
vn 0.013802 -0.045929 0.087750
vn 0.013802 -0.045929 0.087750
vn 0.002077 -0.091173 -0.041027
vn 0.002077 -0.091173 -0.041027
vn 0.002077 -0.091173 -0.041027
vn -0.000065 -0.090202 -0.043170
vn -0.000065 -0.090202 -0.043170
vn -0.000065 -0.090202 -0.043170
vn -0.004870 -0.090124 -0.043058
vn -0.004870 -0.090124 -0.043058
vn -0.004870 -0.090124 -0.043058
vn -0.004870 -0.090124 -0.043058
vn -0.004870 -0.090124 -0.043058
vn 0.000760 -0.099432 -0.010618
vn 0.000760 -0.099432 -0.010618
vn 0.000760 -0.099432 -0.010618
vn 0.002131 -0.097387 -0.022609
vn 0.002131 -0.097387 -0.022609
vn 0.002131 -0.097387 -0.022609
vn 0.002827 -0.095230 -0.030385
vn 0.002827 -0.095230 -0.030385
vn 0.002827 -0.095230 -0.030385
vn 0.009721 -0.092096 -0.037735
vn 0.009721 -0.092096 -0.037735
vn 0.009721 -0.092096 -0.037735
vn 0.002736 -0.095105 -0.030782
vn 0.002736 -0.095105 -0.030782
vn 0.002736 -0.095105 -0.030782
vn 0.006959 -0.091427 -0.039909
vn 0.006959 -0.091427 -0.039909
vn 0.006959 -0.091427 -0.039909
vn 0.002790 -0.088696 -0.046100
vn 0.002790 -0.088696 -0.046100
vn 0.002790 -0.088696 -0.046100
vn -0.002609 -0.084536 -0.053356
vn -0.002609 -0.084536 -0.053356
vn -0.002609 -0.084536 -0.053356
vn -0.004053 -0.087007 -0.049125
vn -0.004053 -0.087007 -0.049125
vn -0.004053 -0.087007 -0.049125
vn 0.002087 -0.087974 -0.047499
vn 0.002087 -0.087974 -0.047499
vn 0.002087 -0.087974 -0.047499
vn 0.006415 -0.088772 -0.045590
vn 0.006415 -0.088772 -0.045590
vn 0.006415 -0.088772 -0.045590
vn 0.001170 -0.099991 0.000586
vn 0.001170 -0.099991 0.000586
vn 0.001170 -0.099991 0.000586
vn 0.001315 -0.099305 0.011698
vn 0.001315 -0.099305 0.011698
vn 0.001315 -0.099305 0.011698
vn -0.000522 0.097440 0.022477
vn -0.000522 0.097440 0.022477
vn -0.000522 0.097440 0.022477
vn -0.000694 0.098809 0.015369
vn -0.000694 0.098809 0.015369
vn -0.000694 0.098809 0.015369
vn -0.000482 0.099921 0.003942
vn -0.000482 0.099921 0.003942
vn -0.000482 0.099921 0.003942
vn -0.000749 0.099849 0.005445
vn -0.000749 0.099849 0.005445
vn -0.000749 0.099849 0.005445
vn -0.000094 0.096189 0.027345
vn -0.000094 0.096189 0.027345
vn -0.000094 0.096189 0.027345
vn 0.001662 -0.099357 0.011196
vn 0.001662 -0.099357 0.011196
vn 0.001662 -0.099357 0.011196
vn 0.000777 -0.095800 0.028667
vn 0.000777 -0.095800 0.028667
vn 0.000777 -0.095800 0.028667
vn -0.000182 -0.097369 0.022789
vn -0.000182 -0.097369 0.022789
vn -0.000182 -0.097369 0.022789
vn -0.000848 0.099832 -0.005735
vn -0.000848 0.099832 -0.005735
vn -0.000848 0.099832 -0.005735
vn -0.000919 0.098664 -0.016267
vn -0.000919 0.098664 -0.016267
vn -0.000919 0.098664 -0.016267
vn -0.001108 0.094029 -0.034019
vn -0.001108 0.094029 -0.034019
vn -0.001108 0.094029 -0.034019
vn -0.001313 0.075480 -0.065583
vn -0.001313 0.075480 -0.065583
vn -0.001313 0.075480 -0.065583
vn 0.003511 0.086658 0.049780
vn 0.003511 0.086658 0.049780
vn 0.003511 0.086658 0.049780
vn 0.010929 0.061262 0.078278
vn 0.010929 0.061262 0.078278
vn 0.010929 0.061262 0.078278
vn -0.003506 -0.075953 -0.064952
vn -0.003506 -0.075953 -0.064952
vn -0.003506 -0.075953 -0.064952
vn 0.001492 0.086301 0.050496
vn 0.001492 0.086301 0.050496
vn 0.001492 0.086301 0.050496
vn -0.003306 -0.081908 -0.057272
vn -0.003306 -0.081908 -0.057272
vn -0.003306 -0.081908 -0.057272
vn 0.013801 -0.045942 0.087743
vn 0.013801 -0.045942 0.087743
vn 0.013801 -0.045942 0.087743
vn 0.005531 -0.088521 -0.046189
vn 0.005531 -0.088521 -0.046189
vn 0.005531 -0.088521 -0.046189
vn 0.017480 0.029956 0.093793
vn 0.017480 0.029956 0.093793
vn 0.017480 0.029956 0.093793
vn -0.005282 -0.089420 -0.044455
vn -0.005282 -0.089420 -0.044455
vn -0.005282 -0.089420 -0.044455
vn 0.001517 -0.099020 -0.013881
vn 0.001517 -0.099020 -0.013881
vn 0.001517 -0.099020 -0.013881
vn 0.000670 -0.097641 -0.021584
vn 0.000670 -0.097641 -0.021584
vn 0.000670 -0.097641 -0.021584
vn 0.003894 -0.092445 -0.037932
vn 0.003894 -0.092445 -0.037932
vn 0.003894 -0.092445 -0.037932
vn 0.006647 -0.094454 -0.032159
vn 0.006647 -0.094454 -0.032159
vn 0.006647 -0.094454 -0.032159
vn 0.000336 -0.095723 -0.028932
vn 0.000336 -0.095723 -0.028932
vn 0.000336 -0.095723 -0.028932
vn 0.007989 -0.090866 -0.040983
vn 0.007989 -0.090866 -0.040983
vn 0.007989 -0.090866 -0.040983
vn 0.002672 -0.089761 -0.043997
vn 0.002672 -0.089761 -0.043997
vn 0.002672 -0.089761 -0.043997
vn -0.002853 -0.089260 -0.044995
vn -0.002853 -0.089260 -0.044995
vn -0.002853 -0.089260 -0.044995
vn -0.004158 -0.086816 -0.049454
vn -0.004158 -0.086816 -0.049454
vn -0.004158 -0.086816 -0.049454
vn -0.004404 -0.086883 -0.049314
vn -0.004404 -0.086883 -0.049314
vn -0.004404 -0.086883 -0.049314
vn 0.002132 -0.087324 -0.048683
vn 0.002132 -0.087324 -0.048683
vn 0.002132 -0.087324 -0.048683
vn 0.007797 -0.088071 -0.046719
vn 0.007797 -0.088071 -0.046719
vn 0.007797 -0.088071 -0.046719
vn 0.000087 -0.099999 -0.000360
vn 0.000087 -0.099999 -0.000360
vn 0.000087 -0.099999 -0.000360
vn -0.000280 -0.099073 0.013580
vn -0.000280 -0.099073 0.013580
vn -0.000280 -0.099073 0.013580
vn 0.000159 0.097458 0.022404
vn 0.000159 0.097458 0.022404
vn 0.000159 0.097458 0.022404
vn 0.000267 0.098915 0.014689
vn 0.000267 0.098915 0.014689
vn 0.000267 0.098915 0.014689
vn -0.000819 0.099825 -0.005856
vn -0.000819 0.099825 -0.005856
vn -0.000819 0.099825 -0.005856
vn 0.000366 0.099890 0.004684
vn 0.000366 0.099890 0.004684
vn 0.000366 0.099890 0.004684
vn -0.000230 0.095957 0.028147
vn -0.000230 0.095957 0.028147
vn -0.000230 0.095957 0.028147
vn -0.000755 -0.097456 0.022398
vn -0.000755 -0.097456 0.022398
vn -0.000755 -0.097456 0.022398
vn -0.000285 -0.096082 0.027716
vn -0.000285 -0.096082 0.027716
vn -0.000285 -0.096082 0.027716
vn 0.000559 -0.098413 0.017739
vn 0.000559 -0.098413 0.017739
vn 0.000559 -0.098413 0.017739
vn -0.000264 0.098408 -0.017772
vn -0.000264 0.098408 -0.017772
vn -0.000264 0.098408 -0.017772
vn -0.004274 0.088375 -0.046601
vn -0.004274 0.088375 -0.046601
vn -0.004274 0.088375 -0.046601
vn 0.003264 0.087075 0.049064
vn 0.003264 0.087075 0.049064
vn 0.003264 0.087075 0.049064
vn 0.004193 0.087014 0.049101
vn 0.004193 0.087014 0.049101
vn 0.004193 0.087014 0.049101
vn 0.010983 0.061151 0.078358
vn 0.010983 0.061151 0.078358
vn 0.010983 0.061151 0.078358
vn -0.003140 -0.086079 -0.050798
vn -0.003140 -0.086079 -0.050798
vn -0.003140 -0.086079 -0.050798
vn 0.036535 -0.082878 0.042385
vn 0.036535 -0.082878 0.042385
vn 0.036535 -0.082878 0.042385
vn 0.013152 0.058136 0.080294
vn 0.013152 0.058136 0.080294
vn 0.013152 0.058136 0.080294
vn -0.003801 -0.092861 -0.036911
vn -0.003801 -0.092861 -0.036911
vn -0.003801 -0.092861 -0.036911
vn -0.003801 -0.092861 -0.036911
vn 0.013077 -0.045404 0.088133
vn 0.013077 -0.045404 0.088133
vn 0.013077 -0.045404 0.088133
vn -0.000321 -0.099042 -0.013802
vn -0.000321 -0.099042 -0.013802
vn -0.000321 -0.099042 -0.013802
vn 0.001178 -0.096994 -0.024305
vn 0.001178 -0.096994 -0.024305
vn 0.001178 -0.096994 -0.024305
vn -0.000136 -0.094496 -0.032717
vn -0.000136 -0.094496 -0.032717
vn -0.000136 -0.094496 -0.032717
vn 0.007387 -0.090340 -0.042238
vn 0.007387 -0.090340 -0.042238
vn 0.007387 -0.090340 -0.042238
vn 0.000651 -0.095061 -0.031033
vn 0.000651 -0.095061 -0.031033
vn 0.000651 -0.095061 -0.031033
vn 0.007748 -0.091583 -0.039402
vn 0.007748 -0.091583 -0.039402
vn 0.007748 -0.091583 -0.039402
vn 0.005659 -0.086819 -0.049299
vn 0.005659 -0.086819 -0.049299
vn 0.005659 -0.086819 -0.049299
vn -0.001270 -0.088073 -0.047345
vn -0.001270 -0.088073 -0.047345
vn -0.001270 -0.088073 -0.047345
vn -0.004207 -0.086847 -0.049395
vn -0.004207 -0.086847 -0.049395
vn -0.004207 -0.086847 -0.049395
vn -0.004248 -0.086696 -0.049656
vn -0.004248 -0.086696 -0.049656
vn -0.004248 -0.086696 -0.049656
vn 0.002152 -0.087333 -0.048665
vn 0.002152 -0.087333 -0.048665
vn 0.002152 -0.087333 -0.048665
vn 0.042352 -0.063396 0.064708
vn 0.042352 -0.063396 0.064708
vn 0.042352 -0.063396 0.064708
vn 0.000320 -0.099991 -0.001305
vn 0.000320 -0.099991 -0.001305
vn 0.000320 -0.099991 -0.001305
vn -0.000012 0.097246 0.023307
vn -0.000012 0.097246 0.023307
vn -0.000012 0.097246 0.023307
vn -0.000135 0.098505 0.017226
vn -0.000135 0.098505 0.017226
vn -0.000135 0.098505 0.017226
vn -0.000233 0.099532 0.009660
vn -0.000233 0.099532 0.009660
vn -0.000233 0.099532 0.009660
vn -0.000347 0.099873 -0.005024
vn -0.000347 0.099873 -0.005024
vn -0.000347 0.099873 -0.005024
vn -0.000189 0.099993 0.001170
vn -0.000189 0.099993 0.001170
vn -0.000189 0.099993 0.001170
vn 0.000144 0.096010 0.027965
vn 0.000144 0.096010 0.027965
vn 0.000144 0.096010 0.027965
vn 0.001559 -0.096625 0.025714
vn 0.001559 -0.096625 0.025714
vn 0.001559 -0.096625 0.025714
vn -0.000279 -0.096090 0.027689
vn -0.000279 -0.096090 0.027689
vn -0.000279 -0.096090 0.027689
vn -0.001102 -0.098545 0.016959
vn -0.001102 -0.098545 0.016959
vn -0.001102 -0.098545 0.016959
vn -0.000558 0.098193 -0.018917
vn -0.000558 0.098193 -0.018917
vn -0.000558 0.098193 -0.018917
vn 0.000106 0.086849 -0.049571
vn 0.000106 0.086849 -0.049571
vn 0.000106 0.086849 -0.049571
vn 0.004530 0.086756 0.049527
vn 0.004530 0.086756 0.049527
vn 0.004530 0.086756 0.049527
vn 0.004557 0.086846 0.049366
vn 0.004557 0.086846 0.049366
vn 0.004557 0.086846 0.049366
vn 0.006743 0.061660 0.078438
vn 0.006743 0.061660 0.078438
vn 0.006743 0.061660 0.078438
vn 0.001555 -0.086347 -0.050417
vn 0.001555 -0.086347 -0.050417
vn 0.001555 -0.086347 -0.050417
vn 0.008523 0.054271 0.083558
vn 0.008523 0.054271 0.083558
vn 0.008523 0.054271 0.083558
vn 0.000261 -0.098676 -0.016218
vn 0.000261 -0.098676 -0.016218
vn 0.000261 -0.098676 -0.016218
vn -0.000271 -0.097168 -0.023630
vn -0.000271 -0.097168 -0.023630
vn -0.000271 -0.097168 -0.023630
vn 0.000424 -0.092881 -0.037054
vn 0.000424 -0.092881 -0.037054
vn 0.000424 -0.092881 -0.037054
vn 0.002036 -0.093880 -0.034386
vn 0.002036 -0.093880 -0.034386
vn 0.002036 -0.093880 -0.034386
vn -0.000455 -0.095601 -0.029328
vn -0.000455 -0.095601 -0.029328
vn -0.000455 -0.095601 -0.029328
vn 0.002312 -0.090877 -0.041665
vn 0.002312 -0.090877 -0.041665
vn 0.002312 -0.090877 -0.041665
vn 0.005039 -0.091129 -0.040868
vn 0.005039 -0.091129 -0.040868
vn 0.005039 -0.091129 -0.040868
vn -0.001768 -0.087115 -0.049070
vn -0.001768 -0.087115 -0.049070
vn -0.001768 -0.087115 -0.049070
vn 0.003756 -0.089452 -0.044545
vn 0.003756 -0.089452 -0.044545
vn 0.003756 -0.089452 -0.044545
vn -0.004194 -0.086851 -0.049389
vn -0.004194 -0.086851 -0.049389
vn -0.004194 -0.086851 -0.049389
vn -0.004224 -0.086729 -0.049600
vn -0.004224 -0.086729 -0.049600
vn -0.004224 -0.086729 -0.049600
vn -0.000966 -0.099984 -0.001480
vn -0.000966 -0.099984 -0.001480
vn -0.000966 -0.099984 -0.001480
vn -0.001437 0.097309 0.022997
vn -0.001437 0.097309 0.022997
vn -0.001437 0.097309 0.022997
vn -0.000783 0.098471 0.017400
vn -0.000783 0.098471 0.017400
vn -0.000783 0.098471 0.017400
vn -0.000344 0.099523 0.009752
vn -0.000344 0.099523 0.009752
vn -0.000344 0.099523 0.009752
vn 0.000180 0.099765 -0.006855
vn 0.000180 0.099765 -0.006855
vn 0.000180 0.099765 -0.006855
vn 0.000159 0.099997 0.000772
vn 0.000159 0.099997 0.000772
vn 0.000159 0.099997 0.000772
vn 0.000295 0.096247 0.027136
vn 0.000295 0.096247 0.027136
vn 0.000295 0.096247 0.027136
vn -0.001501 -0.099960 -0.002398
vn -0.001501 -0.099960 -0.002398
vn -0.001501 -0.099960 -0.002398
vn -0.000844 -0.093646 0.035068
vn -0.000844 -0.093646 0.035068
vn -0.000844 -0.093646 0.035068
vn -0.001164 -0.096075 0.027716
vn -0.001164 -0.096075 0.027716
vn -0.001164 -0.096075 0.027716
vn -0.001341 -0.098433 0.017582
vn -0.001341 -0.098433 0.017582
vn -0.001341 -0.098433 0.017582
vn 0.000737 0.098107 -0.019353
vn 0.000737 0.098107 -0.019353
vn 0.000737 0.098107 -0.019353
vn 0.001893 0.089217 -0.045131
vn 0.001893 0.089217 -0.045131
vn 0.001893 0.089217 -0.045131
vn 0.002842 0.088557 0.046364
vn 0.002842 0.088557 0.046364
vn 0.002842 0.088557 0.046364
vn 0.004339 0.086783 0.049496
vn 0.004339 0.086783 0.049496
vn 0.004339 0.086783 0.049496
vn -0.001231 -0.085706 0.051507
vn -0.001231 -0.085706 0.051507
vn -0.001231 -0.085706 0.051507
vn -0.000376 -0.098707 -0.016024
vn -0.000376 -0.098707 -0.016024
vn -0.000376 -0.098707 -0.016024
vn -0.000407 -0.097289 -0.023124
vn -0.000407 -0.097289 -0.023124
vn -0.000407 -0.097289 -0.023124
vn -0.000960 -0.093503 -0.035443
vn -0.000960 -0.093503 -0.035443
vn -0.000960 -0.093503 -0.035443
vn -0.000335 -0.095642 -0.029196
vn -0.000335 -0.095642 -0.029196
vn -0.000335 -0.095642 -0.029196
vn 0.000033 -0.094196 -0.033573
vn 0.000033 -0.094196 -0.033573
vn 0.000033 -0.094196 -0.033573
vn -0.001045 -0.093687 -0.034952
vn -0.001045 -0.093687 -0.034952
vn -0.001045 -0.093687 -0.034952
vn 0.001823 -0.092450 -0.038074
vn 0.001823 -0.092450 -0.038074
vn 0.001823 -0.092450 -0.038074
vn -0.002127 -0.088142 -0.047186
vn -0.002127 -0.088142 -0.047186
vn -0.002127 -0.088142 -0.047186
vn 0.003122 -0.090369 -0.042704
vn 0.003122 -0.090369 -0.042704
vn 0.003122 -0.090369 -0.042704
vn -0.004316 -0.086934 -0.049233
vn -0.004316 -0.086934 -0.049233
vn -0.004316 -0.086934 -0.049233
vn 0.004741 0.057099 0.081959
vn 0.004741 0.057099 0.081959
vn 0.004741 0.057099 0.081959
vn -0.000305 -0.099707 0.007648
vn -0.000305 -0.099707 0.007648
vn -0.000305 -0.099707 0.007648
vn 0.000206 -0.099693 -0.007825
vn 0.000206 -0.099693 -0.007825
vn 0.000206 -0.099693 -0.007825
vn -0.001826 0.096944 0.024464
vn -0.001826 0.096944 0.024464
vn -0.001826 0.096944 0.024464
vn -0.001297 0.097984 0.019935
vn -0.001297 0.097984 0.019935
vn -0.001297 0.097984 0.019935
vn -0.000895 0.099009 0.014015
vn -0.000895 0.099009 0.014015
vn -0.000895 0.099009 0.014015
vn -0.000536 0.099746 0.007105
vn -0.000536 0.099746 0.007105
vn -0.000536 0.099746 0.007105
vn 0.000458 0.099796 -0.006362
vn 0.000458 0.099796 -0.006362
vn 0.000458 0.099796 -0.006362
vn -0.000067 0.099979 -0.002069
vn -0.000067 0.099979 -0.002069
vn -0.000067 0.099979 -0.002069
vn -0.000665 0.077588 -0.063084
vn -0.000665 0.077588 -0.063084
vn -0.000665 0.077588 -0.063084
vn -0.002569 -0.095822 0.028487
vn -0.002569 -0.095822 0.028487
vn -0.002569 -0.095822 0.028487
vn -0.000680 -0.095164 0.030713
vn -0.000680 -0.095164 0.030713
vn -0.000680 -0.095164 0.030713
vn -0.000612 -0.097873 0.020507
vn -0.000612 -0.097873 0.020507
vn -0.000612 -0.097873 0.020507
vn 0.000099 0.099170 -0.012854
vn 0.000099 0.099170 -0.012854
vn 0.000099 0.099170 -0.012854
vn -0.000488 0.094830 -0.031734
vn -0.000488 0.094830 -0.031734
vn -0.000488 0.094830 -0.031734
vn 0.001653 0.087940 0.047580
vn 0.001653 0.087940 0.047580
vn 0.001653 0.087940 0.047580
vn 0.003568 0.050586 0.086188
vn 0.003568 0.050586 0.086188
vn 0.003568 0.050586 0.086188
vn 0.001659 0.087910 0.047634
vn 0.001659 0.087910 0.047634
vn 0.001659 0.087910 0.047634
vn 0.000002 -0.098450 -0.017541
vn 0.000002 -0.098450 -0.017541
vn 0.000002 -0.098450 -0.017541
vn -0.000111 -0.097307 -0.023049
vn -0.000111 -0.097307 -0.023049
vn -0.000111 -0.097307 -0.023049
vn -0.001051 -0.093676 -0.034982
vn -0.001051 -0.093676 -0.034982
vn -0.001051 -0.093676 -0.034982
vn -0.001175 -0.096279 -0.027001
vn -0.001175 -0.096279 -0.027001
vn -0.001175 -0.096279 -0.027001
vn -0.001448 -0.094926 -0.031416
vn -0.001448 -0.094926 -0.031416
vn -0.001448 -0.094926 -0.031416
vn -0.000259 -0.091309 -0.040775
vn -0.000259 -0.091309 -0.040775
vn -0.000259 -0.091309 -0.040775
vn 0.001947 -0.090085 -0.043369
vn 0.001947 -0.090085 -0.043369
vn 0.001947 -0.090085 -0.043369
vn 0.000616 -0.086724 -0.049785
vn 0.000616 -0.086724 -0.049785
vn 0.000616 -0.086724 -0.049785
vn -0.003947 -0.099922 0.000089
vn -0.003947 -0.099922 0.000089
vn -0.003947 -0.099922 0.000089
vn -0.000868 -0.099715 0.007490
vn -0.000868 -0.099715 0.007490
vn -0.000868 -0.099715 0.007490
vn -0.000198 -0.099719 -0.007495
vn -0.000198 -0.099719 -0.007495
vn -0.000198 -0.099719 -0.007495
vn -0.003680 0.097368 0.022493
vn -0.003680 0.097368 0.022493
vn -0.003680 0.097368 0.022493
vn -0.002946 0.098287 0.018194
vn -0.002946 0.098287 0.018194
vn -0.002946 0.098287 0.018194
vn -0.002728 0.098610 0.016391
vn -0.002728 0.098610 0.016391
vn -0.002728 0.098610 0.016391
vn -0.001826 0.099660 0.008036
vn -0.001826 0.099660 0.008036
vn -0.001826 0.099660 0.008036
vn -0.001516 0.099970 -0.001921
vn -0.001516 0.099970 -0.001921
vn -0.001516 0.099970 -0.001921
vn -0.001151 0.080192 -0.059733
vn -0.001151 0.080192 -0.059733
vn -0.001151 0.080192 -0.059733
vn -0.001986 -0.096638 0.025636
vn -0.001986 -0.096638 0.025636
vn -0.001986 -0.096638 0.025636
vn -0.001658 -0.095093 0.030895
vn -0.001658 -0.095093 0.030895
vn -0.001658 -0.095093 0.030895
vn -0.001347 -0.097525 0.022070
vn -0.001347 -0.097525 0.022070
vn -0.001347 -0.097525 0.022070
vn -0.000687 0.099085 -0.013477
vn -0.000687 0.099085 -0.013477
vn -0.000687 0.099085 -0.013477
vn 0.000961 0.095988 -0.028025
vn 0.000961 0.095988 -0.028025
vn 0.000961 0.095988 -0.028025
vn -0.003675 0.089484 0.044487
vn -0.003675 0.089484 0.044487
vn -0.003675 0.089484 0.044487
vn -0.005491 -0.094033 0.033581
vn -0.005491 -0.094033 0.033581
vn -0.005491 -0.094033 0.033581
vn -0.000610 0.086643 0.049926
vn -0.000610 0.086643 0.049926
vn -0.000610 0.086643 0.049926
vn 0.000667 -0.098451 -0.017521
vn 0.000667 -0.098451 -0.017521
vn 0.000667 -0.098451 -0.017521
vn -0.000064 -0.097267 -0.023219
vn -0.000064 -0.097267 -0.023219
vn -0.000064 -0.097267 -0.023219
vn -0.001166 -0.093670 -0.034993
vn -0.001166 -0.093670 -0.034993
vn -0.001166 -0.093670 -0.034993
vn -0.000040 -0.096392 -0.026620
vn -0.000040 -0.096392 -0.026620
vn -0.000040 -0.096392 -0.026620
vn -0.000905 -0.095188 -0.030634
vn -0.000905 -0.095188 -0.030634
vn -0.000905 -0.095188 -0.030634
vn -0.003971 -0.093336 -0.035673
vn -0.003971 -0.093336 -0.035673
vn -0.003971 -0.093336 -0.035673
vn -0.004104 -0.092860 -0.036881
vn -0.004104 -0.092860 -0.036881
vn -0.004104 -0.092860 -0.036881
vn -0.006130 -0.075101 0.065744
vn -0.006130 -0.075101 0.065744
vn -0.006130 -0.075101 0.065744
vn 0.003270 0.089315 0.044857
vn 0.003270 0.089315 0.044857
vn 0.003270 0.089315 0.044857
vn -0.000794 -0.099738 0.007184
vn -0.000794 -0.099738 0.007184
vn -0.000794 -0.099738 0.007184
vn 0.000099 -0.099879 -0.004914
vn 0.000099 -0.099879 -0.004914
vn 0.000099 -0.099879 -0.004914
vn 0.000824 -0.099021 -0.013934
vn 0.000824 -0.099021 -0.013934
vn 0.000824 -0.099021 -0.013934
vn -0.005071 0.096177 0.026911
vn -0.005071 0.096177 0.026911
vn -0.005071 0.096177 0.026911
vn -0.003412 0.097936 0.019921
vn -0.003412 0.097936 0.019921
vn -0.003412 0.097936 0.019921
vn -0.002782 0.098939 0.014258
vn -0.002782 0.098939 0.014258
vn -0.002782 0.098939 0.014258
vn -0.002119 0.099943 0.002621
vn -0.002119 0.099943 0.002621
vn -0.002119 0.099943 0.002621
vn -0.001670 0.099802 -0.006071
vn -0.001670 0.099802 -0.006071
vn -0.001670 0.099802 -0.006071
vn 0.000151 0.081034 -0.058596
vn 0.000151 0.081034 -0.058596
vn 0.000151 0.081034 -0.058596
vn -0.000137 -0.096684 0.025539
vn -0.000137 -0.096684 0.025539
vn -0.000137 -0.096684 0.025539
vn -0.001423 -0.095469 0.029727
vn -0.001423 -0.095469 0.029727
vn -0.001423 -0.095469 0.029727
vn -0.001305 -0.097488 0.022237
vn -0.001305 -0.097488 0.022237
vn -0.001305 -0.097488 0.022237
vn -0.000924 0.098196 -0.018885
vn -0.000924 0.098196 -0.018885
vn -0.000924 0.098196 -0.018885
vn -0.000521 0.097002 -0.024295
vn -0.000521 0.097002 -0.024295
vn -0.000521 0.097002 -0.024295
vn -0.003063 0.090231 0.042999
vn -0.003063 0.090231 0.042999
vn -0.003063 0.090231 0.042999
vn -0.005029 0.091207 0.040693
vn -0.005029 0.091207 0.040693
vn -0.005029 0.091207 0.040693
vn 0.005805 0.081921 -0.057055
vn 0.005805 0.081921 -0.057055
vn 0.005805 0.081921 -0.057055
vn 0.001288 -0.098025 -0.019736
vn 0.001288 -0.098025 -0.019736
vn 0.001288 -0.098025 -0.019736
vn 0.001456 -0.097507 -0.022141
vn 0.001456 -0.097507 -0.022141
vn 0.001456 -0.097507 -0.022141
vn -0.001889 -0.094196 -0.033521
vn -0.001889 -0.094196 -0.033521
vn -0.001889 -0.094196 -0.033521
vn -0.000330 -0.096704 -0.025460
vn -0.000330 -0.096704 -0.025460
vn -0.000330 -0.096704 -0.025460
vn -0.001296 -0.095364 -0.030068
vn -0.001296 -0.095364 -0.030068
vn -0.001296 -0.095364 -0.030068
vn -0.003996 -0.093337 -0.035668
vn -0.003996 -0.093337 -0.035668
vn -0.003996 -0.093337 -0.035668
vn -0.003873 -0.093090 -0.036321
vn -0.003873 -0.093090 -0.036321
vn -0.003873 -0.093090 -0.036321
vn 0.000004 -0.081257 -0.058286
vn 0.000004 -0.081257 -0.058286
vn 0.000004 -0.081257 -0.058286
vn -0.008573 -0.010363 0.099091
vn -0.008573 -0.010363 0.099091
vn -0.008573 -0.010363 0.099091
vn 0.000627 -0.099609 0.008811
vn 0.000627 -0.099609 0.008811
vn 0.000627 -0.099609 0.008811
vn 0.001990 -0.099673 -0.007830
vn 0.001990 -0.099673 -0.007830
vn 0.001990 -0.099673 -0.007830
vn 0.002076 -0.098784 -0.015407
vn 0.002076 -0.098784 -0.015407
vn 0.002076 -0.098784 -0.015407
vn -0.001451 0.093332 -0.035876
vn -0.001451 0.093332 -0.035876
vn -0.001451 0.093332 -0.035876
vn 0.001486 -0.094058 0.033925
vn 0.001486 -0.094058 0.033925
vn 0.001486 -0.094058 0.033925
vn -0.000212 -0.094724 0.032050
vn -0.000212 -0.094724 0.032050
vn -0.000212 -0.094724 0.032050
vn 0.000232 -0.098054 0.019629
vn 0.000232 -0.098054 0.019629
vn 0.000232 -0.098054 0.019629
vn -0.003284 0.090291 0.042858
vn -0.003284 0.090291 0.042858
vn -0.003284 0.090291 0.042858
vn -0.002820 0.092248 0.038502
vn -0.002820 0.092248 0.038502
vn -0.002820 0.092248 0.038502
vn -0.006567 -0.073331 0.067671
vn -0.006567 -0.073331 0.067671
vn -0.006567 -0.073331 0.067671
vn 0.002428 -0.098404 -0.017627
vn 0.002428 -0.098404 -0.017627
vn 0.002428 -0.098404 -0.017627
vn 0.002079 -0.097079 -0.023901
vn 0.002079 -0.097079 -0.023901
vn 0.002079 -0.097079 -0.023901
vn -0.001631 -0.095772 -0.028724
vn -0.001631 -0.095772 -0.028724
vn -0.001631 -0.095772 -0.028724
vn -0.002651 -0.095412 -0.029826
vn -0.002651 -0.095412 -0.029826
vn -0.002651 -0.095412 -0.029826
vn 0.000554 -0.096340 -0.026800
vn 0.000554 -0.096340 -0.026800
vn 0.000554 -0.096340 -0.026800
vn -0.003091 -0.093802 -0.034521
vn -0.003091 -0.093802 -0.034521
vn -0.003091 -0.093802 -0.034521
vn -0.003931 -0.093085 -0.036328
vn -0.003931 -0.093085 -0.036328
vn -0.003931 -0.093085 -0.036328
vn 0.002047 0.086629 0.049912
vn 0.002047 0.086629 0.049912
vn 0.002047 0.086629 0.049912
vn -0.009979 -0.098781 0.011950
vn -0.009979 -0.098781 0.011950
vn -0.009979 -0.098781 0.011950
vn 0.002057 -0.099974 0.000961
vn 0.002057 -0.099974 0.000961
vn 0.002057 -0.099974 0.000961
vn 0.000516 -0.098411 0.017748
vn 0.000516 -0.098411 0.017748
vn 0.000516 -0.098411 0.017748
vn 0.002353 -0.099459 -0.010115
vn 0.002353 -0.099459 -0.010115
vn 0.002353 -0.099459 -0.010115
vn 0.000334 -0.095555 0.029481
vn 0.000334 -0.095555 0.029481
vn 0.000334 -0.095555 0.029481
vn 0.000079 0.090832 0.041827
vn 0.000079 0.090832 0.041827
vn 0.000079 0.090832 0.041827
vn -0.012972 -0.010149 0.098634
vn -0.012972 -0.010149 0.098634
vn -0.012972 -0.010149 0.098634
vn 0.003813 -0.097715 -0.020912
vn 0.003813 -0.097715 -0.020912
vn 0.003813 -0.097715 -0.020912
vn 0.003973 -0.097516 -0.021792
vn 0.003973 -0.097516 -0.021792
vn 0.003973 -0.097516 -0.021792
vn 0.002131 -0.096965 -0.024358
vn 0.002131 -0.096965 -0.024358
vn 0.002131 -0.096965 -0.024358
vn 0.000910 -0.095701 -0.028990
vn 0.000910 -0.095701 -0.028990
vn 0.000910 -0.095701 -0.028990
vn 0.000066 -0.095156 -0.030746
vn 0.000066 -0.095156 -0.030746
vn 0.000066 -0.095156 -0.030746
vn -0.004885 -0.095117 -0.030477
vn -0.004885 -0.095117 -0.030477
vn -0.004885 -0.095117 -0.030477
vn -0.005304 -0.093643 -0.034682
vn -0.005304 -0.093643 -0.034682
vn -0.005304 -0.093643 -0.034682
vn -0.010445 -0.098427 -0.014248
vn -0.010445 -0.098427 -0.014248
vn -0.010445 -0.098427 -0.014248
vn -0.013180 -0.098966 -0.005667
vn -0.013180 -0.098966 -0.005667
vn -0.013180 -0.098966 -0.005667
vn -0.004446 0.063315 0.077275
vn -0.004446 0.063315 0.077275
vn -0.004446 0.063315 0.077275
vn 0.004523 -0.097206 -0.023032
vn 0.004523 -0.097206 -0.023032
vn 0.004523 -0.097206 -0.023032
vn 0.002875 -0.096485 -0.026121
vn 0.002875 -0.096485 -0.026121
vn 0.002875 -0.096485 -0.026121
vn 0.003323 -0.094023 -0.033892
vn 0.003323 -0.094023 -0.033892
vn 0.003323 -0.094023 -0.033892
vn -0.001404 -0.096530 -0.026078
vn -0.001404 -0.096530 -0.026078
vn -0.001404 -0.096530 -0.026078
vn 0.000681 -0.097027 -0.024191
vn 0.000681 -0.097027 -0.024191
vn 0.000681 -0.097027 -0.024191
vn -0.001949 -0.095496 -0.029610
vn -0.001949 -0.095496 -0.029610
vn -0.001949 -0.095496 -0.029610
vn 0.006646 0.095190 0.029912
vn 0.006646 0.095190 0.029912
vn 0.006646 0.095190 0.029912
vn 0.014717 0.098911 -0.000029
vn 0.014717 0.098911 -0.000029
vn 0.014717 0.098911 -0.000029
vn 0.004966 -0.096570 -0.025488
vn 0.004966 -0.096570 -0.025488
vn 0.004966 -0.096570 -0.025488
vn 0.002871 -0.095980 -0.027923
vn 0.002871 -0.095980 -0.027923
vn 0.002871 -0.095980 -0.027923
vn 0.004568 -0.095775 -0.028394
vn 0.004568 -0.095775 -0.028394
vn 0.004568 -0.095775 -0.028394
vn -0.030349 -0.071868 0.062561
vn -0.030349 -0.071868 0.062561
vn -0.030349 -0.071868 0.062561
vn -0.024825 -0.087235 0.042116
vn -0.024825 -0.087235 0.042116
vn -0.024825 -0.087235 0.042116
vn 0.003537 -0.096623 -0.025524
vn 0.003537 -0.096623 -0.025524
vn 0.003537 -0.096623 -0.025524
vn -0.028487 -0.081305 0.050774
vn -0.028487 -0.081305 0.050774
vn -0.028487 -0.081305 0.050774
vn 0.020579 0.093795 -0.027910
vn 0.020579 0.093795 -0.027910
vn 0.020579 0.093795 -0.027910
vn 0.019385 0.095674 -0.021698
vn 0.019385 0.095674 -0.021698
vn 0.019385 0.095674 -0.021698
vn 0.001826 0.099033 0.013754
vn 0.001826 0.099033 0.013754
vn 0.001826 0.099033 0.013754
vn -0.028024 -0.081085 0.051379
vn -0.028024 -0.081085 0.051379
vn -0.028024 -0.081085 0.051379
vn -0.029679 -0.080085 0.052015
vn -0.029679 -0.080085 0.052015
vn -0.029679 -0.080085 0.052015
vn 0.008286 0.099642 0.001660
vn 0.008286 0.099642 0.001660
vn 0.008286 0.099642 0.001660
vn -0.000795 0.096999 0.024303
vn -0.000795 0.096999 0.024303
vn -0.000795 0.096999 0.024303
vn -0.000531 0.095853 0.028495
vn -0.000531 0.095853 0.028495
vn -0.000531 0.095853 0.028495
vn -0.004738 0.095827 0.028192
vn -0.004738 0.095827 0.028192
vn -0.004738 0.095827 0.028192
vn -0.004535 0.092405 0.037957
vn -0.004535 0.092405 0.037957
vn -0.004535 0.092405 0.037957
vn 0.003923 0.095257 0.030177
vn 0.003923 0.095257 0.030177
vn 0.003923 0.095257 0.030177
vn 0.000471 0.096541 0.026069
vn 0.000471 0.096541 0.026069
vn 0.000471 0.096541 0.026069
vn -0.003832 0.096570 0.025680
vn -0.003832 0.096570 0.025680
vn -0.003832 0.096570 0.025680
vn -0.003217 0.096088 0.027508
vn -0.003217 0.096088 0.027508
vn -0.003217 0.096088 0.027508
vn -0.001099 0.095414 0.029914
vn -0.001099 0.095414 0.029914
vn -0.001099 0.095414 0.029914
vn 0.004124 0.095516 0.029319
vn 0.004124 0.095516 0.029319
vn 0.004124 0.095516 0.029319
vn -0.002980 0.095962 0.027971
vn -0.002980 0.095962 0.027971
vn -0.002980 0.095962 0.027971
vn 0.001597 0.095263 0.030373
vn 0.001597 0.095263 0.030373
vn 0.001597 0.095263 0.030373
vn -0.002648 0.096531 0.025977
vn -0.002648 0.096531 0.025977
vn -0.002648 0.096531 0.025977
vn -0.004977 0.096348 0.026311
vn -0.004977 0.096348 0.026311
vn -0.004977 0.096348 0.026311
vn -0.000872 0.095865 0.028447
vn -0.000872 0.095865 0.028447
vn -0.000872 0.095865 0.028447
vn 0.001542 0.095576 0.029374
vn 0.001542 0.095576 0.029374
vn 0.001542 0.095576 0.029374
vn 0.005393 0.093813 0.034207
vn 0.005393 0.093813 0.034207
vn 0.005393 0.093813 0.034207
vn -0.002749 0.096317 0.026748
vn -0.002749 0.096317 0.026748
vn -0.002749 0.096317 0.026748
vn -0.004587 0.096967 0.024006
vn -0.004587 0.096967 0.024006
vn -0.004587 0.096967 0.024006
vn -0.000071 0.096363 0.026725
vn -0.000071 0.096363 0.026725
vn -0.000071 0.096363 0.026725
vn 0.001109 0.095036 0.031096
vn 0.001109 0.095036 0.031096
vn 0.001109 0.095036 0.031096
vn -0.004680 0.096892 0.024291
vn -0.004680 0.096892 0.024291
vn -0.004680 0.096892 0.024291
vn -0.001766 0.097094 0.023866
vn -0.001766 0.097094 0.023866
vn -0.001766 0.097094 0.023866
vn -0.000327 0.095923 0.028261
vn -0.000327 0.095923 0.028261
vn -0.000327 0.095923 0.028261
vn 0.000892 0.094937 0.031403
vn 0.000892 0.094937 0.031403
vn 0.000892 0.094937 0.031403
vn 0.000923 0.094988 0.031248
vn 0.000923 0.094988 0.031248
vn 0.000923 0.094988 0.031248
vn 0.001470 0.094272 0.033325
vn 0.001470 0.094272 0.033325
vn 0.001470 0.094272 0.033325
vn -0.000002 0.094634 0.032318
vn -0.000002 0.094634 0.032318
vn -0.000002 0.094634 0.032318
vn 0.000231 0.093596 0.035211
vn 0.000231 0.093596 0.035211
vn 0.000231 0.093596 0.035211
vn 0.000104 0.094825 0.031751
vn 0.000104 0.094825 0.031751
vn 0.000104 0.094825 0.031751
vn 0.000350 0.093845 0.034539
vn 0.000350 0.093845 0.034539
vn 0.000350 0.093845 0.034539
vn 0.000777 0.092569 0.037820
vn 0.000777 0.092569 0.037820
vn 0.000777 0.092569 0.037820
vn -0.000468 0.094754 0.031960
vn -0.000468 0.094754 0.031960
vn -0.000468 0.094754 0.031960
vn 0.000010 0.093709 0.034909
vn 0.000010 0.093709 0.034909
vn 0.000010 0.093709 0.034909
vn 0.000202 0.092300 0.038480
vn 0.000202 0.092300 0.038480
vn 0.000202 0.092300 0.038480
vn -0.000055 0.093552 0.035328
vn -0.000055 0.093552 0.035328
vn -0.000055 0.093552 0.035328
vn -0.000606 0.094530 0.032614
vn -0.000606 0.094530 0.032614
vn -0.000606 0.094530 0.032614
vn 0.000421 0.092871 0.037078
vn 0.000421 0.092871 0.037078
vn 0.000421 0.092871 0.037078
vn -0.000493 0.093114 0.036462
vn -0.000493 0.093114 0.036462
vn -0.000493 0.093114 0.036462
vn -0.003562 0.092255 0.038423
vn -0.003562 0.092255 0.038423
vn -0.003562 0.092255 0.038423
vn -0.002940 0.095222 0.030401
vn -0.002940 0.095222 0.030401
vn -0.002940 0.095222 0.030401
vn -0.004388 0.091408 0.040316
vn -0.004388 0.091408 0.040316
vn -0.004388 0.091408 0.040316
vn -0.005458 0.089713 0.043839
vn -0.005458 0.089713 0.043839
vn -0.005458 0.089713 0.043839
vn -0.003883 0.092811 0.037028
vn -0.003883 0.092811 0.037028
vn -0.003883 0.092811 0.037028
vn -0.007195 0.091446 0.039822
vn -0.007195 0.091446 0.039822
vn -0.007195 0.091446 0.039822
vn -0.004709 0.092048 0.038795
vn -0.004709 0.092048 0.038795
vn -0.004709 0.092048 0.038795
vn -0.007156 0.091775 0.039065
vn -0.007156 0.091775 0.039065
vn -0.007156 0.091775 0.039065
vn -0.009534 0.091843 0.038393
vn -0.009534 0.091843 0.038393
vn -0.009534 0.091843 0.038393
vn -0.009563 0.093086 0.035265
vn -0.009563 0.093086 0.035265
vn -0.009563 0.093086 0.035265
vn -0.008966 0.091031 0.040409
vn -0.008966 0.091031 0.040409
vn -0.008966 0.091031 0.040409
vn -0.008782 0.090080 0.042526
vn -0.008782 0.090080 0.042526
vn -0.008782 0.090080 0.042526
vn -0.009267 0.090510 0.041497
vn -0.009267 0.090510 0.041497
vn -0.009267 0.090510 0.041497
vn -0.009589 0.091754 0.038591
vn -0.009589 0.091754 0.038591
vn -0.009589 0.091754 0.038591
vn -0.008737 0.093981 0.033035
vn -0.008737 0.093981 0.033035
vn -0.008737 0.093981 0.033035
vn -0.005653 0.089792 0.043651
vn -0.005653 0.089792 0.043651
vn -0.005653 0.089792 0.043651
vn -0.005869 0.090451 0.042239
vn -0.005869 0.090451 0.042239
vn -0.005869 0.090451 0.042239
vn -0.005981 0.090333 0.042475
vn -0.005981 0.090333 0.042475
vn -0.005981 0.090333 0.042475
vn -0.005294 0.091189 0.040701
vn -0.005294 0.091189 0.040701
vn -0.005294 0.091189 0.040701
vn -0.005755 0.089609 0.044013
vn -0.005755 0.089609 0.044013
vn -0.005755 0.089609 0.044013
vn -0.005980 0.090281 0.042587
vn -0.005980 0.090281 0.042587
vn -0.005980 0.090281 0.042587
vn -0.005288 0.091322 0.040401
vn -0.005288 0.091322 0.040401
vn -0.005288 0.091322 0.040401
vn -0.002326 0.088779 0.045966
vn -0.002326 0.088779 0.045966
vn -0.002326 0.088779 0.045966
vn -0.002858 0.088927 0.045648
vn -0.002858 0.088927 0.045648
vn -0.002858 0.088927 0.045648
vn -0.001371 0.088106 0.047281
vn -0.001371 0.088106 0.047281
vn -0.001371 0.088106 0.047281
vn -0.002772 0.088000 0.047416
vn -0.002772 0.088000 0.047416
vn -0.002772 0.088000 0.047416
vn -0.001260 0.090863 0.041741
vn -0.001260 0.090863 0.041741
vn -0.001260 0.090863 0.041741
vn 0.001004 0.091367 0.040633
vn 0.001004 0.091367 0.040633
vn 0.001004 0.091367 0.040633
vn 0.001502 0.087882 0.047691
vn 0.001502 0.087882 0.047691
vn 0.001502 0.087882 0.047691
vn 0.001294 0.087142 0.049036
vn 0.001294 0.087142 0.049036
vn 0.001294 0.087142 0.049036
vn 0.005845 0.088203 0.046756
vn 0.005845 0.088203 0.046756
vn 0.005845 0.088203 0.046756
vn 0.001034 0.088184 0.047143
vn 0.001034 0.088184 0.047143
vn 0.001034 0.088184 0.047143
vn 0.005586 0.088236 0.046724
vn 0.005586 0.088236 0.046724
vn 0.005586 0.088236 0.046724
vn 0.005761 0.088662 0.045890
vn 0.005761 0.088662 0.045890
vn 0.005761 0.088662 0.045890
vn 0.006769 0.090353 0.042314
vn 0.006769 0.090353 0.042314
vn 0.006769 0.090353 0.042314
vn 0.005634 0.092587 0.037362
vn 0.005634 0.092587 0.037362
vn 0.005634 0.092587 0.037362
vn 0.003889 0.089749 0.043931
vn 0.003889 0.089749 0.043931
vn 0.003889 0.089749 0.043931
vn 0.001729 0.091544 0.040209
vn 0.001729 0.091544 0.040209
vn 0.001729 0.091544 0.040209
vn 0.005565 0.090394 0.042403
vn 0.005565 0.090394 0.042403
vn 0.005565 0.090394 0.042403
vn 0.002552 0.088251 0.046960
vn 0.002552 0.088251 0.046960
vn 0.002552 0.088251 0.046960
vn 0.001803 0.091656 0.039948
vn 0.001803 0.091656 0.039948
vn 0.001803 0.091656 0.039948
vn -0.001068 0.090665 0.042174
vn -0.001068 0.090665 0.042174
vn -0.001068 0.090665 0.042174
vn 0.000000 0.092321 0.038430
vn 0.000000 0.092321 0.038430
vn 0.000000 0.092321 0.038430
vn -0.000589 0.091008 0.041438
vn -0.000589 0.091008 0.041438
vn -0.000589 0.091008 0.041438
vn -0.000523 0.093514 0.035424
vn -0.000523 0.093514 0.035424
vn -0.000523 0.093514 0.035424
vn -0.000309 0.090688 0.042138
vn -0.000309 0.090688 0.042138
vn -0.000309 0.090688 0.042138
vn 0.001615 0.092873 0.037040
vn 0.001615 0.092873 0.037040
vn 0.001615 0.092873 0.037040
vn 0.001603 0.092431 0.038130
vn 0.001603 0.092431 0.038130
vn 0.001603 0.092431 0.038130
vn 0.001704 0.092260 0.038539
vn 0.001704 0.092260 0.038539
vn 0.001704 0.092260 0.038539
vn 0.002035 0.094532 0.032551
vn 0.002035 0.094532 0.032551
vn 0.002035 0.094532 0.032551
vn 0.003705 0.093291 0.035820
vn 0.003705 0.093291 0.035820
vn 0.003705 0.093291 0.035820
vn 0.001617 0.093827 0.034552
vn 0.001617 0.093827 0.034552
vn 0.001617 0.093827 0.034552
vn 0.003170 0.093184 0.036147
vn 0.003170 0.093184 0.036147
vn 0.003170 0.093184 0.036147
vn 0.003584 0.093138 0.036227
vn 0.003584 0.093138 0.036227
vn 0.003584 0.093138 0.036227
vn 0.001117 0.093381 0.035759
vn 0.001117 0.093381 0.035759
vn 0.001117 0.093381 0.035759
vn 0.003430 0.092432 0.038008
vn 0.003430 0.092432 0.038008
vn 0.003430 0.092432 0.038008
vn 0.004085 0.092919 0.036735
vn 0.004085 0.092919 0.036735
vn 0.004085 0.092919 0.036735
vn 0.001223 0.093382 0.035754
vn 0.001223 0.093382 0.035754
vn 0.001223 0.093382 0.035754
vn 0.001111 0.093962 0.034204
vn 0.001111 0.093962 0.034204
vn 0.001111 0.093962 0.034204
vn -0.000773 0.091689 0.039907
vn -0.000773 0.091689 0.039907
vn -0.000773 0.091689 0.039907
vn -0.007441 0.090666 0.041525
vn -0.007441 0.090666 0.041525
vn -0.007441 0.090666 0.041525
vn -0.005786 0.085825 0.050996
vn -0.005786 0.085825 0.050996
vn -0.005786 0.085825 0.050996
vn -0.005793 0.085810 0.051020
vn -0.005793 0.085810 0.051020
vn -0.005793 0.085810 0.051020
vn -0.005341 0.088924 0.045431
vn -0.005341 0.088924 0.045431
vn -0.005341 0.088924 0.045431
vn -0.002199 0.088469 0.046565
vn -0.002199 0.088469 0.046565
vn -0.002199 0.088469 0.046565
vn -0.002206 0.088962 0.045617
vn -0.002206 0.088962 0.045617
vn -0.002206 0.088962 0.045617
vn 0.000356 0.086972 0.049354
vn 0.000356 0.086972 0.049354
vn 0.000356 0.086972 0.049354
vn -0.002326 0.088780 0.045963
vn -0.002326 0.088780 0.045963
vn -0.002326 0.088780 0.045963
vn 0.000302 0.086724 0.049787
vn 0.000302 0.086724 0.049787
vn 0.000302 0.086724 0.049787
vn 0.002349 0.078658 0.061704
vn 0.002349 0.078658 0.061704
vn 0.002349 0.078658 0.061704
vn 0.002277 0.088261 0.046955
vn 0.002277 0.088261 0.046955
vn 0.002277 0.088261 0.046955
vn 0.005093 0.086373 0.050137
vn 0.005093 0.086373 0.050137
vn 0.005093 0.086373 0.050137
vn 0.005183 0.085612 0.051416
vn 0.005183 0.085612 0.051416
vn 0.005183 0.085612 0.051416
vn 0.001984 0.086636 0.049903
vn 0.001984 0.086636 0.049903
vn 0.001984 0.086636 0.049903
vn 0.003874 0.086053 0.050793
vn 0.003874 0.086053 0.050793
vn 0.003874 0.086053 0.050793
vn 0.005839 0.086627 0.049616
vn 0.005839 0.086627 0.049616
vn 0.005839 0.086627 0.049616
vn 0.005729 0.087082 0.048826
vn 0.005729 0.087082 0.048826
vn 0.005729 0.087082 0.048826
vn 0.003691 0.088105 0.047159
vn 0.003691 0.088105 0.047159
vn 0.003691 0.088105 0.047159
vn 0.000520 0.089616 0.044369
vn 0.000520 0.089616 0.044369
vn 0.000520 0.089616 0.044369
vn 0.005867 0.087593 0.047885
vn 0.005867 0.087593 0.047885
vn 0.005867 0.087593 0.047885
vn 0.001752 0.086323 0.050451
vn 0.001752 0.086323 0.050451
vn 0.001752 0.086323 0.050451
vn -0.001343 0.087214 0.048908
vn -0.001343 0.087214 0.048908
vn -0.001343 0.087214 0.048908
vn 0.004158 0.086751 0.049569
vn 0.004158 0.086751 0.049569
vn 0.004158 0.086751 0.049569
vn 0.001053 0.089605 0.044382
vn 0.001053 0.089605 0.044382
vn 0.001053 0.089605 0.044382
vn -0.002145 0.089008 0.045530
vn -0.002145 0.089008 0.045530
vn -0.002145 0.089008 0.045530
vn -0.003110 0.088370 0.046703
vn -0.003110 0.088370 0.046703
vn -0.003110 0.088370 0.046703
vn -0.000432 0.088434 0.046682
vn -0.000432 0.088434 0.046682
vn -0.000432 0.088434 0.046682
vn -0.001975 0.089237 0.045087
vn -0.001975 0.089237 0.045087
vn -0.001975 0.089237 0.045087
vn -0.002392 0.090885 0.041643
vn -0.002392 0.090885 0.041643
vn -0.002392 0.090885 0.041643
vn -0.002151 0.089691 0.044168
vn -0.002151 0.089691 0.044168
vn -0.002151 0.089691 0.044168
vn -0.001723 0.089063 0.045441
vn -0.001723 0.089063 0.045441
vn -0.001723 0.089063 0.045441
vn 0.000111 0.089513 0.044580
vn 0.000111 0.089513 0.044580
vn 0.000111 0.089513 0.044580
vn -0.000386 0.091345 0.040693
vn -0.000386 0.091345 0.040693
vn -0.000386 0.091345 0.040693
vn 0.000048 0.090938 0.041596
vn 0.000048 0.090938 0.041596
vn 0.000048 0.090938 0.041596
vn 0.000367 0.090421 0.042708
vn 0.000367 0.090421 0.042708
vn 0.000367 0.090421 0.042708
vn 0.000058 0.090819 0.041856
vn 0.000058 0.090819 0.041856
vn 0.000058 0.090819 0.041856
vn 0.000327 0.090654 0.042210
vn 0.000327 0.090654 0.042210
vn 0.000327 0.090654 0.042210
vn 0.001597 0.091088 0.041235
vn 0.001597 0.091088 0.041235
vn 0.001597 0.091088 0.041235
vn 0.001535 0.091569 0.040160
vn 0.001535 0.091569 0.040160
vn 0.001535 0.091569 0.040160
vn 0.001580 0.091218 0.040949
vn 0.001580 0.091218 0.040949
vn 0.001580 0.091218 0.040949
vn 0.001623 0.091335 0.040686
vn 0.001623 0.091335 0.040686
vn 0.001623 0.091335 0.040686
vn -0.093534 -0.000000 0.035375
vn -0.084084 -0.000000 0.054129
vn -0.084082 -0.000000 0.054131
vn -0.078728 -0.000000 0.061660
vn -0.078597 -0.000000 0.061827
vn -0.072700 -0.000000 0.068664
vn -0.072409 -0.000000 0.068970
vn -0.066051 -0.000000 0.075082
vn -0.065575 -0.000000 0.075497
vn -0.064660 -0.000000 0.076283
vn -0.063183 -0.000000 0.077510
vn -0.063735 -0.000000 0.077057
vn -0.062801 -0.000000 0.077821
vn -0.098860 -0.000000 0.015058
vn -0.098860 -0.000000 0.015057
vn -0.093535 -0.000000 0.035373
vn -0.099824 -0.000000 -0.005923
vn -0.099824 -0.000000 -0.005923
vn -0.097957 -0.000000 -0.020110
vn -0.097914 -0.000000 -0.020320
vn -0.096969 -0.000000 -0.024432
vn -0.096891 -0.000000 -0.024742
vn -0.096518 -0.000000 -0.026159
vn -0.096330 -0.000000 -0.026843
vn -0.096036 -0.000000 -0.027878
vn -0.095724 -0.000000 -0.028931
vn -0.095523 -0.000000 -0.029587
vn -0.095072 -0.000000 -0.031006
vn -0.092167 0.000000 -0.038799
vn -0.091339 0.000000 -0.040708
vn -0.087924 0.000000 -0.047637
vn -0.086619 0.000000 -0.049971
vn -0.082837 0.000000 -0.056018
vn -0.080963 0.000000 -0.058694
vn -0.081274 0.000000 -0.058262
vn -0.079648 0.000000 -0.060466
vn -0.079512 0.000000 -0.060645
vn -0.078015 0.000000 -0.062559
vn -0.098735 -0.000000 -0.015856
vn -0.098752 -0.000000 -0.015750
vn -0.099353 -0.000000 -0.011360
vn -0.099353 -0.000000 -0.011360
vn -0.077961 0.000000 -0.062627
vn -0.076471 0.000000 -0.064437
vn -0.072679 0.000000 -0.068686
vn -0.068652 0.000000 -0.072712
vn -0.070323 0.000000 -0.071096
vn -0.074263 0.000000 -0.066971
vn -0.066155 0.000000 -0.074991
vn -0.064401 0.000000 -0.076502
vn -0.064082 0.000000 -0.076769
vn -0.061839 0.000000 -0.078587
vn -0.061958 0.000000 -0.078493
vn -0.059785 0.000000 -0.080161
vn -0.059204 0.000000 -0.080591
vn -0.057173 0.000000 -0.082044
vn -0.056499 0.000000 -0.082510
vn -0.054496 0.000000 -0.083846
vn -0.048180 0.000000 -0.087628
vn -0.051757 0.000000 -0.085564
vn -0.050302 0.000000 -0.086427
vn -0.048833 0.000000 -0.087266
vn -0.047350 0.000000 -0.088079
vn -0.046915 0.000000 -0.088312
vn -0.046478 0.000000 -0.088543
vn -0.046040 0.000000 -0.088771
vn -0.044199 0.000000 -0.089702
vn -0.045819 0.000000 -0.088885
vn -0.045598 0.000000 -0.088999
vn -0.045377 0.000000 -0.089112
vn -0.045169 0.000000 -0.089218
vn -0.044960 0.000000 -0.089323
vn -0.044462 0.000000 -0.089572
vn -0.044751 0.000000 -0.089428
vn -0.043322 0.000000 -0.090129
vn -0.043386 0.000000 -0.090098
vn -0.043951 0.000000 -0.089824
vn -0.044193 0.000000 -0.089705
vn -0.043085 0.000000 -0.090242
vn -0.042602 0.000000 -0.090471
vn -0.041638 0.000000 -0.090919
vn -0.027383 0.000000 -0.096178
vn -0.032725 0.000000 -0.094494
vn -0.037965 0.000000 -0.092513
vn -0.043740 0.000000 -0.089927
vn -0.099757 -0.000000 -0.006969
vn -0.099761 -0.000000 -0.006908
vn -0.099762 -0.000000 -0.006900
vn -0.099783 -0.000000 -0.006580
vn -0.099784 -0.000000 -0.006575
vn -0.099804 -0.000000 -0.006251
vn -0.099805 -0.000000 -0.006249
vn -0.099757 -0.000000 -0.006962
vn -0.099753 -0.000000 -0.007030
vn -0.099753 -0.000000 -0.007024
vn -0.099748 -0.000000 -0.007090
vn -0.099749 -0.000000 -0.007086
vn -0.099745 -0.000000 -0.007137
vn -0.099745 -0.000000 -0.007130
vn -0.099743 -0.000000 -0.007161
vn -0.099740 -0.000000 -0.007203
vn -0.099741 -0.000000 -0.007191
vn -0.099739 -0.000000 -0.007222
vn -0.099638 -0.000000 -0.008500
vn -0.099674 -0.000000 -0.008073
vn -0.099708 -0.000000 -0.007638
vn -0.099635 -0.000000 -0.008538
vn -0.099634 -0.000000 -0.008545
vn -0.099637 -0.000000 -0.008507
vn -0.099632 -0.000000 -0.008573
vn -0.099625 -0.000000 -0.008652
vn -0.099629 -0.000000 -0.008609
vn -0.099626 -0.000000 -0.008645
vn -0.099624 -0.000000 -0.008667
vn -0.099624 -0.000000 -0.008660
vn -0.099617 -0.000000 -0.008742
vn -0.099584 -0.000000 -0.009107
vn -0.099576 -0.000000 -0.009196
vn -0.099543 -0.000000 -0.009547
vn -0.099533 -0.000000 -0.009649
vn -0.099500 -0.000000 -0.009987
vn -0.099488 -0.000000 -0.010103
vn -0.099496 -0.000000 -0.010031
vn -0.099491 -0.000000 -0.010076
vn -0.099487 -0.000000 -0.010120
vn -0.099483 -0.000000 -0.010152
vn -0.099485 -0.000000 -0.010139
vn -0.099480 -0.000000 -0.010184
vn -0.099481 -0.000000 -0.010175
vn -0.099477 -0.000000 -0.010216
vn -0.099477 -0.000000 -0.010211
vn -0.099473 -0.000000 -0.010250
vn -0.099469 -0.000000 -0.010289
vn -0.099465 -0.000000 -0.010328
vn -0.099454 -0.000000 -0.010439
vn -0.099430 -0.000000 -0.010662
vn -0.099406 -0.000000 -0.010885
vn -0.099406 -0.000000 -0.010885
vn -0.099402 -0.000000 -0.010923
vn -0.099393 -0.000000 -0.010998
vn -0.099398 -0.000000 -0.010960
vn -0.099393 -0.000000 -0.010998
vn -0.099380 -0.000000 -0.011119
vn -0.099366 -0.000000 -0.011239
vn 0.000000 -0.100000 0.000000
vn 0.000000 -0.100000 0.000000
vn 0.000000 -0.100000 0.000000
vn 0.000000 -0.100000 0.000000
vn 0.000000 -0.100000 0.000000
vn 0.000000 -0.100000 0.000000
vn 0.000000 -0.100000 0.000000
vn 0.000000 -0.100000 0.000000
vn 0.000000 -0.100000 0.000000
vn 0.000000 -0.100000 0.000000
vn 0.000000 -0.100000 0.000000
vn 0.000000 -0.100000 0.000000
vn 0.000000 -0.100000 0.000000
vn 0.000000 -0.100000 0.000000
vn 0.000000 -0.100000 0.000000
vn 0.000000 -0.100000 0.000000
vn 0.000000 -0.100000 0.000000
vn 0.000000 -0.100000 0.000000
vn 0.000000 -0.100000 0.000000
vn 0.000000 -0.100000 0.000000
vn 0.000000 -0.100000 0.000000
vn 0.000000 -0.100000 0.000000
vn 0.000000 -0.100000 0.000000
vn 0.000000 -0.100000 0.000000
vn 0.000000 -0.100000 0.000000
vn 0.000000 -0.100000 0.000000
vn 0.000000 -0.100000 0.000000
vn 0.000000 -0.100000 0.000000
vn 0.000000 -0.100000 0.000000
vn 0.000000 -0.100000 0.000000
vn 0.000000 -0.100000 0.000000
vn 0.000000 -0.100000 0.000000
vn 0.000000 -0.100000 0.000000
vn 0.000000 -0.100000 0.000000
vn 0.000000 -0.100000 0.000000
vn 0.000000 -0.100000 0.000000
vn 0.000000 -0.100000 0.000000
vn 0.000000 -0.100000 0.000000
vn 0.000000 -0.100000 0.000000
vn 0.000000 -0.100000 0.000000
vn 0.000000 -0.100000 0.000000
vn 0.000000 -0.100000 0.000000
vn 0.000000 -0.100000 0.000000
vn 0.000000 -0.100000 0.000000
f 1282/4307/4185 1337/4308/4186 1281/4309/4187
f 1281/4309/4187 1337/4308/4186 1340/4310/4188
f 1281/4309/4187 1340/4310/4188 1307/4311/4189
f 1307/4311/4189 1340/4310/4188 1385/4312/4190
f 1307/4311/4189 1385/4312/4190 1306/4313/4191
f 1306/4313/4191 1385/4312/4190 1383/4314/4192
f 1306/4313/4191 1383/4314/4192 1305/4315/4193
f 1305/4315/4193 1383/4314/4192 1381/4316/4194
f 1305/4315/4193 1381/4316/4194 1304/4317/4195
f 1304/4317/4195 1381/4316/4194 1379/4318/4196
f 1304/4317/4195 1379/4318/4196 1303/4319/4197
f 1303/4319/4197 1379/4318/4196 1377/4320/4198
f 1303/4319/4197 1377/4320/4198 1302/4321/4199
f 1302/4321/4199 1377/4320/4198 1375/4322/4200
f 1302/4321/4199 1375/4322/4200 1301/4323/4201
f 1301/4323/4201 1375/4322/4200 1374/4324/4202
f 1301/4323/4201 1374/4324/4202 1300/4325/4203
f 1300/4325/4203 1374/4324/4202 1372/4326/4204
f 1300/4325/4203 1372/4326/4204 1299/4327/4205
f 1299/4327/4205 1372/4326/4204 1370/4328/4206
f 1299/4327/4205 1370/4328/4206 1298/4329/4207
f 1298/4329/4207 1370/4328/4206 1368/4330/4208
f 1298/4329/4207 1368/4330/4208 1297/4331/4209
f 1297/4331/4209 1368/4330/4208 1366/4332/4210
f 1297/4331/4209 1366/4332/4210 1296/4333/4211
f 1296/4333/4211 1366/4332/4210 1364/4334/4212
f 1296/4333/4211 1364/4334/4212 1295/4335/4213
f 1295/4335/4213 1364/4334/4212 1333/4336/4214
f 1295/4335/4213 1333/4336/4214 1294/4337/4215
f 1294/4338/4215 1333/4339/4214 1362/4340/4216
f 1294/4338/4215 1362/4340/4216 1293/4341/4217
f 1293/4341/4217 1362/4340/4216 1360/4342/4218
f 1293/4341/4217 1360/4342/4218 1292/4343/4219
f 1292/4343/4219 1360/4342/4218 1358/4344/4220
f 1292/4343/4219 1358/4344/4220 1291/4345/4221
f 1291/4345/4221 1358/4344/4220 1356/4346/4222
f 1291/4345/4221 1356/4346/4222 1290/4347/4223
f 1290/4347/4223 1356/4346/4222 1354/4348/4224
f 1290/4347/4223 1354/4348/4224 1289/4349/4225
f 1289/4349/4225 1354/4348/4224 1353/4350/4226
f 1289/4349/4225 1353/4350/4226 1288/4351/4227
f 1288/4351/4227 1353/4350/4226 1351/4352/4228
f 1288/4351/4227 1351/4352/4228 1287/4353/4229
f 1287/4353/4229 1351/4352/4228 1349/4354/4230
f 1287/4353/4229 1349/4354/4230 1286/4355/4231
f 1286/4355/4231 1349/4354/4230 1347/4356/4232
f 1286/4355/4231 1347/4356/4232 1285/4357/4233
f 1285/4357/4233 1347/4356/4232 1345/4358/4234
f 1285/4357/4233 1345/4358/4234 1284/4359/4235
f 1284/4359/4235 1345/4358/4234 1343/4360/4236
f 1284/4359/4235 1343/4360/4236 1283/4361/4237
f 1283/4361/4237 1343/4360/4236 1341/4362/4238
f 1283/4361/4237 1341/4362/4238 1282/4307/4185
f 1282/4307/4185 1341/4362/4238 1337/4308/4186
f 1309/4363/4239 1339/4364/4240 1308/4365/4241
f 1308/4365/4241 1339/4364/4240 1338/4366/4242
f 1308/4365/4241 1338/4366/4242 1332/4367/4243
f 1332/4367/4243 1338/4366/4242 1342/4368/4244
f 1332/4367/4243 1342/4368/4244 1331/4369/4245
f 1331/4369/4245 1342/4368/4244 1344/4370/4246
f 1331/4369/4245 1344/4370/4246 1330/4371/4247
f 1330/4371/4247 1344/4370/4246 1346/4372/4248
f 1330/4371/4247 1346/4372/4248 1329/4373/4249
f 1329/4373/4249 1346/4372/4248 1348/4374/4250
f 1329/4373/4249 1348/4374/4250 1328/4375/4251
f 1328/4375/4251 1348/4374/4250 1350/4376/4252
f 1328/4375/4251 1350/4376/4252 1327/4377/4253
f 1327/4377/4253 1350/4376/4252 1352/4378/4254
f 1327/4377/4253 1352/4378/4254 1336/4379/4255
f 1336/4379/4255 1352/4378/4254 1351/4352/4228
f 1336/4379/4255 1351/4352/4228 1353/4350/4226
f 1339/4364/4240 1309/4363/4239 1386/4380/4256
f 1386/4380/4256 1309/4363/4239 1310/4381/4257
f 1386/4380/4256 1310/4381/4257 1384/4382/4258
f 1384/4382/4258 1310/4381/4257 1311/4383/4259
f 1384/4382/4258 1311/4383/4259 1382/4384/4260
f 1382/4384/4260 1311/4383/4259 1312/4385/4261
f 1382/4384/4260 1312/4385/4261 1380/4386/4262
f 1380/4386/4262 1312/4385/4261 1313/4387/4263
f 1380/4386/4262 1313/4387/4263 1378/4388/4264
f 1378/4388/4264 1313/4387/4263 1314/4389/4265
f 1378/4388/4264 1314/4389/4265 1376/4390/4266
f 1376/4390/4266 1314/4389/4265 1335/4391/4267
f 1376/4390/4266 1335/4391/4267 1374/4324/4202
f 1374/4324/4202 1335/4391/4267 1372/4326/4204
f 1314/4389/4265 1315/4392/4268 1335/4391/4267
f 1335/4391/4267 1315/4392/4268 1373/4393/4269
f 1335/4391/4267 1373/4393/4269 1372/4326/4204
f 1372/4326/4204 1373/4393/4269 1370/4328/4206
f 1315/4392/4268 1316/4394/4270 1373/4393/4269
f 1373/4393/4269 1316/4394/4270 1371/4395/4271
f 1373/4393/4269 1371/4395/4271 1370/4328/4206
f 1370/4328/4206 1371/4395/4271 1368/4330/4208
f 1316/4394/4270 1317/4396/4272 1371/4395/4271
f 1371/4395/4271 1317/4396/4272 1369/4397/4273
f 1371/4395/4271 1369/4397/4273 1368/4330/4208
f 1368/4330/4208 1369/4397/4273 1366/4332/4210
f 1317/4396/4272 1318/4398/4274 1369/4397/4273
f 1369/4397/4273 1318/4398/4274 1367/4399/4275
f 1369/4397/4273 1367/4399/4275 1366/4332/4210
f 1366/4332/4210 1367/4399/4275 1364/4334/4212
f 1318/4398/4274 1319/4400/4276 1367/4399/4275
f 1367/4399/4275 1319/4400/4276 1365/4401/4277
f 1367/4399/4275 1365/4401/4277 1364/4334/4212
f 1364/4334/4212 1365/4401/4277 1333/4336/4214
f 1319/4400/4276 1320/4402/4278 1365/4401/4277
f 1365/4401/4277 1320/4402/4278 1334/4403/4279
f 1365/4401/4277 1334/4403/4279 1333/4336/4214
f 1333/4339/4214 1334/4404/4279 1362/4340/4216
f 1320/4405/4278 1321/4406/4280 1334/4404/4279
f 1334/4404/4279 1321/4406/4280 1363/4407/4281
f 1334/4404/4279 1363/4407/4281 1362/4340/4216
f 1362/4340/4216 1363/4407/4281 1360/4342/4218
f 1321/4406/4280 1322/4408/4282 1363/4407/4281
f 1363/4407/4281 1322/4408/4282 1361/4409/4283
f 1363/4407/4281 1361/4409/4283 1360/4342/4218
f 1360/4342/4218 1361/4409/4283 1358/4344/4220
f 1322/4408/4282 1323/4410/4284 1361/4409/4283
f 1361/4409/4283 1323/4410/4284 1359/4411/4285
f 1361/4409/4283 1359/4411/4285 1358/4344/4220
f 1358/4344/4220 1359/4411/4285 1356/4346/4222
f 1323/4410/4284 1324/4412/4286 1359/4411/4285
f 1359/4411/4285 1324/4412/4286 1357/4413/4287
f 1359/4411/4285 1357/4413/4287 1356/4346/4222
f 1356/4346/4222 1357/4413/4287 1354/4348/4224
f 1324/4412/4286 1325/4414/4288 1357/4413/4287
f 1357/4413/4287 1325/4414/4288 1355/4415/4289
f 1357/4413/4287 1355/4415/4289 1354/4348/4224
f 1354/4348/4224 1355/4415/4289 1353/4350/4226
f 1325/4414/4288 1326/4416/4290 1355/4415/4289
f 1355/4415/4289 1326/4416/4290 1336/4379/4255
f 1355/4415/4289 1336/4379/4255 1353/4350/4226
f 1326/4416/4290 1327/4377/4253 1336/4379/4255
f 1337/4308/4186 1338/4366/4242 1340/4310/4188
f 1340/4310/4188 1338/4366/4242 1339/4364/4240
f 1340/4310/4188 1339/4364/4240 1385/4312/4190
f 1385/4312/4190 1339/4364/4240 1386/4380/4256
f 1385/4312/4190 1386/4380/4256 1383/4314/4192
f 1383/4314/4192 1386/4380/4256 1384/4382/4258
f 1383/4314/4192 1384/4382/4258 1381/4316/4194
f 1381/4316/4194 1384/4382/4258 1382/4384/4260
f 1381/4316/4194 1382/4384/4260 1379/4318/4196
f 1379/4318/4196 1382/4384/4260 1380/4386/4262
f 1379/4318/4196 1380/4386/4262 1377/4320/4198
f 1377/4320/4198 1380/4386/4262 1378/4388/4264
f 1377/4320/4198 1378/4388/4264 1375/4322/4200
f 1375/4322/4200 1378/4388/4264 1376/4390/4266
f 1375/4322/4200 1376/4390/4266 1374/4324/4202
f 1338/4366/4242 1337/4308/4186 1342/4368/4244
f 1342/4368/4244 1337/4308/4186 1341/4362/4238
f 1342/4368/4244 1341/4362/4238 1344/4370/4246
f 1344/4370/4246 1341/4362/4238 1343/4360/4236
f 1344/4370/4246 1343/4360/4236 1346/4372/4248
f 1346/4372/4248 1343/4360/4236 1345/4358/4234
f 1346/4372/4248 1345/4358/4234 1348/4374/4250
f 1348/4374/4250 1345/4358/4234 1347/4356/4232
f 1348/4374/4250 1347/4356/4232 1350/4376/4252
f 1350/4376/4252 1347/4356/4232 1349/4354/4230
f 1350/4376/4252 1349/4354/4230 1352/4378/4254
f 1352/4378/4254 1349/4354/4230 1351/4352/4228
f 1388/4417/4291 1435/4418/4292 1387/4419/4293
f 1387/4419/4293 1435/4418/4292 1438/4420/4294
f 1387/4419/4293 1438/4420/4294 1407/4421/4295
f 1407/4421/4295 1438/4420/4294 1470/4422/4296
f 1407/4421/4295 1470/4422/4296 1406/4423/4297
f 1406/4423/4297 1470/4422/4296 1468/4424/4298
f 1406/4423/4297 1468/4424/4298 1405/4425/4299
f 1405/4425/4299 1468/4424/4298 1466/4426/4300
f 1405/4425/4299 1466/4426/4300 1404/4427/4301
f 1404/4427/4301 1466/4426/4300 1463/4428/4302
f 1404/4427/4301 1463/4428/4302 1403/4429/4303
f 1403/4429/4303 1463/4428/4302 1465/4430/4304
f 1403/4429/4303 1465/4430/4304 1429/4431/4305
f 1429/4431/4305 1465/4430/4304 1428/4432/4306
f 1429/4431/4305 1428/4432/4306 1462/4433/4307
f 1462/4433/4307 1428/4432/4306 1413/4434/4308
f 1462/4433/4307 1413/4434/4308 1461/4435/4309
f 1461/4435/4309 1413/4434/4308 1414/4436/4310
f 1461/4435/4309 1414/4436/4310 1459/4437/4311
f 1459/4437/4311 1414/4436/4310 1415/4438/4312
f 1459/4437/4311 1415/4438/4312 1427/4439/4313
f 1427/4439/4313 1415/4438/4312 1416/4440/4314
f 1427/4439/4313 1416/4440/4314 1456/4441/4315
f 1456/4441/4315 1416/4440/4314 1426/4442/4316
f 1456/4441/4315 1426/4442/4316 1425/4443/4317
f 1425/4444/4317 1426/4445/4316 1454/4446/4318
f 1425/4444/4317 1454/4446/4318 1397/4447/4319
f 1397/4447/4319 1454/4446/4318 1396/4448/4320
f 1396/4448/4320 1454/4446/4318 1452/4449/4321
f 1396/4448/4320 1452/4449/4321 1395/4450/4322
f 1395/4450/4322 1452/4449/4321 1450/4451/4323
f 1395/4450/4322 1450/4451/4323 1394/4452/4324
f 1394/4452/4324 1450/4451/4323 1448/4453/4325
f 1394/4452/4324 1448/4453/4325 1393/4454/4326
f 1393/4454/4326 1448/4453/4325 1433/4455/4327
f 1393/4454/4326 1433/4455/4327 1392/4456/4328
f 1392/4456/4328 1433/4455/4327 1446/4457/4329
f 1392/4456/4328 1446/4457/4329 1444/4458/4330
f 1444/4458/4330 1446/4457/4329 1447/4459/4331
f 1444/4458/4330 1447/4459/4331 1445/4460/4332
f 1445/4460/4332 1447/4459/4331 1421/4461/4333
f 1445/4460/4332 1421/4461/4333 1422/4462/4334
f 1435/4418/4292 1388/4417/4291 1439/4463/4335
f 1439/4463/4335 1388/4417/4291 1389/4464/4336
f 1439/4463/4335 1389/4464/4336 1441/4465/4337
f 1441/4465/4337 1389/4464/4336 1390/4466/4338
f 1441/4465/4337 1390/4466/4338 1442/4467/4339
f 1442/4467/4339 1390/4466/4338 1391/4468/4340
f 1442/4467/4339 1391/4468/4340 1444/4458/4330
f 1444/4458/4330 1391/4468/4340 1392/4456/4328
f 1397/4469/4319 1398/4470/4341 1425/4443/4317
f 1425/4443/4317 1398/4470/4341 1455/4471/4342
f 1425/4443/4317 1455/4471/4342 1456/4441/4315
f 1456/4441/4315 1455/4471/4342 1427/4439/4313
f 1398/4470/4341 1399/4472/4343 1455/4471/4342
f 1455/4471/4342 1399/4472/4343 1457/4473/4344
f 1455/4471/4342 1457/4473/4344 1427/4439/4313
f 1427/4439/4313 1457/4473/4344 1459/4437/4311
f 1399/4472/4343 1400/4474/4345 1457/4473/4344
f 1457/4473/4344 1400/4474/4345 1458/4475/4346
f 1457/4473/4344 1458/4475/4346 1459/4437/4311
f 1459/4437/4311 1458/4475/4346 1461/4435/4309
f 1400/4474/4345 1401/4476/4347 1458/4475/4346
f 1458/4475/4346 1401/4476/4347 1460/4477/4348
f 1458/4475/4346 1460/4477/4348 1461/4435/4309
f 1461/4435/4309 1460/4477/4348 1462/4433/4307
f 1401/4476/4347 1402/4478/4349 1460/4477/4348
f 1460/4477/4348 1402/4478/4349 1429/4431/4305
f 1460/4477/4348 1429/4431/4305 1462/4433/4307
f 1402/4478/4349 1403/4429/4303 1429/4431/4305
f 1409/4479/4350 1437/4480/4351 1408/4481/4352
f 1408/4481/4352 1437/4480/4351 1436/4482/4353
f 1408/4481/4352 1436/4482/4353 1424/4483/4354
f 1424/4483/4354 1436/4482/4353 1440/4484/4355
f 1424/4483/4354 1440/4484/4355 1431/4485/4356
f 1431/4485/4356 1440/4484/4355 1439/4463/4335
f 1431/4485/4356 1439/4463/4335 1441/4465/4337
f 1437/4480/4351 1409/4479/4350 1430/4486/4357
f 1430/4486/4357 1409/4479/4350 1410/4487/4358
f 1430/4486/4357 1410/4487/4358 1469/4488/4359
f 1469/4488/4359 1410/4487/4358 1467/4489/4360
f 1469/4488/4359 1467/4489/4360 1466/4426/4300
f 1466/4426/4300 1467/4489/4360 1463/4428/4302
f 1410/4487/4358 1411/4490/4361 1467/4489/4360
f 1467/4489/4360 1411/4490/4361 1464/4491/4362
f 1467/4489/4360 1464/4491/4362 1463/4428/4302
f 1463/4428/4302 1464/4491/4362 1465/4430/4304
f 1411/4490/4361 1412/4492/4363 1464/4491/4362
f 1464/4491/4362 1412/4492/4363 1428/4432/4306
f 1464/4491/4362 1428/4432/4306 1465/4430/4304
f 1412/4492/4363 1413/4434/4308 1428/4432/4306
f 1416/4493/4314 1417/4494/4364 1426/4445/4316
f 1426/4445/4316 1417/4494/4364 1434/4495/4365
f 1426/4445/4316 1434/4495/4365 1454/4446/4318
f 1454/4446/4318 1434/4495/4365 1452/4449/4321
f 1417/4494/4364 1418/4496/4366 1434/4495/4365
f 1434/4495/4365 1418/4496/4366 1453/4497/4367
f 1434/4495/4365 1453/4497/4367 1452/4449/4321
f 1452/4449/4321 1453/4497/4367 1450/4451/4323
f 1453/4497/4367 1418/4496/4366 1451/4498/4368
f 1451/4498/4368 1418/4496/4366 1419/4499/4369
f 1451/4498/4368 1419/4499/4369 1449/4500/4370
f 1449/4500/4370 1419/4499/4369 1420/4501/4371
f 1449/4500/4370 1420/4501/4371 1432/4502/4372
f 1432/4502/4372 1420/4501/4371 1421/4461/4333
f 1432/4502/4372 1421/4461/4333 1447/4459/4331
f 1445/4460/4332 1422/4462/4334 1443/4503/4373
f 1443/4503/4373 1422/4462/4334 1423/4504/4374
f 1443/4503/4373 1423/4504/4374 1431/4485/4356
f 1431/4485/4356 1423/4504/4374 1424/4483/4354
f 1435/4418/4292 1436/4482/4353 1438/4420/4294
f 1438/4420/4294 1436/4482/4353 1437/4480/4351
f 1438/4420/4294 1437/4480/4351 1470/4422/4296
f 1470/4422/4296 1437/4480/4351 1430/4486/4357
f 1470/4422/4296 1430/4486/4357 1468/4424/4298
f 1468/4424/4298 1430/4486/4357 1469/4488/4359
f 1468/4424/4298 1469/4488/4359 1466/4426/4300
f 1439/4463/4335 1440/4484/4355 1435/4418/4292
f 1435/4418/4292 1440/4484/4355 1436/4482/4353
f 1443/4503/4373 1431/4485/4356 1441/4465/4337
f 1445/4460/4332 1443/4503/4373 1442/4467/4339
f 1442/4467/4339 1443/4503/4373 1441/4465/4337
f 1444/4458/4330 1445/4460/4332 1442/4467/4339
f 1432/4502/4372 1447/4459/4331 1446/4457/4329
f 1448/4453/4325 1449/4500/4370 1433/4455/4327
f 1433/4455/4327 1449/4500/4370 1432/4502/4372
f 1433/4455/4327 1432/4502/4372 1446/4457/4329
f 1449/4500/4370 1448/4453/4325 1451/4498/4368
f 1451/4498/4368 1448/4453/4325 1450/4451/4323
f 1451/4498/4368 1450/4451/4323 1453/4497/4367
f 1424/4505/4354 1479/4506/4375 1408/4507/4352
f 1408/4508/4352 1479/4509/4375 1480/4510/4376
f 1408/4508/4352 1480/4510/4376 1409/4511/4350
f 1409/4511/4350 1480/4510/4376 1481/4512/4377
f 1409/4511/4350 1481/4512/4377 1410/4513/4358
f 1410/4513/4358 1481/4512/4377 1482/4514/4378
f 1410/4513/4358 1482/4514/4378 1411/4515/4361
f 1411/4515/4361 1482/4514/4378 1483/4516/4379
f 1411/4515/4361 1483/4516/4379 1412/4517/4363
f 1412/4517/4363 1483/4516/4379 1484/4518/4380
f 1412/4517/4363 1484/4518/4380 1413/4519/4308
f 1413/4519/4308 1484/4518/4380 1485/4520/4381
f 1413/4519/4308 1485/4520/4381 1414/4521/4310
f 1414/4521/4310 1485/4520/4381 1486/4522/4382
f 1414/4521/4310 1486/4522/4382 1415/4523/4312
f 1415/4523/4312 1486/4522/4382 1487/4524/4383
f 1415/4523/4312 1487/4524/4383 1416/4525/4314
f 1416/4525/4314 1487/4524/4383 1471/4526/4384
f 1416/4525/4314 1471/4526/4384 1417/4527/4364
f 1417/4527/4364 1471/4526/4384 1472/4528/4385
f 1417/4527/4364 1472/4528/4385 1418/4529/4366
f 1418/4529/4366 1472/4528/4385 1473/4530/4386
f 1418/4529/4366 1473/4530/4386 1419/4531/4369
f 1419/4531/4369 1473/4530/4386 1474/4532/4387
f 1419/4531/4369 1474/4532/4387 1420/4533/4371
f 1420/4533/4371 1474/4532/4387 1475/4534/4388
f 1420/4533/4371 1475/4534/4388 1421/4535/4333
f 1421/4535/4333 1475/4534/4388 1476/4536/4389
f 1421/4535/4333 1476/4536/4389 1422/4537/4334
f 1422/4537/4334 1476/4536/4389 1477/4538/4390
f 1422/4537/4334 1477/4538/4390 1423/4539/4374
f 1423/4539/4374 1477/4538/4390 1478/4540/4391
f 1423/4539/4374 1478/4540/4391 1424/4505/4354
f 1424/4505/4354 1478/4540/4391 1479/4506/4375
f 1307/4541/4189 1501/4542/4392 1281/4543/4187
f 1281/4544/4187 1501/4545/4392 1502/4546/4393
f 1281/4544/4187 1502/4546/4393 1282/4547/4185
f 1282/4547/4185 1502/4546/4393 1503/4548/4394
f 1282/4547/4185 1503/4548/4394 1283/4549/4237
f 1283/4549/4237 1503/4548/4394 1619/4550/4395
f 1283/4549/4237 1619/4550/4395 1622/4551/4396
f 1622/4551/4396 1619/4550/4395 1620/4552/4397
f 1622/4551/4396 1620/4552/4397 1621/4553/4398
f 1501/4542/4392 1307/4541/4189 1500/4554/4399
f 1500/4554/4399 1307/4541/4189 1306/4555/4191
f 1500/4554/4399 1306/4555/4191 1499/4556/4400
f 1499/4556/4400 1306/4555/4191 1305/4557/4193
f 1499/4556/4400 1305/4557/4193 1498/4558/4401
f 1498/4558/4401 1305/4557/4193 1304/4559/4195
f 1498/4558/4401 1304/4559/4195 1497/4560/4402
f 1497/4560/4402 1304/4559/4195 1303/4561/4197
f 1497/4560/4402 1303/4561/4197 1496/4562/4403
f 1496/4562/4403 1303/4561/4197 1302/4563/4199
f 1496/4562/4403 1302/4563/4199 1495/4564/4404
f 1495/4564/4404 1302/4563/4199 1301/4565/4201
f 1495/4564/4404 1301/4565/4201 1494/4566/4405
f 1494/4566/4405 1301/4565/4201 1300/4567/4203
f 1494/4566/4405 1300/4567/4203 1493/4568/4406
f 1493/4568/4406 1300/4567/4203 1299/4569/4205
f 1493/4568/4406 1299/4569/4205 1492/4570/4407
f 1492/4570/4407 1299/4569/4205 1298/4571/4207
f 1492/4570/4407 1298/4571/4207 1491/4572/4408
f 1491/4572/4408 1298/4571/4207 1297/4573/4209
f 1491/4572/4408 1297/4573/4209 1490/4574/4409
f 1490/4574/4409 1297/4573/4209 1296/4575/4211
f 1490/4574/4409 1296/4575/4211 1489/4576/4410
f 1489/4576/4410 1296/4575/4211 1295/4577/4213
f 1489/4576/4410 1295/4577/4213 1488/4578/4411
f 1488/4578/4411 1295/4577/4213 1294/4579/4215
f 1488/4578/4411 1294/4579/4215 1514/4580/4412
f 1514/4580/4412 1294/4579/4215 1293/4581/4217
f 1514/4580/4412 1293/4581/4217 1691/4582/4413
f 1691/4582/4413 1293/4581/4217 1292/4583/4219
f 1691/4582/4413 1292/4583/4219 1690/4584/4414
f 1690/4584/4414 1292/4583/4219 1689/4585/4415
f 1689/4585/4415 1292/4583/4219 1688/4586/4416
f 1688/4586/4416 1292/4583/4219 1687/4587/4417
f 1687/4587/4417 1292/4583/4219 1291/4588/4221
f 1687/4587/4417 1291/4588/4221 1686/4589/4418
f 1686/4589/4418 1291/4588/4221 1685/4590/4419
f 1685/4590/4419 1291/4588/4221 1684/4591/4420
f 1684/4591/4420 1291/4588/4221 1290/4592/4223
f 1684/4591/4420 1290/4592/4223 1683/4593/4421
f 1683/4593/4421 1290/4592/4223 1682/4594/4422
f 1682/4594/4422 1290/4592/4223 1681/4595/4423
f 1681/4595/4423 1290/4592/4223 1680/4596/4424
f 1680/4596/4424 1290/4592/4223 1679/4597/4425
f 1679/4597/4425 1290/4592/4223 1678/4598/4426
f 1678/4598/4426 1290/4592/4223 1677/4599/4427
f 1677/4599/4427 1290/4592/4223 1289/4600/4225
f 1677/4599/4427 1289/4600/4225 1676/4601/4428
f 1676/4601/4428 1289/4600/4225 1675/4602/4429
f 1675/4602/4429 1289/4600/4225 1674/4603/4430
f 1674/4603/4430 1289/4600/4225 1673/4604/4431
f 1673/4604/4431 1289/4600/4225 1672/4605/4432
f 1672/4605/4432 1289/4600/4225 1671/4606/4433
f 1671/4606/4433 1289/4600/4225 1670/4607/4434
f 1670/4607/4434 1289/4600/4225 1669/4608/4435
f 1669/4608/4435 1289/4600/4225 1668/4609/4436
f 1668/4609/4436 1289/4600/4225 1288/4610/4227
f 1668/4609/4436 1288/4610/4227 1667/4611/4437
f 1667/4611/4437 1288/4610/4227 1666/4612/4438
f 1666/4612/4438 1288/4610/4227 1665/4613/4439
f 1665/4613/4439 1288/4610/4227 1664/4614/4440
f 1664/4614/4440 1288/4610/4227 1663/4615/4441
f 1663/4615/4441 1288/4610/4227 1662/4616/4442
f 1662/4616/4442 1288/4610/4227 1661/4617/4443
f 1661/4617/4443 1288/4610/4227 1287/4618/4229
f 1661/4617/4443 1287/4618/4229 1660/4619/4444
f 1660/4619/4444 1287/4618/4229 1659/4620/4445
f 1659/4620/4445 1287/4618/4229 1658/4621/4446
f 1658/4621/4446 1287/4618/4229 1657/4622/4447
f 1657/4622/4447 1287/4618/4229 1656/4623/4448
f 1656/4623/4448 1287/4618/4229 1655/4624/4449
f 1655/4624/4449 1287/4618/4229 1286/4625/4231
f 1655/4624/4449 1286/4625/4231 1654/4626/4450
f 1654/4626/4450 1286/4625/4231 1653/4627/4451
f 1653/4627/4451 1286/4625/4231 1652/4628/4452
f 1652/4628/4452 1286/4625/4231 1651/4629/4453
f 1651/4629/4453 1286/4625/4231 1650/4630/4454
f 1650/4630/4454 1286/4625/4231 1649/4631/4455
f 1649/4631/4455 1286/4625/4231 1285/4632/4233
f 1649/4631/4455 1285/4632/4233 1648/4633/4456
f 1648/4633/4456 1285/4632/4233 1647/4634/4457
f 1647/4634/4457 1285/4632/4233 1646/4635/4458
f 1646/4635/4458 1285/4632/4233 1645/4636/4459
f 1645/4636/4459 1285/4632/4233 1644/4637/4460
f 1644/4637/4460 1285/4632/4233 1643/4638/4461
f 1643/4638/4461 1285/4632/4233 1642/4639/4462
f 1642/4639/4462 1285/4632/4233 1641/4640/4463
f 1641/4640/4463 1285/4632/4233 1640/4641/4464
f 1640/4641/4464 1285/4632/4233 1639/4642/4465
f 1639/4642/4465 1285/4632/4233 1638/4643/4466
f 1638/4643/4466 1285/4632/4233 1284/4644/4235
f 1638/4643/4466 1284/4644/4235 1637/4645/4467
f 1637/4645/4467 1284/4644/4235 1636/4646/4468
f 1636/4646/4468 1284/4644/4235 1635/4647/4469
f 1635/4647/4469 1284/4644/4235 1634/4648/4470
f 1634/4648/4470 1284/4644/4235 1633/4649/4471
f 1633/4649/4471 1284/4644/4235 1632/4650/4472
f 1632/4650/4472 1284/4644/4235 1631/4651/4473
f 1631/4651/4473 1284/4644/4235 1630/4652/4474
f 1630/4652/4474 1284/4644/4235 1283/4549/4237
f 1630/4652/4474 1283/4549/4237 1629/4653/4475
f 1629/4653/4475 1283/4549/4237 1628/4654/4476
f 1628/4654/4476 1283/4549/4237 1627/4655/4477
f 1627/4655/4477 1283/4549/4237 1626/4656/4478
f 1626/4656/4478 1283/4549/4237 1625/4657/4479
f 1625/4657/4479 1283/4549/4237 1624/4658/4480
f 1624/4658/4480 1283/4549/4237 1623/4659/4481
f 1623/4659/4481 1283/4549/4237 1622/4551/4396
f 1504/4660/4482 1614/4661/4483 1503/4548/4394
f 1503/4548/4394 1614/4661/4483 1615/4662/4484
f 1503/4548/4394 1615/4662/4484 1616/4663/4485
f 1505/4664/4486 1591/4665/4487 1504/4660/4482
f 1504/4660/4482 1591/4665/4487 1592/4666/4488
f 1504/4660/4482 1592/4666/4488 1593/4667/4489
f 1506/4668/4490 1577/4669/4491 1505/4664/4486
f 1505/4664/4486 1577/4669/4491 1578/4670/4492
f 1505/4664/4486 1578/4670/4492 1579/4671/4493
f 1507/4672/4494 1564/4673/4495 1506/4668/4490
f 1506/4668/4490 1564/4673/4495 1565/4674/4496
f 1506/4668/4490 1565/4674/4496 1566/4675/4497
f 1508/4676/4498 1555/4677/4499 1507/4672/4494
f 1507/4672/4494 1555/4677/4499 1556/4678/4500
f 1507/4672/4494 1556/4678/4500 1557/4679/4501
f 1509/4680/4502 1544/4681/4503 1508/4676/4498
f 1508/4676/4498 1544/4681/4503 1545/4682/4504
f 1508/4676/4498 1545/4682/4504 1546/4683/4505
f 1510/4684/4506 1533/4685/4507 1509/4680/4502
f 1509/4680/4502 1533/4685/4507 1534/4686/4508
f 1509/4680/4502 1534/4686/4508 1535/4687/4509
f 1511/4688/4510 1528/4689/4511 1510/4684/4506
f 1510/4684/4506 1528/4689/4511 1529/4690/4512
f 1510/4684/4506 1529/4690/4512 1530/4691/4513
f 1512/4692/4514 1518/4693/4515 1511/4688/4510
f 1511/4688/4510 1518/4693/4515 1519/4694/4516
f 1511/4688/4510 1519/4694/4516 1520/4695/4517
f 1513/4696/4518 1515/4697/4519 1512/4692/4514
f 1512/4692/4514 1515/4697/4519 1516/4698/4520
f 1512/4692/4514 1516/4698/4520 1517/4699/4521
f 1514/4580/4412 1691/4582/4413 1513/4696/4518
f 1513/4696/4518 1691/4582/4413 1693/4700/4522
f 1513/4696/4518 1693/4700/4522 1694/4701/4523
f 1517/4699/4521 1518/4693/4515 1512/4692/4514
f 1520/4695/4517 1521/4702/4524 1511/4688/4510
f 1511/4688/4510 1521/4702/4524 1522/4703/4525
f 1511/4688/4510 1522/4703/4525 1523/4704/4526
f 1523/4704/4526 1524/4705/4527 1511/4688/4510
f 1511/4688/4510 1524/4705/4527 1525/4706/4528
f 1511/4688/4510 1525/4706/4528 1526/4707/4529
f 1526/4707/4529 1527/4708/4530 1511/4688/4510
f 1511/4688/4510 1527/4708/4530 1528/4689/4511
f 1530/4691/4513 1531/4709/4531 1510/4684/4506
f 1510/4684/4506 1531/4709/4531 1532/4710/4532
f 1510/4684/4506 1532/4710/4532 1533/4685/4507
f 1535/4687/4509 1536/4711/4533 1509/4680/4502
f 1509/4680/4502 1536/4711/4533 1537/4712/4534
f 1509/4680/4502 1537/4712/4534 1538/4713/4535
f 1538/4713/4535 1539/4714/4536 1509/4680/4502
f 1509/4680/4502 1539/4714/4536 1540/4715/4537
f 1509/4680/4502 1540/4715/4537 1541/4716/4538
f 1541/4716/4538 1542/4717/4539 1509/4680/4502
f 1509/4680/4502 1542/4717/4539 1543/4718/4540
f 1509/4680/4502 1543/4718/4540 1544/4681/4503
f 1546/4683/4505 1547/4719/4541 1508/4676/4498
f 1508/4676/4498 1547/4719/4541 1548/4720/4542
f 1508/4676/4498 1548/4720/4542 1549/4721/4543
f 1549/4721/4543 1550/4722/4544 1508/4676/4498
f 1508/4676/4498 1550/4722/4544 1551/4723/4545
f 1508/4676/4498 1551/4723/4545 1552/4724/4546
f 1552/4724/4546 1553/4725/4547 1508/4676/4498
f 1508/4676/4498 1553/4725/4547 1554/4726/4548
f 1508/4676/4498 1554/4726/4548 1555/4677/4499
f 1557/4679/4501 1558/4727/4549 1507/4672/4494
f 1507/4672/4494 1558/4727/4549 1559/4728/4550
f 1507/4672/4494 1559/4728/4550 1560/4729/4551
f 1560/4729/4551 1561/4730/4552 1507/4672/4494
f 1507/4672/4494 1561/4730/4552 1562/4731/4553
f 1507/4672/4494 1562/4731/4553 1563/4732/4554
f 1563/4732/4554 1564/4673/4495 1507/4672/4494
f 1566/4675/4497 1567/4733/4555 1506/4668/4490
f 1506/4668/4490 1567/4733/4555 1568/4734/4556
f 1506/4668/4490 1568/4734/4556 1569/4735/4557
f 1569/4735/4557 1570/4736/4558 1506/4668/4490
f 1506/4668/4490 1570/4736/4558 1571/4737/4559
f 1506/4668/4490 1571/4737/4559 1572/4738/4560
f 1572/4738/4560 1573/4739/4561 1506/4668/4490
f 1506/4668/4490 1573/4739/4561 1574/4740/4562
f 1506/4668/4490 1574/4740/4562 1575/4741/4563
f 1575/4741/4563 1576/4742/4564 1506/4668/4490
f 1506/4668/4490 1576/4742/4564 1577/4669/4491
f 1579/4671/4493 1580/4743/4565 1505/4664/4486
f 1505/4664/4486 1580/4743/4565 1581/4744/4566
f 1505/4664/4486 1581/4744/4566 1582/4745/4567
f 1582/4745/4567 1583/4746/4568 1505/4664/4486
f 1505/4664/4486 1583/4746/4568 1584/4747/4569
f 1505/4664/4486 1584/4747/4569 1585/4748/4570
f 1585/4748/4570 1586/4749/4571 1505/4664/4486
f 1505/4664/4486 1586/4749/4571 1587/4750/4572
f 1505/4664/4486 1587/4750/4572 1588/4751/4573
f 1588/4751/4573 1589/4752/4574 1505/4664/4486
f 1505/4664/4486 1589/4752/4574 1590/4753/4575
f 1505/4664/4486 1590/4753/4575 1591/4665/4487
f 1593/4667/4489 1594/4754/4576 1504/4660/4482
f 1504/4660/4482 1594/4754/4576 1595/4755/4577
f 1504/4660/4482 1595/4755/4577 1596/4756/4578
f 1596/4756/4578 1597/4757/4579 1504/4660/4482
f 1504/4660/4482 1597/4757/4579 1598/4758/4580
f 1504/4660/4482 1598/4758/4580 1599/4759/4581
f 1599/4759/4581 1600/4760/4582 1504/4660/4482
f 1504/4660/4482 1600/4760/4582 1601/4761/4583
f 1504/4660/4482 1601/4761/4583 1602/4762/4584
f 1602/4762/4584 1603/4763/4585 1504/4660/4482
f 1504/4660/4482 1603/4763/4585 1604/4764/4586
f 1504/4660/4482 1604/4764/4586 1605/4765/4587
f 1605/4765/4587 1606/4766/4588 1504/4660/4482
f 1504/4660/4482 1606/4766/4588 1607/4767/4589
f 1504/4660/4482 1607/4767/4589 1608/4768/4590
f 1608/4768/4590 1609/4769/4591 1504/4660/4482
f 1504/4660/4482 1609/4769/4591 1610/4770/4592
f 1504/4660/4482 1610/4770/4592 1611/4771/4593
f 1611/4771/4593 1612/4772/4594 1504/4660/4482
f 1504/4660/4482 1612/4772/4594 1613/4773/4595
f 1504/4660/4482 1613/4773/4595 1614/4661/4483
f 1616/4663/4485 1617/4774/4596 1503/4548/4394
f 1503/4548/4394 1617/4774/4596 1618/4775/4597
f 1503/4548/4394 1618/4775/4597 1619/4550/4395
f 1691/4582/4413 1692/4776/4598 1693/4700/4522
f 1694/4701/4523 1695/4777/4599 1513/4696/4518
f 1513/4696/4518 1695/4777/4599 1697/4778/4600
f 1513/4696/4518 1697/4778/4600 1515/4697/4519
f 1695/4777/4599 1696/4779/4601 1697/4778/4600
f 1699/4780/4602 1700/4781/4603 1698/4782/4604
f 1698/4782/4604 1700/4781/4603 1701/4783/4605
f 1709/4784/4606 1702/4785/4607 1706/4786/4608
f 1706/4786/4608 1702/4785/4607 1703/4787/4609
f 1706/4786/4608 1703/4787/4609 1704/4788/4610
f 1704/4788/4610 1705/4789/4611 1706/4786/4608
f 1707/4790/4612 1708/4791/4613 1706/4786/4608
f 1706/4786/4608 1708/4791/4613 1709/4784/4606
f 1705/4792/4614 1710/4793/4615 1706/4794/4616
f 1706/4794/4616 1710/4793/4615 1711/4795/4617
f 1706/4794/4616 1711/4795/4617 1712/4796/4618
f 1712/4796/4618 1713/4797/4619 1706/4794/4616
f 1700/4798/4620 1714/4799/4621 1701/4800/4622
f 1701/4800/4622 1714/4799/4621 1715/4801/4623
f 1701/4800/4622 1715/4801/4623 1707/4802/4624
f 1707/4802/4624 1706/4803/4625 1701/4800/4622
f 1716/4804/4626 1717/4805/4627 1718/4806/4628
f 1713/4807/4629 1712/4808/4630 1722/4809/4631
f 1722/4809/4631 1712/4808/4630 1721/4810/4632
f 1721/4810/4632 1712/4808/4630 1719/4811/4633
f 1721/4810/4632 1719/4811/4633 1720/4812/4634
f 1723/4813/4635 1724/4814/4636 1722/4815/4637
f 1722/4815/4637 1724/4814/4636 1725/4816/4638
f 1726/4817/4639 1727/4818/4640 1716/4819/4641
f 1716/4819/4641 1727/4818/4640 1728/4820/4642
f 1716/4819/4641 1728/4820/4642 1717/4821/4643
f 1718/4822/4644 1729/4823/4645 1716/4824/4646
f 1721/4825/4647 1723/4826/4648 1722/4827/4649
f 1730/4828/4650 1731/4829/4651 1737/4830/4652
f 1737/4830/4652 1731/4829/4651 1732/4831/4653
f 1737/4830/4652 1732/4831/4653 1733/4832/4654
f 1733/4832/4654 1734/4833/4655 1737/4830/4652
f 1737/4830/4652 1734/4833/4655 1735/4834/4656
f 1737/4830/4652 1735/4834/4656 1736/4835/4657
f 1725/4836/4658 1724/4837/4659 1737/4838/4660
f 1737/4838/4660 1724/4837/4659 1738/4839/4661
f 1737/4838/4660 1738/4839/4661 1739/4840/4662
f 1739/4840/4662 1730/4841/4663 1737/4838/4660
f 1740/4842/4664 1741/4843/4665 1716/4844/4666
f 1716/4844/4666 1741/4843/4665 1742/4845/4667
f 1716/4844/4666 1742/4845/4667 1726/4846/4668
f 1729/4847/4669 1743/4848/4670 1716/4849/4671
f 1737/4850/4672 1736/4851/4673 1747/4852/4674
f 1747/4852/4674 1736/4851/4673 1744/4853/4675
f 1747/4852/4674 1744/4853/4675 1745/4854/4676
f 1745/4854/4676 1746/4855/4677 1747/4852/4674
f 1747/4856/4678 1746/4857/4679 1750/4858/4680
f 1750/4858/4680 1746/4857/4679 1748/4859/4681
f 1750/4858/4680 1748/4859/4681 1749/4860/4682
f 1751/4861/4683 1752/4862/4684 1716/4863/4685
f 1716/4863/4685 1752/4862/4684 1753/4864/4686
f 1716/4863/4685 1753/4864/4686 1740/4865/4687
f 1716/4866/4688 1743/4867/4689 1754/4868/4690
f 1749/4869/4691 1755/4870/4692 1750/4871/4693
f 1750/4871/4693 1755/4870/4692 1756/4872/4694
f 1750/4871/4693 1756/4872/4694 1757/4873/4695
f 1750/4874/4696 1757/4875/4697 1761/4876/4698
f 1761/4876/4698 1757/4875/4697 1758/4877/4699
f 1761/4876/4698 1758/4877/4699 1759/4878/4700
f 1759/4878/4700 1760/4879/4701 1761/4876/4698
f 1760/4880/4702 1762/4881/4703 1761/4882/4704
f 1761/4882/4704 1762/4881/4703 1763/4883/4705
f 1761/4882/4704 1763/4883/4705 1764/4884/4706
f 1765/4885/4707 1766/4886/4708 1716/4887/4709
f 1716/4887/4709 1766/4886/4708 1767/4888/4710
f 1716/4887/4709 1767/4888/4710 1751/4889/4711
f 1754/4890/4712 1768/4891/4713 1716/4892/4714
f 1769/4893/4715 1770/4894/4716 1771/4895/4717
f 1770/4896/4718 1772/4897/4719 1771/4898/4720
f 1773/4899/4721 1774/4900/4722 1777/4901/4723
f 1777/4901/4723 1774/4900/4722 1775/4902/4724
f 1777/4901/4723 1775/4902/4724 1776/4903/4725
f 1778/4904/4726 1779/4905/4727 1785/4906/4728
f 1785/4906/4728 1779/4905/4727 1780/4907/4729
f 1785/4906/4728 1780/4907/4729 1781/4908/4730
f 1781/4908/4730 1782/4909/4731 1785/4906/4728
f 1785/4906/4728 1782/4909/4731 1783/4910/4732
f 1785/4906/4728 1783/4910/4732 1784/4911/4733
f 1786/4912/4734 1787/4913/4735 1790/4914/4736
f 1790/4914/4736 1787/4913/4735 1788/4915/4737
f 1790/4914/4736 1788/4915/4737 1789/4916/4738
f 1761/4917/4739 1764/4918/4740 1794/4919/4741
f 1794/4919/4741 1764/4918/4740 1791/4920/4742
f 1794/4919/4741 1791/4920/4742 1792/4921/4743
f 1792/4921/4743 1793/4922/4744 1794/4919/4741
f 1776/4923/4745 1795/4924/4746 1777/4925/4747
f 1777/4925/4747 1795/4924/4746 1796/4926/4748
f 1777/4925/4747 1796/4926/4748 1798/4927/4749
f 1798/4927/4749 1796/4926/4748 1797/4928/4750
f 1799/4929/4751 1800/4930/4752 1716/4931/4753
f 1716/4931/4753 1800/4930/4752 1801/4932/4754
f 1716/4931/4753 1801/4932/4754 1765/4933/4755
f 1797/4934/4756 1802/4935/4757 1798/4936/4758
f 1798/4936/4758 1802/4935/4757 1803/4937/4759
f 1798/4936/4758 1803/4937/4759 1804/4938/4760
f 1768/4939/4761 1805/4940/4762 1716/4941/4763
f 1771/4942/4764 1806/4943/4765 1769/4944/4766
f 1771/4945/4767 1772/4946/4768 1807/4947/4769
f 1809/4948/4770 1810/4949/4771 1808/4950/4772
f 1808/4950/4772 1810/4949/4771 1811/4951/4773
f 1808/4950/4772 1811/4951/4773 1699/4952/4774
f 1699/4952/4774 1698/4953/4775 1808/4950/4772
f 1794/4954/4776 1793/4955/4777 1790/4956/4778
f 1790/4956/4778 1793/4955/4777 1812/4957/4779
f 1790/4956/4778 1812/4957/4779 1813/4958/4780
f 1813/4958/4780 1786/4959/4781 1790/4956/4778
f 1785/4960/4782 1784/4961/4783 1777/4962/4784
f 1777/4962/4784 1784/4961/4783 1814/4963/4785
f 1777/4962/4784 1814/4963/4785 1815/4964/4786
f 1815/4964/4786 1773/4965/4787 1777/4962/4784
f 1790/4966/4788 1789/4967/4789 1785/4968/4790
f 1785/4968/4790 1789/4967/4789 1816/4969/4791
f 1785/4968/4790 1816/4969/4791 1817/4970/4792
f 1817/4970/4792 1778/4971/4793 1785/4968/4790
f 1819/4972/4794 1820/4973/4795 1818/4974/4796
f 1818/4974/4796 1820/4973/4795 1821/4975/4797
f 1818/4974/4796 1821/4975/4797 1822/4976/4798
f 1804/4977/4799 1823/4978/4800 1798/4979/4801
f 1798/4979/4801 1823/4978/4800 1824/4980/4802
f 1798/4979/4801 1824/4980/4802 1799/4981/4803
f 1799/4981/4803 1716/4982/4804 1798/4979/4801
f 1805/4983/4805 1825/4984/4806 1716/4985/4807
f 1716/4985/4807 1825/4984/4806 1826/4986/4808
f 1716/4985/4807 1826/4986/4808 1827/4987/4809
f 1827/4987/4809 1828/4988/4810 1716/4985/4807
f 1829/4989/4811 1806/4990/4812 1771/4991/4813
f 1771/4992/4814 1807/4993/4815 1818/4994/4816
f 1818/4994/4816 1807/4993/4815 1830/4995/4817
f 1818/4994/4816 1830/4995/4817 1831/4996/4818
f 1831/4996/4818 1819/4997/4819 1818/4994/4816
f 1833/4998/4820 1834/4999/4821 1832/5000/4822
f 1832/5000/4822 1834/4999/4821 1835/5001/4823
f 1832/5000/4822 1835/5001/4823 1836/5002/4824
f 1837/5003/4825 1838/5004/4826 1844/5005/4827
f 1844/5005/4827 1838/5004/4826 1839/5006/4828
f 1844/5005/4827 1839/5006/4828 1840/5007/4829
f 1840/5007/4829 1841/5008/4830 1844/5005/4827
f 1844/5005/4827 1841/5008/4830 1842/5009/4831
f 1844/5005/4827 1842/5009/4831 1843/5010/4832
f 1845/5011/4833 1846/5012/4834 1849/5013/4835
f 1849/5013/4835 1846/5012/4834 1847/5014/4836
f 1849/5013/4835 1847/5014/4836 1848/5015/4837
f 1850/5016/4838 1851/5017/4839 1808/5018/4840
f 1808/5018/4840 1851/5017/4839 1809/5019/4841
f 1822/5020/4842 1852/5021/4843 1818/5022/4844
f 1818/5022/4844 1852/5021/4843 1853/5023/4845
f 1818/5022/4844 1853/5023/4845 1833/5024/4846
f 1833/5024/4846 1832/5025/4847 1818/5022/4844
f 1828/5026/4848 1827/5027/4849 1771/5028/4850
f 1771/5028/4850 1827/5027/4849 1829/5029/4851
f 1836/5030/4852 1854/5031/4853 1832/5032/4854
f 1832/5032/4854 1854/5031/4853 1855/5033/4855
f 1832/5032/4854 1855/5033/4855 1837/5034/4856
f 1837/5034/4856 1844/5035/4857 1832/5032/4854
f 1844/5036/4858 1843/5037/4859 1859/5038/4860
f 1859/5038/4860 1843/5037/4859 1856/5039/4861
f 1859/5038/4860 1856/5039/4861 1857/5040/4862
f 1857/5040/4862 1858/5041/4863 1859/5038/4860
f 1858/5042/4864 1860/5043/4865 1859/5044/4866
f 1859/5044/4866 1860/5043/4865 1861/5045/4867
f 1859/5044/4866 1861/5045/4867 1845/5046/4868
f 1845/5046/4868 1849/5047/4869 1859/5044/4866
f 1848/5048/4870 1862/5049/4871 1849/5050/4872
f 1849/5050/4872 1862/5049/4871 1863/5051/4873
f 1849/5050/4872 1863/5051/4873 1864/5052/4874
f 1863/5053/4875 1865/5054/4876 1864/5055/4877
f 1864/5055/4877 1865/5054/4876 1866/5056/4878
f 1864/5055/4877 1866/5056/4878 1850/5057/4879
f 1850/5057/4879 1808/5058/4880 1864/5055/4877
f 1618/5059/4881 1617/5060/4882 1867/5061/4883
f 1867/5062/4884 1619/5063/4885 1618/5064/4886
f 1617/5065/4887 1616/5066/4888 1867/5067/4889
f 1620/5068/4890 1619/5069/4891 1867/5070/4892
f 1867/5071/4893 1616/5072/4894 1615/5073/4895
f 1621/5074/4896 1620/5075/4897 1867/5076/4898
f 1615/5077/4899 1614/5078/4900 1867/5079/4901
f 1621/5080/4902 1867/5081/4903 1622/5082/4904
f 1622/5082/4904 1867/5081/4903 1868/5083/4905
f 1614/5084/4906 1613/5085/4907 1867/5086/4908
f 1867/5087/4909 1869/5088/4910 1868/5089/4911
f 1623/5090/4912 1622/5091/4913 1868/5092/4914
f 1867/5093/4915 1613/5094/4916 1612/5095/4917
f 1870/5096/4918 1869/5097/4919 1867/5098/4920
f 1869/5099/4921 1871/5100/4922 1868/5101/4923
f 1868/5102/4924 1624/5103/4925 1623/5104/4926
f 1612/5105/4927 1611/5106/4928 1867/5107/4929
f 1867/5107/4929 1611/5106/4928 1610/5108/4930
f 1867/5107/4929 1610/5108/4930 1609/5109/4931
f 1870/5110/4932 1872/5111/4933 1869/5112/4934
f 1867/5113/4935 1600/5114/4936 1870/5115/4937
f 1870/5115/4937 1600/5114/4936 1599/5116/4938
f 1870/5115/4937 1599/5116/4938 1598/5117/4939
f 1598/5117/4939 1597/5118/4940 1870/5115/4937
f 1872/5119/4941 1871/5120/4942 1869/5121/4943
f 1871/5122/4944 1873/5123/4945 1868/5124/4946
f 1625/5125/4947 1624/5126/4948 1868/5127/4949
f 1609/5128/4950 1608/5129/4951 1867/5130/4952
f 1867/5130/4952 1608/5129/4951 1607/5131/4953
f 1867/5130/4952 1607/5131/4953 1606/5132/4954
f 1872/5133/4955 1870/5134/4956 1874/5135/4957
f 1603/5136/4958 1602/5137/4959 1867/5138/4960
f 1867/5138/4960 1602/5137/4959 1601/5139/4961
f 1867/5138/4960 1601/5139/4961 1600/5140/4962
f 1870/5141/4963 1597/5142/4964 1874/5143/4965
f 1874/5143/4965 1597/5142/4964 1596/5144/4966
f 1874/5143/4965 1596/5144/4966 1595/5145/4967
f 1595/5145/4967 1594/5146/4968 1874/5143/4965
f 1875/5147/4969 1871/5148/4970 1872/5149/4971
f 1876/5150/4972 1873/5151/4973 1871/5152/4974
f 1868/5153/4975 1873/5154/4976 1877/5155/4977
f 1628/5156/4978 1627/5157/4979 1868/5158/4980
f 1868/5158/4980 1627/5157/4979 1626/5159/4981
f 1868/5158/4980 1626/5159/4981 1625/5160/4982
f 1606/5161/4983 1605/5162/4984 1867/5163/4985
f 1867/5163/4985 1605/5162/4984 1604/5164/4986
f 1867/5163/4985 1604/5164/4986 1603/5165/4987
f 1878/5166/4988 1872/5167/4989 1874/5168/4990
f 1594/5169/4991 1593/5170/4992 1874/5171/4993
f 1874/5171/4993 1593/5170/4992 1592/5172/4994
f 1874/5171/4993 1592/5172/4994 1591/5173/4995
f 1876/5174/4996 1871/5175/4997 1875/5176/4998
f 1875/5177/4999 1872/5178/5000 1878/5179/5001
f 1879/5180/5002 1873/5181/5003 1876/5182/5004
f 1873/5183/5005 1879/5184/5006 1877/5185/5007
f 1877/5186/5008 1880/5187/5009 1868/5188/5010
f 1629/5189/5011 1628/5190/5012 1881/5191/5013
f 1881/5191/5013 1628/5190/5012 1868/5192/5014
f 1632/5193/5015 1631/5194/5016 1881/5195/5017
f 1881/5195/5017 1631/5194/5016 1630/5196/5018
f 1881/5195/5017 1630/5196/5018 1629/5197/5019
f 1591/5198/5020 1590/5199/5021 1874/5200/5022
f 1874/5200/5022 1590/5199/5021 1589/5201/5023
f 1874/5200/5022 1589/5201/5023 1588/5202/5024
f 1588/5202/5024 1878/5203/5025 1874/5200/5022
f 1876/5204/5026 1875/5205/5027 1882/5206/5028
f 1882/5207/5029 1875/5208/5030 1878/5209/5031
f 1876/5210/5032 1883/5211/5033 1879/5212/5034
f 1879/5213/5035 1884/5214/5036 1877/5215/5037
f 1885/5216/5038 1880/5217/5039 1877/5218/5040
f 1880/5219/5041 1881/5220/5042 1868/5221/5043
f 1635/5222/5044 1634/5223/5045 1886/5224/5046
f 1886/5224/5046 1634/5223/5045 1633/5225/5047
f 1886/5224/5046 1633/5225/5047 1632/5226/5048
f 1632/5226/5048 1881/5227/5049 1886/5224/5046
f 1878/5228/5050 1588/5229/5051 1887/5230/5052
f 1887/5230/5052 1588/5229/5051 1587/5231/5053
f 1887/5230/5052 1587/5231/5053 1586/5232/5054
f 1586/5232/5054 1585/5233/5055 1887/5230/5052
f 1888/5234/5056 1876/5235/5057 1882/5236/5058
f 1887/5237/5059 1882/5238/5060 1878/5239/5061
f 1876/5240/5062 1889/5241/5063 1883/5242/5064
f 1883/5243/5065 1884/5244/5066 1879/5245/5067
f 1884/5246/5068 1890/5247/5069 1877/5248/5070
f 1885/5249/5071 1891/5250/5072 1880/5251/5073
f 1890/5252/5074 1885/5253/5075 1877/5254/5076
f 1891/5255/5077 1881/5256/5078 1880/5257/5079
f 1886/5258/5080 1881/5259/5081 1891/5260/5082
f 1638/5261/5083 1637/5262/5084 1886/5263/5085
f 1886/5263/5085 1637/5262/5084 1636/5264/5086
f 1886/5263/5085 1636/5264/5086 1635/5265/5087
f 1585/5266/5088 1584/5267/5089 1887/5268/5090
f 1887/5268/5090 1584/5267/5089 1583/5269/5091
f 1887/5268/5090 1583/5269/5091 1582/5270/5092
f 1889/5271/5093 1876/5272/5094 1888/5273/5095
f 1892/5274/5096 1888/5275/5097 1882/5276/5098
f 1887/5277/5099 1892/5278/5100 1882/5279/5101
f 1889/5280/5102 1893/5281/5103 1883/5282/5104
f 1883/5283/5105 1893/5284/5106 1884/5285/5107
f 1884/5286/5108 1894/5287/5109 1890/5288/5110
f 1895/5289/5111 1891/5290/5112 1885/5291/5113
f 1896/5292/5114 1885/5293/5115 1890/5294/5116
f 1897/5295/5117 1886/5296/5118 1891/5297/5119
f 1641/5298/5120 1640/5299/5121 1898/5300/5122
f 1898/5300/5122 1640/5299/5121 1639/5301/5123
f 1898/5300/5122 1639/5301/5123 1638/5302/5124
f 1638/5302/5124 1886/5303/5125 1898/5300/5122
f 1644/5304/5126 1643/5305/5127 1898/5306/5128
f 1898/5306/5128 1643/5305/5127 1642/5307/5129
f 1898/5306/5128 1642/5307/5129 1641/5308/5130
f 1887/5309/5131 1582/5310/5132 1892/5311/5133
f 1892/5311/5133 1582/5310/5132 1581/5312/5134
f 1892/5311/5133 1581/5312/5134 1580/5313/5135
f 1580/5313/5135 1579/5314/5136 1892/5311/5133
f 1899/5315/5137 1889/5316/5138 1888/5317/5139
f 1892/5318/5140 1900/5319/5141 1888/5320/5142
f 1901/5321/5143 1893/5322/5144 1889/5323/5145
f 1893/5324/5146 1894/5325/5147 1884/5326/5148
f 1894/5327/5149 1902/5328/5150 1890/5329/5151
f 1895/5330/5152 1903/5331/5153 1891/5332/5154
f 1896/5333/5155 1895/5334/5156 1885/5335/5157
f 1904/5336/5158 1896/5337/5159 1890/5338/5160
f 1898/5339/5161 1886/5340/5162 1897/5341/5163
f 1903/5342/5164 1897/5343/5165 1891/5344/5166
f 1647/5345/5167 1646/5346/5168 1905/5347/5169
f 1905/5347/5169 1646/5346/5168 1645/5348/5170
f 1905/5347/5169 1645/5348/5170 1644/5349/5171
f 1644/5349/5171 1898/5350/5172 1905/5347/5169
f 1579/5351/5173 1578/5352/5174 1892/5353/5175
f 1892/5353/5175 1578/5352/5174 1577/5354/5176
f 1892/5353/5175 1577/5354/5176 1576/5355/5177
f 1901/5356/5178 1889/5357/5179 1899/5358/5180
f 1888/5359/5181 1900/5360/5182 1899/5361/5183
f 1900/5362/5184 1892/5363/5185 1906/5364/5186
f 1907/5365/5187 1893/5366/5188 1901/5367/5189
f 1893/5368/5190 1907/5369/5191 1894/5370/5192
f 1907/5371/5193 1902/5372/5194 1894/5373/5195
f 1890/5374/5196 1902/5375/5197 1904/5376/5198
f 1908/5377/5199 1903/5378/5200 1895/5379/5201
f 1909/5380/5202 1895/5381/5203 1896/5382/5204
f 1910/5383/5205 1896/5384/5206 1904/5385/5207
f 1911/5386/5208 1898/5387/5209 1897/5388/5210
f 1903/5389/5211 1912/5390/5212 1897/5391/5213
f 1905/5392/5214 1898/5393/5215 1911/5394/5216
f 1650/5395/5217 1649/5396/5218 1905/5397/5219
f 1905/5397/5219 1649/5396/5218 1648/5398/5220
f 1905/5397/5219 1648/5398/5220 1647/5399/5221
f 1892/5400/5222 1576/5401/5223 1906/5402/5224
f 1906/5402/5224 1576/5401/5223 1575/5403/5225
f 1906/5402/5224 1575/5403/5225 1574/5404/5226
f 1574/5404/5226 1573/5405/5227 1906/5402/5224
f 1913/5406/5228 1901/5407/5229 1899/5408/5230
f 1900/5409/5231 1914/5410/5232 1899/5411/5233
f 1915/5412/5234 1900/5413/5235 1906/5414/5236
f 1901/5415/5237 1916/5416/5238 1907/5417/5239
f 1917/5418/5240 1902/5419/5241 1907/5420/5242
f 1902/5421/5243 1918/5422/5244 1904/5423/5245
f 1908/5424/5246 1912/5425/5247 1903/5426/5248
f 1909/5427/5249 1908/5428/5250 1895/5429/5251
f 1910/5430/5252 1909/5431/5253 1896/5432/5254
f 1919/5433/5255 1910/5434/5256 1904/5435/5257
f 1912/5436/5258 1911/5437/5259 1897/5438/5260
f 1920/5439/5261 1905/5440/5262 1911/5441/5263
f 1653/5442/5264 1652/5443/5265 1921/5444/5266
f 1921/5444/5266 1652/5443/5265 1651/5445/5267
f 1921/5444/5266 1651/5445/5267 1650/5446/5268
f 1650/5446/5268 1905/5447/5269 1921/5444/5266
f 1573/5448/5270 1572/5449/5271 1906/5450/5272
f 1906/5450/5272 1572/5449/5271 1571/5451/5273
f 1906/5450/5272 1571/5451/5273 1570/5452/5274
f 1916/5453/5275 1901/5454/5276 1913/5455/5277
f 1913/5456/5278 1899/5457/5279 1914/5458/5280
f 1914/5459/5281 1900/5460/5282 1915/5461/5283
f 1915/5462/5284 1906/5463/5285 1922/5464/5286
f 1916/5465/5287 1923/5466/5288 1907/5467/5289
f 1902/5468/5290 1917/5469/5291 1918/5470/5292
f 1907/5471/5293 1923/5472/5294 1917/5473/5295
f 1904/5474/5296 1918/5475/5297 1919/5476/5298
f 1908/5477/5299 1924/5478/5300 1912/5479/5301
f 1925/5480/5302 1908/5481/5303 1909/5482/5304
f 1926/5483/5305 1909/5484/5306 1910/5485/5307
f 1926/5486/5308 1910/5487/5309 1919/5488/5310
f 1912/5489/5311 1927/5490/5312 1911/5491/5313
f 1921/5492/5314 1905/5493/5315 1920/5494/5316
f 1927/5495/5317 1920/5496/5318 1911/5497/5319
f 1656/5498/5320 1655/5499/5321 1921/5500/5322
f 1921/5500/5322 1655/5499/5321 1654/5501/5323
f 1921/5500/5322 1654/5501/5323 1653/5502/5324
f 1906/5503/5325 1570/5504/5326 1922/5505/5327
f 1922/5505/5327 1570/5504/5326 1569/5506/5328
f 1922/5505/5327 1569/5506/5328 1568/5507/5329
f 1568/5507/5329 1567/5508/5330 1922/5505/5327
f 1567/5509/5331 1566/5510/5332 1922/5511/5333
f 1922/5511/5333 1566/5510/5332 1565/5512/5334
f 1922/5511/5333 1565/5512/5334 1564/5513/5335
f 1928/5514/5336 1916/5515/5337 1913/5516/5338
f 1929/5517/5339 1913/5518/5340 1914/5519/5341
f 1914/5520/5342 1915/5521/5343 1930/5522/5344
f 1930/5523/5345 1915/5524/5346 1922/5525/5347
f 1931/5526/5348 1923/5527/5349 1916/5528/5350
f 1917/5529/5351 1932/5530/5352 1918/5531/5353
f 1923/5532/5354 1933/5533/5355 1917/5534/5356
f 1918/5535/5357 1932/5536/5358 1919/5537/5359
f 1934/5538/5360 1924/5539/5361 1908/5540/5362
f 1924/5541/5363 1935/5542/5364 1912/5543/5365
f 1925/5544/5366 1934/5545/5367 1908/5546/5368
f 1926/5547/5369 1925/5548/5370 1909/5549/5371
f 1936/5550/5372 1926/5551/5373 1919/5552/5374
f 1935/5553/5375 1927/5554/5376 1912/5555/5377
f 1937/5556/5378 1921/5557/5379 1920/5558/5380
f 1927/5559/5381 1938/5560/5382 1920/5561/5383
f 1659/5562/5384 1658/5563/5385 1939/5564/5386
f 1939/5564/5386 1658/5563/5385 1657/5565/5387
f 1939/5564/5386 1657/5565/5387 1656/5566/5388
f 1656/5566/5388 1921/5567/5389 1939/5564/5386
f 1922/5568/5390 1564/5569/5391 1940/5570/5392
f 1940/5570/5392 1564/5569/5391 1563/5571/5393
f 1940/5570/5392 1563/5571/5393 1562/5572/5394
f 1562/5572/5394 1561/5573/5395 1940/5570/5392
f 1931/5574/5396 1916/5575/5397 1928/5576/5398
f 1928/5577/5399 1913/5578/5400 1929/5579/5401
f 1929/5580/5402 1914/5581/5403 1941/5582/5404
f 1941/5583/5405 1914/5584/5406 1930/5585/5407
f 1930/5586/5408 1922/5587/5409 1940/5588/5410
f 1942/5589/5411 1923/5590/5412 1931/5591/5413
f 1917/5592/5414 1933/5593/5415 1932/5594/5416
f 1923/5595/5417 1942/5596/5418 1933/5597/5419
f 1932/5598/5420 1943/5599/5421 1919/5600/5422
f 1944/5601/5423 1924/5602/5424 1934/5603/5425
f 1945/5604/5426 1935/5605/5427 1924/5606/5428
f 1946/5607/5429 1934/5608/5430 1925/5609/5431
f 1947/5610/5432 1925/5611/5433 1926/5612/5434
f 1947/5613/5435 1926/5614/5436 1936/5615/5437
f 1936/5616/5438 1919/5617/5439 1948/5618/5440
f 1935/5619/5441 1949/5620/5442 1927/5621/5443
f 1939/5622/5444 1921/5623/5445 1937/5624/5446
f 1938/5625/5447 1937/5626/5448 1920/5627/5449
f 1949/5628/5450 1938/5629/5451 1927/5630/5452
f 1662/5631/5453 1661/5632/5454 1939/5633/5455
f 1939/5633/5455 1661/5632/5454 1660/5634/5456
f 1939/5633/5455 1660/5634/5456 1659/5635/5457
f 1561/5636/5458 1560/5637/5459 1940/5638/5460
f 1940/5638/5460 1560/5637/5459 1559/5639/5461
f 1940/5638/5460 1559/5639/5461 1558/5640/5462
f 1950/5641/5463 1931/5642/5464 1928/5643/5465
f 1951/5644/5466 1928/5645/5467 1929/5646/5468
f 1952/5647/5469 1929/5648/5470 1941/5649/5471
f 1941/5650/5472 1930/5651/5473 1953/5652/5474
f 1953/5653/5475 1930/5654/5476 1940/5655/5477
f 1954/5656/5478 1942/5657/5479 1931/5658/5480
f 1933/5659/5481 1943/5660/5482 1932/5661/5483
f 1942/5662/5484 1943/5663/5485 1933/5664/5486
f 1943/5665/5487 1955/5666/5488 1919/5667/5489
f 1944/5668/5490 1945/5669/5491 1924/5670/5492
f 1934/5671/5493 1956/5672/5494 1944/5673/5495
f 1945/5674/5496 1957/5675/5497 1935/5676/5498
f 1946/5677/5499 1958/5678/5500 1934/5679/5501
f 1947/5680/5502 1946/5681/5503 1925/5682/5504
f 1959/5683/5505 1947/5684/5506 1936/5685/5507
f 1919/5686/5508 1955/5687/5509 1948/5688/5510
f 1959/5689/5511 1936/5690/5512 1948/5691/5513
f 1960/5692/5514 1949/5693/5515 1935/5694/5516
f 1665/5695/5517 1664/5696/5518 1961/5697/5519
f 1961/5697/5519 1664/5696/5518 1663/5698/5520
f 1961/5697/5519 1663/5698/5520 1662/5699/5521
f 1662/5699/5521 1939/5700/5522 1961/5697/5519
f 1668/5701/5523 1667/5702/5524 1961/5703/5525
f 1961/5703/5525 1667/5702/5524 1666/5704/5526
f 1961/5703/5525 1666/5704/5526 1665/5705/5527
f 1940/5706/5528 1558/5707/5529 1953/5708/5530
f 1953/5708/5530 1558/5707/5529 1557/5709/5531
f 1953/5708/5530 1557/5709/5531 1556/5710/5532
f 1556/5710/5532 1555/5711/5533 1953/5708/5530
f 1954/5712/5534 1931/5713/5535 1950/5714/5536
f 1950/5715/5537 1928/5716/5538 1951/5717/5539
f 1951/5718/5540 1929/5719/5541 1952/5720/5542
f 1952/5721/5543 1941/5722/5544 1962/5723/5545
f 1962/5724/5546 1941/5725/5547 1953/5726/5548
f 1963/5727/5549 1942/5728/5550 1954/5729/5551
f 1963/5730/5552 1943/5731/5553 1942/5732/5554
f 1943/5733/5555 1963/5734/5556 1955/5735/5557
f 1956/5736/5558 1945/5737/5559 1944/5738/5560
f 1958/5739/5561 1956/5740/5562 1934/5741/5563
f 1945/5742/5564 1964/5743/5565 1957/5744/5566
f 1957/5745/5567 1960/5746/5568 1935/5747/5569
f 1965/5748/5570 1958/5749/5571 1946/5750/5572
f 1947/5751/5573 1965/5752/5574 1946/5753/5575
f 1965/5754/5576 1947/5755/5577 1959/5756/5578
f 1955/5757/5579 1966/5758/5580 1948/5759/5581
f 1967/5760/5582 1959/5761/5583 1948/5762/5584
f 1671/5763/5585 1670/5764/5586 1968/5765/5587
f 1968/5765/5587 1670/5764/5586 1669/5766/5588
f 1968/5765/5587 1669/5766/5588 1668/5767/5589
f 1668/5767/5589 1961/5768/5590 1968/5765/5587
f 1953/5769/5591 1555/5770/5592 1969/5771/5593
f 1969/5771/5593 1555/5770/5592 1554/5772/5594
f 1969/5771/5593 1554/5772/5594 1553/5773/5595
f 1553/5773/5595 1552/5774/5596 1969/5771/5593
f 1552/5775/5597 1551/5776/5598 1969/5777/5599
f 1969/5777/5599 1551/5776/5598 1550/5778/5600
f 1969/5777/5599 1550/5778/5600 1549/5779/5601
f 1970/5780/5602 1954/5781/5603 1950/5782/5604
f 1971/5783/5605 1950/5784/5606 1951/5785/5607
f 1972/5786/5608 1951/5787/5609 1952/5788/5610
f 1973/5789/5611 1952/5790/5612 1962/5791/5613
f 1953/5792/5614 1969/5793/5615 1962/5794/5616
f 1974/5795/5617 1963/5796/5618 1954/5797/5619
f 1963/5798/5620 1975/5799/5621 1955/5800/5622
f 1956/5801/5623 1964/5802/5624 1945/5803/5625
f 1956/5804/5626 1958/5805/5627 1976/5806/5628
f 1964/5807/5629 1977/5808/5630 1957/5809/5631
f 1978/5810/5632 1960/5811/5633 1957/5812/5634
f 1979/5813/5635 1958/5814/5636 1965/5815/5637
f 1980/5816/5638 1965/5817/5639 1959/5818/5640
f 1955/5819/5641 1975/5820/5642 1966/5821/5643
f 1981/5822/5644 1948/5823/5645 1966/5824/5646
f 1967/5825/5647 1980/5826/5648 1959/5827/5649
f 1981/5828/5650 1967/5829/5651 1948/5830/5652
f 1674/5831/5653 1673/5832/5654 1968/5833/5655
f 1968/5833/5655 1673/5832/5654 1672/5834/5656
f 1968/5833/5655 1672/5834/5656 1671/5835/5657
f 1969/5836/5658 1549/5837/5659 1982/5838/5660
f 1982/5838/5660 1549/5837/5659 1548/5839/5661
f 1982/5838/5660 1548/5839/5661 1547/5840/5662
f 1547/5840/5662 1546/5841/5663 1982/5838/5660
f 1546/5842/5664 1545/5843/5665 1982/5844/5666
f 1982/5844/5666 1545/5843/5665 1544/5845/5667
f 1982/5844/5666 1544/5845/5667 1543/5846/5668
f 1974/5847/5669 1954/5848/5670 1970/5849/5671
f 1970/5850/5672 1950/5851/5673 1971/5852/5674
f 1971/5853/5675 1951/5854/5676 1972/5855/5677
f 1972/5856/5678 1952/5857/5679 1973/5858/5680
f 1962/5859/5681 1983/5860/5682 1973/5861/5683
f 1969/5862/5684 1983/5863/5685 1962/5864/5686
f 1975/5865/5687 1963/5866/5688 1974/5867/5689
f 1964/5868/5690 1956/5869/5691 1976/5870/5692
f 1976/5871/5693 1958/5872/5694 1984/5873/5695
f 1964/5874/5696 1985/5875/5697 1977/5876/5698
f 1977/5877/5699 1978/5878/5700 1957/5879/5701
f 1986/5880/5702 1960/5881/5703 1978/5882/5704
f 1958/5883/5705 1979/5884/5706 1984/5885/5707
f 1979/5886/5708 1965/5887/5709 1980/5888/5710
f 1975/5889/5711 1987/5890/5712 1966/5891/5713
f 1987/5892/5714 1981/5893/5715 1966/5894/5716
f 1967/5895/5717 1988/5896/5718 1980/5897/5719
f 1988/5898/5720 1967/5899/5721 1981/5900/5722
f 1677/5901/5723 1676/5902/5724 1989/5903/5725
f 1989/5903/5725 1676/5902/5724 1675/5904/5726
f 1989/5903/5725 1675/5904/5726 1674/5905/5727
f 1674/5905/5727 1968/5906/5728 1989/5903/5725
f 1983/5907/5729 1969/5908/5730 1982/5909/5731
f 1982/5910/5732 1543/5911/5733 1990/5912/5734
f 1990/5912/5734 1543/5911/5733 1542/5913/5735
f 1990/5912/5734 1542/5913/5735 1541/5914/5736
f 1541/5914/5736 1540/5915/5737 1990/5912/5734
f 1991/5916/5738 1974/5917/5739 1970/5918/5740
f 1992/5919/5741 1970/5920/5742 1971/5921/5743
f 1993/5922/5744 1971/5923/5745 1972/5924/5746
f 1994/5925/5747 1972/5926/5748 1973/5927/5749
f 1983/5928/5750 1995/5929/5751 1973/5930/5752
f 1996/5931/5753 1975/5932/5754 1974/5933/5755
f 1976/5934/5756 1984/5935/5757 1964/5936/5758
f 1984/5937/5759 1985/5938/5760 1964/5939/5761
f 1985/5940/5762 1997/5941/5763 1977/5942/5764
f 1998/5943/5765 1978/5944/5766 1977/5945/5767
f 1999/5946/5768 1986/5947/5769 1978/5948/5770
f 1979/5949/5771 2000/5950/5772 1984/5951/5773
f 2001/5952/5774 1979/5953/5775 1980/5954/5776
f 2002/5955/5777 1987/5956/5778 1975/5957/5779
f 2003/5958/5780 1981/5959/5781 1987/5960/5782
f 1988/5961/5783 2001/5962/5784 1980/5963/5785
f 2004/5964/5786 1988/5965/5787 1981/5966/5788
f 1680/5967/5789 1679/5968/5790 1989/5969/5791
f 1989/5969/5791 1679/5968/5790 1678/5970/5792
f 1989/5969/5791 1678/5970/5792 1677/5971/5793
f 2005/5972/5794 1983/5973/5795 1982/5974/5796
f 2005/5975/5797 1982/5976/5798 1990/5977/5799
f 1540/5978/5800 1539/5979/5801 1990/5980/5802
f 1990/5980/5802 1539/5979/5801 1538/5981/5803
f 1990/5980/5802 1538/5981/5803 1537/5982/5804
f 1996/5983/5805 1974/5984/5806 1991/5985/5807
f 2006/5986/5808 1991/5987/5809 1970/5988/5810
f 2006/5989/5811 1970/5990/5812 1992/5991/5813
f 1992/5992/5814 1971/5993/5815 1993/5994/5816
f 1993/5995/5817 1972/5996/5818 1994/5997/5819
f 1973/5998/5820 1995/5999/5821 1994/6000/5822
f 1995/6001/5823 1983/6002/5824 2005/6003/5825
f 2002/6004/5826 1975/6005/5827 1996/6006/5828
f 2000/6007/5829 1985/6008/5830 1984/6009/5831
f 1997/6010/5832 1985/6011/5833 2007/6012/5834
f 1997/6013/5835 1998/6014/5836 1977/6015/5837
f 1999/6016/5838 1978/6017/5839 1998/6018/5840
f 2008/6019/5841 1986/6020/5842 1999/6021/5843
f 2000/6022/5844 1979/6023/5845 2001/6024/5846
f 2002/6025/5847 2003/6026/5848 1987/6027/5849
f 2003/6028/5850 2009/6029/5851 1981/6030/5852
f 2001/6031/5853 1988/6032/5854 2010/6033/5855
f 2010/6034/5856 1988/6035/5857 2004/6036/5858
f 2011/6037/5859 2004/6038/5860 1981/6039/5861
f 2012/6040/5862 1683/6041/5863 1989/6042/5864
f 1989/6042/5864 1683/6041/5863 1682/6043/5865
f 1989/6042/5864 1682/6043/5865 1681/6044/5866
f 1681/6044/5866 1680/6045/5867 1989/6042/5864
f 2013/6046/5868 2005/6047/5869 1990/6048/5870
f 1537/6049/5871 1536/6050/5872 1990/6051/5873
f 1990/6051/5873 1536/6050/5872 1535/6052/5874
f 1990/6051/5873 1535/6052/5874 1534/6053/5875
f 1534/6053/5875 2013/6054/5876 1990/6051/5873
f 1534/6055/5877 1533/6056/5878 2013/6057/5879
f 2013/6057/5879 1533/6056/5878 1532/6058/5880
f 2013/6057/5879 1532/6058/5880 1531/6059/5881
f 2014/6060/5882 1996/6061/5883 1991/6062/5884
f 1991/6063/5885 2006/6064/5886 2014/6065/5887
f 2006/6066/5888 1992/6067/5889 2015/6068/5890
f 2015/6069/5891 1992/6070/5892 1993/6071/5893
f 2016/6072/5894 1993/6073/5895 1994/6074/5896
f 1995/6075/5897 2017/6076/5898 1994/6077/5899
f 2018/6078/5900 1995/6079/5901 2005/6080/5902
f 2019/6081/5903 2002/6082/5904 1996/6083/5905
f 1985/6084/5906 2000/6085/5907 2007/6086/5908
f 1997/6087/5909 2007/6088/5910 2020/6089/5911
f 2021/6090/5912 1998/6091/5913 1997/6092/5914
f 2022/6093/5915 1999/6094/5916 1998/6095/5917
f 2023/6096/5918 2000/6097/5919 2001/6098/5920
f 2024/6099/5921 2003/6100/5922 2002/6101/5923
f 2024/6102/5924 2009/6103/5925 2003/6104/5926
f 2009/6105/5927 2025/6106/5928 1981/6107/5929
f 2001/6108/5930 2010/6109/5931 2023/6110/5932
f 2011/6111/5933 2010/6112/5934 2004/6113/5935
f 2026/6114/5936 2011/6115/5937 1981/6116/5938
f 2027/6117/5939 2012/6118/5940 1989/6119/5941
f 1686/6120/5942 1685/6121/5943 2012/6122/5944
f 2012/6122/5944 1685/6121/5943 1684/6123/5945
f 2012/6122/5944 1684/6123/5945 1683/6124/5946
f 2028/6125/5947 2005/6126/5948 2013/6127/5949
f 1531/6128/5950 1530/6129/5951 2013/6130/5952
f 2013/6130/5952 1530/6129/5951 2029/6131/5953
f 2019/6132/5954 1996/6133/5955 2014/6134/5956
f 2014/6135/5957 2006/6136/5958 2030/6137/5959
f 2031/6138/5960 2006/6139/5961 2015/6140/5962
f 2015/6141/5963 1993/6142/5964 2016/6143/5965
f 1994/6144/5966 2017/6145/5967 2016/6146/5968
f 2017/6147/5969 1995/6148/5970 2018/6149/5971
f 2018/6150/5972 2005/6151/5973 2028/6152/5974
f 2019/6153/5975 2024/6154/5976 2002/6155/5977
f 2007/6156/5978 2000/6157/5979 2023/6158/5980
f 2020/6159/5981 2007/6160/5982 2032/6161/5983
f 2020/6162/5984 2021/6163/5985 1997/6164/5986
f 2022/6165/5987 1998/6166/5988 2021/6167/5989
f 2009/6168/5990 2024/6169/5991 2033/6170/5992
f 2025/6171/5993 2009/6172/5994 2033/6173/5995
f 2026/6174/5996 1981/6175/5997 2025/6176/5998
f 2023/6177/5999 2010/6178/6000 2034/6179/6001
f 2035/6180/6002 2010/6181/6003 2011/6182/6004
f 2026/6183/6005 2035/6184/6006 2011/6185/6007
f 2027/6186/6008 2036/6187/6009 2012/6188/6010
f 2037/6189/6011 2027/6190/6012 1989/6191/6013
f 2012/6192/6014 1687/6193/6015 1686/6194/6016
f 2029/6195/6017 2028/6196/6018 2013/6197/6019
f 1530/6198/6020 1529/6199/6021 2029/6200/6022
f 2029/6200/6022 1529/6199/6021 1528/6201/6023
f 2029/6200/6022 1528/6201/6023 1527/6202/6024
f 2038/6203/6025 2019/6204/6026 2014/6205/6027
f 2006/6206/6028 2039/6207/6029 2030/6208/6030
f 2030/6209/6031 2038/6210/6032 2014/6211/6033
f 2039/6212/6034 2006/6213/6035 2031/6214/6036
f 2031/6215/6037 2015/6216/6038 2040/6217/6039
f 2040/6218/6040 2015/6219/6041 2016/6220/6042
f 2017/6221/6043 2041/6222/6044 2016/6223/6045
f 2042/6224/6046 2017/6225/6047 2018/6226/6048
f 2042/6227/6049 2018/6228/6050 2028/6229/6051
f 2043/6230/6052 2024/6231/6053 2019/6232/6054
f 2032/6233/6055 2007/6234/6056 2023/6235/6057
f 2044/6236/6058 2020/6237/6059 2032/6238/6060
f 2045/6239/6061 2021/6240/6062 2020/6241/6063
f 2045/6242/6064 2022/6243/6065 2021/6244/6066
f 2033/6245/6067 2024/6246/6068 2046/6247/6069
f 2047/6248/6070 2025/6249/6071 2033/6250/6072
f 2047/6251/6073 2026/6252/6074 2025/6253/6075
f 2010/6254/6076 2035/6255/6077 2034/6256/6078
f 2032/6257/6079 2023/6258/6080 2034/6259/6081
f 2048/6260/6082 2035/6261/6083 2026/6262/6084
f 2049/6263/6085 2036/6264/6086 2027/6265/6087
f 2036/6266/6088 2050/6267/6089 2012/6268/6090
f 2051/6269/6091 2027/6270/6092 2037/6271/6093
f 2050/6272/6094 1690/6273/6095 2012/6274/6096
f 2012/6274/6096 1690/6273/6095 1689/6275/6097
f 2012/6274/6096 1689/6275/6097 1688/6276/6098
f 1688/6276/6098 1687/6277/6099 2012/6274/6096
f 2028/6278/6100 2029/6279/6101 2052/6280/6102
f 1527/6281/6103 1526/6282/6104 2029/6283/6105
f 2029/6283/6105 1526/6282/6104 1525/6284/6106
f 2029/6283/6105 1525/6284/6106 1524/6285/6107
f 1524/6285/6107 2052/6286/6108 2029/6283/6105
f 1524/6287/6109 1523/6288/6110 2052/6289/6111
f 2052/6289/6111 1523/6288/6110 1522/6290/6112
f 2052/6289/6111 1522/6290/6112 1521/6291/6113
f 2043/6292/6114 2019/6293/6115 2038/6294/6116
f 2053/6295/6117 2030/6296/6118 2039/6297/6119
f 2038/6298/6120 2030/6299/6121 2053/6300/6122
f 2039/6301/6123 2031/6302/6124 2054/6303/6125
f 2054/6304/6126 2031/6305/6127 2040/6306/6128
f 2016/6307/6129 2041/6308/6130 2040/6309/6131
f 2017/6310/6132 2055/6311/6133 2041/6312/6134
f 2055/6313/6135 2017/6314/6136 2042/6315/6137
f 2042/6316/6138 2028/6317/6139 2056/6318/6140
f 2024/6319/6141 2043/6320/6142 2046/6321/6143
f 2057/6322/6144 2020/6323/6145 2044/6324/6146
f 2044/6325/6147 2032/6326/6148 2058/6327/6149
f 2057/6328/6150 2045/6329/6151 2020/6330/6152
f 2046/6331/6153 2047/6332/6154 2033/6333/6155
f 2059/6334/6156 2026/6335/6157 2047/6336/6158
f 2035/6337/6159 2048/6338/6160 2034/6339/6161
f 2060/6340/6162 2032/6341/6163 2034/6342/6164
f 2061/6343/6165 2048/6344/6166 2026/6345/6167
f 2036/6346/6168 2049/6347/6169 2062/6348/6170
f 2051/6349/6171 2049/6350/6172 2027/6351/6173
f 2063/6352/6174 2050/6353/6175 2036/6354/6176
f 2050/6355/6177 1691/6356/6178 1690/6357/6179
f 1692/6358/6180 1691/6359/6181 2050/6360/6182
f 2056/6361/6183 2028/6362/6184 2052/6363/6185
f 1521/6364/6186 1520/6365/6187 2052/6366/6188
f 2052/6366/6188 1520/6365/6187 1519/6367/6189
f 2052/6366/6188 1519/6367/6189 1518/6368/6190
f 1518/6368/6190 2064/6369/6191 2052/6366/6188
f 2065/6370/6192 2043/6371/6193 2038/6372/6194
f 2066/6373/6195 2053/6374/6196 2039/6375/6197
f 2067/6376/6198 2038/6377/6199 2053/6378/6200
f 2068/6379/6201 2039/6380/6202 2054/6381/6203
f 2040/6382/6204 2069/6383/6205 2054/6384/6206
f 2041/6385/6207 2069/6386/6208 2040/6387/6209
f 2041/6388/6210 2055/6389/6211 2069/6390/6212
f 2070/6391/6213 2055/6392/6214 2042/6393/6215
f 2071/6394/6216 2042/6395/6217 2056/6396/6218
f 2046/6397/6219 2043/6398/6220 2072/6399/6221
f 2073/6400/6222 2057/6401/6223 2044/6402/6224
f 2058/6403/6225 2032/6404/6226 2060/6405/6227
f 2044/6406/6228 2058/6407/6229 2074/6408/6230
f 2075/6409/6231 2045/6410/6232 2057/6411/6233
f 2076/6412/6234 2047/6413/6235 2046/6414/6236
f 2077/6415/6237 2026/6416/6238 2059/6417/6239
f 2076/6418/6240 2059/6419/6241 2047/6420/6242
f 2048/6421/6243 2060/6422/6244 2034/6423/6245
f 2078/6424/6246 2048/6425/6247 2061/6426/6248
f 2079/6427/6249 2061/6428/6250 2026/6429/6251
f 2049/6430/6252 2080/6431/6253 2062/6432/6254
f 2062/6433/6255 2081/6434/6256 2036/6435/6257
f 2080/6436/6258 2049/6437/6259 2051/6438/6260
f 1692/6439/6261 2050/6440/6262 1693/6441/6263
f 1693/6441/6263 2050/6440/6262 2063/6442/6264
f 2082/6443/6265 2063/6444/6266 2036/6445/6267
f 1694/6446/6268 1693/6447/6269 2063/6448/6270
f 2056/6449/6271 2052/6450/6272 2083/6451/6273
f 2083/6452/6274 2052/6453/6275 2064/6454/6276
f 1518/6455/6277 1517/6456/6278 2064/6457/6279
f 2064/6457/6279 1517/6456/6278 1516/6458/6280
f 2064/6457/6279 1516/6458/6280 1515/6459/6281
f 2084/6460/6282 2043/6461/6283 2065/6462/6284
f 2065/6463/6285 2038/6464/6286 2067/6465/6287
f 2085/6466/6288 2053/6467/6289 2066/6468/6290
f 2066/6469/6291 2039/6470/6292 2068/6471/6293
f 2085/6472/6294 2067/6473/6295 2053/6474/6296
f 2054/6475/6297 2086/6476/6298 2068/6477/6299
f 2069/6478/6300 2086/6479/6301 2054/6480/6302
f 2055/6481/6303 2087/6482/6304 2069/6483/6305
f 2070/6484/6306 2088/6485/6307 2055/6486/6308
f 2070/6487/6309 2042/6488/6310 2071/6489/6311
f 2071/6490/6312 2056/6491/6313 2089/6492/6314
f 2043/6493/6315 2084/6494/6316 2072/6495/6317
f 2072/6496/6318 2076/6497/6319 2046/6498/6320
f 2090/6499/6321 2057/6500/6322 2073/6501/6323
f 2073/6502/6324 2044/6503/6325 2074/6504/6326
f 2091/6505/6327 2058/6506/6328 2060/6507/6329
f 2074/6508/6330 2058/6509/6331 2091/6510/6332
f 2090/6511/6333 2075/6512/6334 2057/6513/6335
f 2092/6514/6336 2026/6515/6337 2077/6516/6338
f 2093/6517/6339 2077/6518/6340 2059/6519/6341
f 2093/6520/6342 2059/6521/6343 2076/6522/6344
f 2060/6523/6345 2048/6524/6346 2078/6525/6347
f 2094/6526/6348 2078/6527/6349 2061/6528/6350
f 2061/6529/6351 2079/6530/6352 2094/6531/6353
f 2092/6532/6354 2079/6533/6355 2026/6534/6356
f 2080/6535/6357 2095/6536/6358 2062/6537/6359
f 2096/6538/6360 2081/6539/6361 2062/6540/6362
f 2081/6541/6363 2082/6542/6364 2036/6543/6365
f 2097/6544/6366 2080/6545/6367 2051/6546/6368
f 2082/6547/6369 2083/6548/6370 2063/6549/6371
f 2063/6550/6372 1695/6551/6373 1694/6552/6374
f 2089/6553/6375 2056/6554/6376 2083/6555/6377
f 2083/6556/6378 2064/6557/6379 2063/6558/6380
f 1515/6559/6381 1697/6560/6382 2064/6561/6383
f 2098/6562/6384 2084/6563/6385 2065/6564/6386
f 2098/6565/6387 2065/6566/6388 2067/6567/6389
f 2085/6568/6390 2066/6569/6391 2099/6570/6392
f 2099/6571/6393 2066/6572/6394 2068/6573/6395
f 2067/6574/6396 2085/6575/6397 2100/6576/6398
f 2086/6577/6399 2101/6578/6400 2068/6579/6401
f 2086/6580/6402 2069/6581/6403 2087/6582/6404
f 2055/6583/6405 2102/6584/6406 2087/6585/6407
f 2088/6586/6408 2070/6587/6409 2103/6588/6410
f 2088/6589/6411 2102/6590/6412 2055/6591/6413
f 2103/6592/6414 2070/6593/6415 2071/6594/6416
f 2104/6595/6417 2071/6596/6418 2089/6597/6419
f 2105/6598/6420 2072/6599/6421 2084/6600/6422
f 2105/6601/6423 2076/6602/6424 2072/6603/6425
f 2106/6604/6426 2090/6605/6427 2073/6606/6428
f 2073/6607/6429 2074/6608/6430 2107/6609/6431
f 2091/6610/6432 2060/6611/6433 2078/6612/6434
f 2074/6613/6435 2091/6614/6436 2108/6615/6437
f 2109/6616/6438 2075/6617/6439 2090/6618/6440
f 2110/6619/6441 2092/6620/6442 2077/6621/6443
f 2110/6622/6444 2077/6623/6445 2093/6624/6446
f 2105/6625/6447 2093/6626/6448 2076/6627/6449
f 2111/6628/6450 2078/6629/6451 2094/6630/6452
f 2094/6631/6453 2079/6632/6454 2092/6633/6455
f 2095/6634/6456 2080/6635/6457 2097/6636/6458
f 2095/6637/6459 2112/6638/6460 2062/6639/6461
f 2096/6640/6462 2104/6641/6463 2081/6642/6464
f 2113/6643/6465 2096/6644/6466 2062/6645/6467
f 2081/6646/6468 2089/6647/6469 2082/6648/6470
f 2089/6649/6471 2083/6650/6472 2082/6651/6473
f 1696/6652/6474 1695/6653/6475 2064/6654/6476
f 2064/6654/6476 1695/6653/6475 2063/6655/6477
f 2064/6656/6478 1697/6657/6479 1696/6658/6480
f 2114/6659/6481 2084/6660/6482 2098/6661/6483
f 2098/6662/6484 2067/6663/6485 2100/6664/6486
f 2115/6665/6487 2085/6666/6488 2099/6667/6489
f 2068/6668/6490 2101/6669/6491 2099/6670/6492
f 2100/6671/6493 2085/6672/6494 2115/6673/6495
f 2101/6674/6496 2086/6675/6497 2116/6676/6498
f 2116/6677/6499 2086/6678/6500 2087/6679/6501
f 2102/6680/6502 2117/6681/6503 2087/6682/6504
f 2118/6683/6505 2088/6684/6506 2103/6685/6507
f 2088/6686/6508 2119/6687/6509 2102/6688/6510
f 2103/6689/6511 2071/6690/6512 2104/6691/6513
f 2104/6692/6514 2089/6693/6515 2081/6694/6516
f 2114/6695/6517 2105/6696/6518 2084/6697/6519
f 2120/6698/6520 2090/6699/6521 2106/6700/6522
f 2106/6701/6523 2073/6702/6524 2107/6703/6525
f 2107/6704/6526 2074/6705/6527 2108/6706/6528
f 2111/6707/6529 2091/6708/6530 2078/6709/6531
f 2108/6710/6532 2091/6711/6533 2121/6712/6534
f 2120/6713/6535 2109/6714/6536 2090/6715/6537
f 2122/6716/6538 2092/6717/6539 2110/6718/6540
f 2123/6719/6541 2110/6720/6542 2093/6721/6543
f 2123/6722/6544 2093/6723/6545 2105/6724/6546
f 2124/6725/6547 2111/6726/6548 2094/6727/6549
f 2124/6728/6550 2094/6729/6551 2092/6730/6552
f 2125/6731/6553 2095/6732/6554 2097/6733/6555
f 2112/6734/6556 2095/6735/6557 2125/6736/6558
f 2113/6737/6559 2062/6738/6560 2112/6739/6561
f 2103/6740/6562 2104/6741/6563 2096/6742/6564
f 2113/6743/6565 2103/6744/6566 2096/6745/6567
f 2126/6746/6568 2114/6747/6569 2098/6748/6570
f 2126/6749/6571 2098/6750/6572 2100/6751/6573
f 2099/6752/6574 2127/6753/6575 2115/6754/6576
f 2101/6755/6577 2127/6756/6578 2099/6757/6579
f 2128/6758/6580 2100/6759/6581 2115/6760/6582
f 2127/6761/6583 2101/6762/6584 2116/6763/6585
f 2129/6764/6586 2116/6765/6587 2087/6766/6588
f 2119/6767/6589 2117/6768/6590 2102/6769/6591
f 2117/6770/6592 2129/6771/6593 2087/6772/6594
f 2119/6773/6595 2088/6774/6596 2118/6775/6597
f 2118/6776/6598 2103/6777/6599 2113/6778/6600
f 2130/6779/6601 2105/6780/6602 2114/6781/6603
f 2131/6782/6604 2120/6783/6605 2106/6784/6606
f 2132/6785/6607 2106/6786/6608 2107/6787/6609
f 2107/6788/6610 2108/6789/6611 2133/6790/6612
f 2091/6791/6613 2111/6792/6614 2121/6793/6615
f 2108/6794/6616 2121/6795/6617 2134/6796/6618
f 2135/6797/6619 2109/6798/6620 2120/6799/6621
f 1828/6800/6622 2092/6801/6623 2122/6802/6624
f 2136/6803/6625 2122/6804/6626 2110/6805/6627
f 2137/6806/6628 2110/6807/6629 2123/6808/6630
f 2138/6809/6631 2123/6810/6632 2105/6811/6633
f 2139/6812/6634 2111/6813/6635 2124/6814/6636
f 2140/6815/6637 2124/6816/6638 2092/6817/6639
f 2125/6818/6640 2097/6819/6641 2141/6820/6642
f 2142/6821/6643 2112/6822/6644 2125/6823/6645
f 2143/6824/6646 2113/6825/6647 2112/6826/6648
f 2144/6827/6649 2114/6828/6650 2126/6829/6651
f 2145/6830/6652 2126/6831/6653 2100/6832/6654
f 2127/6833/6655 2146/6834/6656 2115/6835/6657
f 2145/6836/6658 2100/6837/6659 2128/6838/6660
f 2115/6839/6661 2146/6840/6662 2128/6841/6663
f 2127/6842/6664 2116/6843/6665 2147/6844/6666
f 2116/6845/6667 2129/6846/6668 2148/6847/6669
f 2117/6848/6670 2119/6849/6671 2149/6850/6672
f 2129/6851/6673 2117/6852/6674 2150/6853/6675
f 2149/6854/6676 2119/6855/6677 2118/6856/6678
f 2143/6857/6679 2118/6858/6680 2113/6859/6681
f 2105/6860/6682 2130/6861/6683 2138/6862/6684
f 2144/6863/6685 2130/6864/6686 2114/6865/6687
f 2151/6866/6688 2120/6867/6689 2131/6868/6690
f 2106/6869/6691 2132/6870/6692 2131/6871/6693
f 2133/6872/6694 2132/6873/6695 2107/6874/6696
f 2108/6875/6697 2134/6876/6698 2133/6877/6699
f 2121/6878/6700 2111/6879/6701 2152/6880/6702
f 2121/6881/6703 2152/6882/6704 2134/6883/6705
f 1828/6884/6706 2140/6885/6707 2092/6886/6708
f 2136/6887/6709 1828/6888/6710 2122/6889/6711
f 2137/6890/6712 2136/6891/6713 2110/6892/6714
f 2137/6893/6715 2123/6894/6716 2138/6895/6717
f 2111/6896/6718 2139/6897/6719 2152/6898/6720
f 2140/6899/6721 2139/6900/6722 2124/6901/6723
f 2153/6902/6724 2125/6903/6725 2141/6904/6726
f 2143/6905/6727 2112/6906/6728 2142/6907/6729
f 2153/6908/6730 2142/6909/6731 2125/6910/6732
f 2154/6911/6733 2144/6912/6734 2126/6913/6735
f 2154/6914/6736 2126/6915/6737 2145/6916/6738
f 2146/6917/6739 2127/6918/6740 2147/6919/6741
f 2155/6920/6742 2145/6921/6743 2128/6922/6744
f 2146/6923/6745 2156/6924/6746 2128/6925/6747
f 2147/6926/6748 2116/6927/6749 2148/6928/6750
f 2148/6929/6751 2129/6930/6752 2150/6931/6753
f 2150/6932/6754 2117/6933/6755 2149/6934/6756
f 2149/6935/6757 2118/6936/6758 2143/6937/6759
f 2130/6938/6760 2157/6939/6761 2138/6940/6762
f 2158/6941/6763 2130/6942/6764 2144/6943/6765
f 1864/6944/6766 2151/6945/6767 2131/6946/6768
f 2131/6947/6769 2132/6948/6770 1849/6949/6771
f 1849/6950/6772 2132/6951/6773 2133/6952/6774
f 2133/6953/6775 2134/6954/6776 1859/6955/6777
f 2134/6956/6778 2152/6957/6779 1844/6958/6780
f 1828/6959/6781 2159/6960/6782 2140/6961/6783
f 2160/6962/6784 1828/6963/6785 2136/6964/6786
f 2137/6965/6787 2160/6966/6788 2136/6967/6789
f 2157/6968/6790 2137/6969/6791 2138/6970/6792
f 2152/6971/6793 2139/6972/6794 1832/6973/6795
f 2159/6974/6796 2139/6975/6797 2140/6976/6798
f 2161/6977/6799 2153/6978/6800 2141/6979/6801
f 2162/6980/6802 2143/6981/6803 2142/6982/6804
f 2163/6983/6805 2142/6984/6806 2153/6985/6807
f 2164/6986/6808 2144/6987/6809 2154/6988/6810
f 2165/6989/6811 2154/6990/6812 2145/6991/6813
f 2156/6992/6814 2146/6993/6815 2147/6994/6816
f 2165/6995/6817 2145/6996/6818 2155/6997/6819
f 2128/6998/6820 2156/6999/6821 2155/7000/6822
f 2166/7001/6823 2147/7002/6824 2148/7003/6825
f 2148/7004/6826 2150/7005/6827 2167/7006/6828
f 2150/7007/6829 2149/7008/6830 2162/7009/6831
f 2162/7010/6832 2149/7011/6833 2143/7012/6834
f 2130/7013/6835 2168/7014/6836 2157/7015/6837
f 2130/7016/6838 2158/7017/6839 2168/7018/6840
f 2164/7019/6841 2158/7020/6842 2144/7021/6843
f 1808/7022/6844 2151/7023/6845 1864/7024/6846
f 1864/7025/6847 2131/7026/6848 1849/7027/6849
f 1859/7028/6850 1849/7029/6851 2133/7030/6852
f 2134/7031/6853 1844/7032/6854 1859/7033/6855
f 2152/7034/6856 1832/7035/6857 1844/7036/6858
f 1771/7037/6859 2159/7038/6860 1828/7039/6861
f 1798/7040/6862 1828/7041/6863 2160/7042/6864
f 2169/7043/6865 2160/7044/6866 2137/7045/6867
f 2157/7046/6868 2169/7047/6869 2137/7048/6870
f 2139/7049/6871 1818/7050/6872 1832/7051/6873
f 2139/7052/6874 2159/7053/6875 1818/7054/6876
f 2161/7055/6877 2163/7056/6878 2153/7057/6879
f 2170/7058/6880 2161/7059/6881 2141/7060/6882
f 2162/7061/6883 2142/7062/6884 2163/7063/6885
f 2171/7064/6886 2164/7065/6887 2154/7066/6888
f 2171/7067/6889 2154/7068/6890 2165/7069/6891
f 2172/7070/6892 2156/7071/6893 2147/7072/6894
f 2155/7073/6895 2173/7074/6896 2165/7075/6897
f 2156/7076/6898 2173/7077/6899 2155/7078/6900
f 2174/7079/6901 2147/7080/6902 2166/7081/6903
f 2166/7082/6904 2148/7083/6905 2167/7084/6906
f 2175/7085/6907 2167/7086/6908 2150/7087/6909
f 2176/7088/6910 2150/7089/6911 2162/7090/6912
f 2157/7091/6913 2168/7092/6914 1785/7093/6915
f 2158/7094/6916 1790/7095/6917 2168/7096/6918
f 1794/7097/6919 2158/7098/6920 2164/7099/6921
f 2159/7100/6922 1771/7101/6923 1818/7102/6924
f 1798/7103/6925 1716/7104/6926 1828/7105/6927
f 2169/7106/6928 1798/7107/6929 2160/7108/6930
f 1777/7109/6931 2169/7110/6932 2157/7111/6933
f 2177/7112/6934 2163/7113/6935 2161/7114/6936
f 2170/7115/6937 2177/7116/6938 2161/7117/6939
f 2176/7118/6940 2162/7119/6941 2163/7120/6942
f 1794/7121/6943 2164/7122/6944 2171/7123/6945
f 2178/7124/6946 2171/7125/6947 2165/7126/6948
f 2173/7127/6949 2156/7128/6950 2172/7129/6951
f 2179/7130/6952 2172/7131/6953 2147/7132/6954
f 2173/7133/6955 2180/7134/6956 2165/7135/6957
f 2174/7136/6958 2179/7137/6959 2147/7138/6960
f 2167/7139/6961 2174/7140/6962 2166/7141/6963
f 2175/7142/6964 2181/7143/6965 2167/7144/6966
f 2175/7145/6967 2150/7146/6968 2176/7147/6969
f 2168/7148/6970 1790/7149/6971 1785/7150/6972
f 1785/7151/6973 1777/7152/6974 2157/7153/6975
f 1790/7154/6976 2158/7155/6977 1794/7156/6978
f 1777/7157/6979 1798/7158/6980 2169/7159/6981
f 2182/7160/6982 2177/7161/6983 2170/7162/6984
f 2163/7163/6985 2175/7164/6986 2176/7165/6987
f 1761/7166/6988 1794/7167/6989 2171/7168/6990
f 1761/7169/6991 2171/7170/6992 2178/7171/6993
f 2165/7172/6994 2180/7173/6995 2178/7174/6996
f 2180/7175/6997 2173/7176/6998 2172/7177/6999
f 2179/7178/7000 2183/7179/7001 2172/7180/7002
f 2179/7181/7003 2174/7182/7004 2184/7183/7005
f 2184/7184/7006 2174/7185/7007 2167/7186/7008
f 2181/7187/7009 2175/7188/7010 2185/7189/7011
f 2181/7190/7012 2184/7191/7013 2167/7192/7014
f 2185/7193/7015 2175/7194/7016 2163/7195/7017
f 1750/7196/7018 1761/7197/7019 2178/7198/7020
f 2180/7199/7021 1747/7200/7022 2178/7201/7023
f 2180/7202/7024 2172/7203/7025 1747/7204/7026
f 2183/7205/7027 2179/7206/7028 2186/7207/7029
f 2183/7208/7030 1747/7209/7031 2172/7210/7032
f 2186/7211/7033 2179/7212/7034 2184/7213/7035
f 2187/7214/7036 2181/7215/7037 2185/7216/7038
f 2181/7217/7039 2188/7218/7040 2184/7219/7041
f 2178/7220/7042 1747/7221/7043 1750/7222/7044
f 1725/7223/7045 2183/7224/7046 2186/7225/7047
f 2183/7226/7048 1737/7227/7049 1747/7228/7050
f 2188/7229/7051 2186/7230/7052 2184/7231/7053
f 2188/7232/7054 2181/7233/7055 2187/7234/7056
f 1737/7235/7057 2183/7236/7058 1725/7237/7059
f 2189/7238/7060 1725/7239/7061 2186/7240/7062
f 2188/7241/7063 2189/7242/7064 2186/7243/7065
f 2190/7244/7066 2188/7245/7067 2187/7246/7068
f 2189/7247/7069 1722/7248/7070 1725/7249/7071
f 2189/7250/7072 2188/7251/7073 2190/7252/7074
f 1722/7253/7075 2189/7254/7076 1713/7255/7077
f 1713/7256/7078 2189/7257/7079 2190/7258/7080
f 2191/7259/7081 1701/7260/7082 2192/7261/7083
f 2193/7262/7084 2191/7263/7085 2192/7264/7086
f 1706/7265/7087 2192/7266/7088 1701/7267/7089
f 2194/7268/7090 1701/7269/7091 2191/7270/7092
f 2195/7271/7093 2191/7272/7094 2193/7273/7095
f 2193/7274/7096 2192/7275/7097 2190/7276/7098
f 2192/7277/7099 1706/7278/7100 1713/7279/7101
f 2194/7280/7102 2196/7281/7103 1701/7282/7104
f 2197/7283/7105 2194/7284/7106 2191/7285/7107
f 2187/7286/7108 2195/7287/7109 2193/7288/7110
f 2192/7289/7111 1713/7290/7112 2190/7291/7113
f 2193/7292/7114 2190/7293/7115 2187/7294/7116
f 2198/7295/7117 2196/7296/7118 2194/7297/7119
f 2196/7298/7120 1698/7299/7121 1701/7300/7122
f 2197/7301/7123 2198/7302/7124 2194/7303/7125
f 2199/7304/7126 2197/7305/7127 2191/7306/7128
f 2185/7307/7129 2195/7308/7130 2187/7309/7131
f 2151/7310/7132 2196/7311/7133 2198/7312/7134
f 2196/7313/7135 1808/7314/7136 1698/7315/7137
f 2135/7316/7138 2198/7317/7139 2197/7318/7140
f 2199/7319/7141 2135/7320/7142 2197/7321/7143
f 2196/7322/7144 2151/7323/7145 1808/7324/7146
f 2151/7325/7147 2198/7326/7148 2120/7327/7149
f 2198/7328/7150 2135/7329/7151 2120/7330/7152
f 2200/7331/7153 2135/7332/7154 2199/7333/7155
f 2135/7334/7156 2200/7335/7157 2109/7336/7158
f 2201/7337/7159 2200/7338/7160 2199/7339/7161
f 2202/7340/7162 2109/7341/7163 2200/7342/7164
f 2203/7343/7165 2200/7344/7166 2201/7345/7167
f 2109/7346/7168 2202/7347/7169 2075/7348/7170
f 2203/7349/7171 2202/7350/7172 2200/7351/7173
f 2204/7352/7174 2203/7353/7175 2201/7354/7176
f 2075/7355/7177 2202/7356/7178 2205/7357/7179
f 2206/7358/7180 2202/7359/7181 2203/7360/7182
f 2207/7361/7183 2203/7362/7184 2204/7363/7185
f 2202/7364/7186 2206/7365/7187 2205/7366/7188
f 2075/7367/7189 2205/7368/7190 2045/7369/7191
f 2203/7370/7192 2207/7371/7193 2206/7372/7194
f 2208/7373/7195 2207/7374/7196 2204/7375/7197
f 2205/7376/7198 2206/7377/7199 2209/7378/7200
f 2045/7379/7201 2205/7380/7202 2209/7381/7203
f 2207/7382/7204 2210/7383/7205 2206/7384/7206
f 2211/7385/7207 2207/7386/7208 2208/7387/7209
f 2206/7388/7210 2210/7389/7211 2209/7390/7212
f 2209/7391/7213 2022/7392/7214 2045/7393/7215
f 2211/7394/7216 2210/7395/7217 2207/7396/7218
f 2212/7397/7219 2211/7398/7220 2208/7399/7221
f 2210/7400/7222 2213/7401/7223 2209/7402/7224
f 2209/7403/7225 2214/7404/7226 2022/7405/7227
f 2211/7406/7228 2215/7407/7229 2210/7408/7230
f 2215/7409/7231 2211/7410/7232 2212/7411/7233
f 2215/7412/7234 2213/7413/7235 2210/7414/7236
f 2209/7415/7237 2213/7416/7238 2214/7417/7239
f 2214/7418/7240 1999/7419/7241 2022/7420/7242
f 2216/7421/7243 2215/7422/7244 2212/7423/7245
f 2213/7424/7246 2215/7425/7247 2217/7426/7248
f 2213/7427/7249 2218/7428/7250 2214/7429/7251
f 2214/7430/7252 2008/7431/7253 1999/7432/7254
f 2217/7433/7255 2215/7434/7256 2216/7435/7257
f 2218/7436/7258 2213/7437/7259 2217/7438/7260
f 2214/7439/7261 2218/7440/7262 2008/7441/7263
f 2219/7442/7264 2217/7443/7265 2216/7444/7266
f 2217/7445/7267 2220/7446/7268 2218/7447/7269
f 2218/7448/7270 2221/7449/7271 2008/7450/7272
f 2220/7451/7273 2217/7452/7274 2219/7453/7275
f 2220/7454/7276 2221/7455/7277 2218/7456/7278
f 2008/7457/7279 2221/7458/7280 2222/7459/7281
f 2223/7460/7282 2220/7461/7283 2219/7462/7284
f 2221/7463/7285 2220/7464/7286 2223/7465/7287
f 2221/7466/7288 2224/7467/7289 2222/7468/7290
f 2222/7469/7291 1986/7470/7292 2008/7471/7293
f 2225/7472/7294 2221/7473/7295 2223/7474/7296
f 2224/7475/7297 2221/7476/7298 2225/7477/7299
f 2222/7478/7300 2224/7479/7301 1949/7480/7302
f 1986/7481/7303 2222/7482/7304 1949/7483/7305
f 2226/7484/7306 2224/7485/7307 2225/7486/7308
f 2224/7487/7309 2227/7488/7310 1949/7489/7311
f 1960/7490/7312 1986/7491/7313 1949/7492/7314
f 2227/7493/7315 2224/7494/7316 2226/7495/7317
f 1949/7496/7318 2227/7497/7319 1938/7498/7320
f 2228/7499/7321 2227/7500/7322 2226/7501/7323
f 2227/7502/7324 1937/7503/7325 1938/7504/7326
f 2229/7505/7327 2227/7506/7328 2228/7507/7329
f 1937/7508/7330 2227/7509/7331 2229/7510/7332
f 2230/7511/7333 2229/7512/7334 2228/7513/7335
f 2229/7514/7336 1939/7515/7337 1937/7516/7338
f 1939/7517/7339 2229/7518/7340 2230/7519/7341
f 1961/7520/7342 1939/7521/7343 2230/7522/7344
f 2182/7523/7345 2191/7524/7346 2195/7525/7347
f 2231/7526/7348 2182/7527/7349 2195/7528/7350
f 2182/7529/7351 2199/7530/7352 2191/7531/7353
f 2177/7532/7354 2182/7533/7355 2231/7534/7356
f 2231/7535/7357 2195/7536/7358 2185/7537/7359
f 2201/7538/7360 2199/7539/7361 2182/7540/7362
f 2163/7541/7363 2177/7542/7364 2231/7543/7365
f 2163/7544/7366 2231/7545/7367 2185/7546/7368
f 2204/7547/7369 2201/7548/7370 2182/7549/7371
f 2204/7550/7372 2182/7551/7373 2170/7552/7374
f 2208/7553/7375 2204/7554/7376 2170/7555/7377
f 2212/7556/7378 2208/7557/7379 2170/7558/7380
f 2141/7559/7381 2212/7560/7382 2170/7561/7383
f 2232/7562/7384 2212/7563/7385 2141/7564/7386
f 2232/7565/7387 2216/7566/7388 2212/7567/7389
f 2233/7568/7390 2232/7569/7391 2141/7570/7392
f 2216/7571/7393 2232/7572/7394 2233/7573/7395
f 2234/7574/7396 2233/7575/7397 2141/7576/7398
f 2219/7577/7399 2216/7578/7400 2233/7579/7401
f 2233/7580/7402 2234/7581/7403 2219/7582/7404
f 2097/7583/7405 2234/7584/7406 2141/7585/7407
f 2219/7586/7408 2234/7587/7409 2235/7588/7410
f 2236/7589/7411 2234/7590/7412 2097/7591/7413
f 2234/7592/7414 2236/7593/7415 2235/7594/7416
f 2219/7595/7417 2235/7596/7418 2223/7597/7419
f 2237/7598/7420 2236/7599/7421 2097/7600/7422
f 2235/7601/7423 2236/7602/7424 2238/7603/7425
f 2223/7604/7426 2235/7605/7427 2238/7606/7428
f 2238/7607/7429 2236/7608/7430 2237/7609/7431
f 2237/7610/7432 2097/7611/7433 2051/7612/7434
f 2223/7613/7435 2238/7614/7436 2225/7615/7437
f 2239/7616/7438 2238/7617/7439 2237/7618/7440
f 2240/7619/7441 2237/7620/7442 2051/7621/7443
f 2225/7622/7444 2238/7623/7445 2226/7624/7446
f 2226/7625/7447 2238/7626/7448 2239/7627/7449
f 2239/7628/7450 2237/7629/7451 2240/7630/7452
f 2240/7631/7453 2051/7632/7454 2037/7633/7455
f 2228/7634/7456 2226/7635/7457 2239/7636/7458
f 2241/7637/7459 2239/7638/7460 2240/7639/7461
f 2242/7640/7462 2240/7641/7463 2037/7642/7464
f 2228/7643/7465 2239/7644/7466 2241/7645/7467
f 2241/7646/7468 2240/7647/7469 2242/7648/7470
f 2242/7649/7471 2037/7650/7472 1989/7651/7473
f 2230/7652/7474 2228/7653/7475 2241/7654/7476
f 2243/7655/7477 2241/7656/7478 2242/7657/7479
f 2244/7658/7480 2242/7659/7481 1989/7660/7482
f 2230/7661/7483 2241/7662/7484 2243/7663/7485
f 2243/7664/7486 2242/7665/7487 2244/7666/7488
f 1968/7667/7489 2244/7668/7490 1989/7669/7491
f 1961/7670/7492 2230/7671/7493 2243/7672/7494
f 1968/7673/7495 2243/7674/7496 2244/7675/7497
f 1961/7676/7498 2243/7677/7499 1968/7678/7500
f 1704/7679/7501 1730/7680/7502 1705/7681/7503
f 1705/7681/7503 1730/7680/7502 1739/7682/7504
f 1705/7681/7503 1739/7682/7504 1710/7683/7505
f 1710/7683/7505 1739/7682/7504 1738/7684/7506
f 1710/7683/7505 1738/7684/7506 1711/7685/7507
f 1711/7685/7507 1738/7684/7506 1724/7686/7508
f 1711/7685/7507 1724/7686/7508 1712/7687/7509
f 1712/7687/7509 1724/7686/7508 1719/7688/7510
f 1719/7688/7510 1724/7686/7508 1723/7689/7511
f 1719/7688/7510 1723/7689/7511 1720/7690/7512
f 1720/7690/7512 1723/7689/7511 1721/7691/7513
f 1703/7692/7514 1732/7693/7515 1704/7679/7501
f 1704/7679/7501 1732/7693/7515 1731/7694/7516
f 1704/7679/7501 1731/7694/7516 1730/7680/7502
f 1702/7695/7517 1733/7696/7518 1703/7692/7514
f 1703/7692/7514 1733/7696/7518 1732/7693/7515
f 1783/7697/7519 1838/7698/7520 1784/7699/7521
f 1784/7699/7521 1838/7698/7520 1837/7700/7522
f 1784/7699/7521 1837/7700/7522 1814/7701/7523
f 1814/7701/7523 1837/7700/7522 1855/7702/7524
f 1814/7701/7523 1855/7702/7524 1815/7703/7525
f 1815/7703/7525 1855/7702/7524 1854/7704/7526
f 1815/7703/7525 1854/7704/7526 1773/7705/7527
f 1773/7705/7527 1854/7704/7526 1836/7706/7528
f 1773/7705/7527 1836/7706/7528 1774/7707/7529
f 1774/7707/7529 1836/7706/7528 1835/7708/7530
f 1774/7707/7529 1835/7708/7530 1775/7709/7531
f 1775/7709/7531 1835/7708/7530 1834/7710/7532
f 1775/7709/7531 1834/7710/7532 1776/7711/7533
f 1776/7711/7533 1834/7710/7532 1833/7712/7534
f 1776/7711/7533 1833/7712/7534 1795/7713/7535
f 1795/7713/7535 1833/7712/7534 1796/7714/7536
f 1796/7714/7536 1833/7712/7534 1853/7715/7537
f 1796/7714/7536 1853/7715/7537 1852/7716/7538
f 1838/7698/7520 1783/7697/7519 1839/7717/7539
f 1839/7717/7539 1783/7697/7519 1782/7718/7540
f 1839/7717/7539 1782/7718/7540 1840/7719/7541
f 1840/7719/7541 1782/7718/7540 1781/7720/7542
f 1796/7714/7536 1852/7716/7538 1797/7721/7543
f 1797/7721/7543 1852/7716/7538 1822/7722/7544
f 1797/7721/7543 1822/7722/7544 1821/7723/7545
f 1820/7724/7546 1803/7725/7547 1821/7723/7545
f 1821/7723/7545 1803/7725/7547 1802/7726/7548
f 1821/7723/7545 1802/7726/7548 1797/7721/7543
f 1803/7725/7547 1820/7724/7546 1804/7727/7549
f 1804/7727/7549 1820/7724/7546 1819/7728/7550
f 1804/7727/7549 1819/7728/7550 1823/7729/7551
f 1823/7729/7551 1819/7728/7550 1831/7730/7552
f 1823/7729/7551 1831/7730/7552 1824/7731/7553
f 1824/7731/7553 1831/7730/7552 1799/7732/7554
f 1799/7732/7554 1831/7730/7552 1830/7733/7555
f 1799/7732/7554 1830/7733/7555 1800/7734/7556
f 1800/7734/7556 1830/7733/7555 1807/7735/7557
f 1800/7734/7556 1807/7735/7557 1801/7736/7558
f 1801/7736/7558 1807/7735/7557 1772/7737/7559
f 1801/7736/7558 1772/7737/7559 1765/7738/7560
f 1765/7738/7560 1772/7737/7559 1766/7739/7561
f 1766/7739/7561 1772/7737/7559 1767/7740/7562
f 1767/7740/7562 1772/7737/7559 1751/7741/7563
f 1751/7741/7563 1772/7737/7559 1752/7742/7564
f 1752/7742/7564 1772/7737/7559 1753/7743/7565
f 1753/7743/7565 1772/7737/7559 1740/7744/7566
f 1740/7744/7566 1772/7737/7559 1770/7745/7567
f 1740/7744/7566 1770/7745/7567 1741/7746/7568
f 1741/7746/7568 1770/7745/7567 1742/7747/7569
f 1742/7747/7569 1770/7745/7567 1726/7748/7570
f 1726/7748/7570 1770/7745/7567 1727/7749/7571
f 1727/7749/7571 1770/7745/7567 1728/7750/7572
f 1728/7750/7572 1770/7745/7567 1718/7751/7573
f 1728/7750/7572 1718/7751/7573 1717/7752/7574
f 1769/7753/7575 1768/7754/7576 1770/7745/7567
f 1770/7745/7567 1768/7754/7576 1743/7755/7577
f 1770/7745/7567 1743/7755/7577 1729/7756/7578
f 1768/7754/7576 1769/7753/7575 1805/7757/7579
f 1805/7757/7579 1769/7753/7575 1806/7758/7580
f 1805/7757/7579 1806/7758/7580 1829/7759/7581
f 1827/7760/7582 1826/7761/7583 1829/7759/7581
f 1829/7759/7581 1826/7761/7583 1825/7762/7584
f 1829/7759/7581 1825/7762/7584 1805/7757/7579
f 1768/7754/7576 1754/7763/7585 1743/7755/7577
f 1729/7756/7578 1718/7751/7573 1770/7745/7567
f 1744/7764/7586 1736/7765/7587 1707/7766/7588
f 1707/7766/7588 1736/7765/7587 1735/7767/7589
f 1707/7766/7588 1735/7767/7589 1708/7768/7590
f 1708/7768/7590 1735/7767/7589 1734/7769/7591
f 1708/7768/7590 1734/7769/7591 1709/7770/7592
f 1709/7770/7592 1734/7769/7591 1702/7771/7517
f 1702/7771/7517 1734/7769/7591 1733/7772/7518
f 1707/7766/7588 1715/7773/7593 1744/7764/7586
f 1744/7764/7586 1715/7773/7593 1745/7774/7594
f 1745/7774/7594 1715/7773/7593 1714/7775/7595
f 1745/7774/7594 1714/7775/7595 1746/7776/7596
f 1746/7776/7596 1714/7775/7595 1700/7777/7597
f 1746/7776/7596 1700/7777/7597 1748/7778/7598
f 1748/7778/7598 1700/7777/7597 1699/7779/7599
f 1748/7778/7598 1699/7779/7599 1811/7780/7600
f 1748/7778/7598 1811/7780/7600 1749/7781/7601
f 1749/7781/7601 1811/7780/7600 1810/7782/7602
f 1749/7781/7601 1810/7782/7602 1809/7783/7603
f 1851/7784/7604 1756/7785/7605 1809/7783/7603
f 1809/7783/7603 1756/7785/7605 1755/7786/7606
f 1809/7783/7603 1755/7786/7606 1749/7781/7601
f 1850/7787/7607 1758/7788/7608 1851/7784/7604
f 1851/7784/7604 1758/7788/7608 1757/7789/7609
f 1851/7784/7604 1757/7789/7609 1756/7785/7605
f 1850/7787/7607 1866/7790/7610 1758/7788/7608
f 1758/7788/7608 1866/7790/7610 1759/7791/7611
f 1759/7791/7611 1866/7790/7610 1865/7792/7612
f 1759/7791/7611 1865/7792/7612 1863/7793/7613
f 1759/7791/7611 1863/7793/7613 1760/7794/7614
f 1760/7794/7614 1863/7793/7613 1862/7795/7615
f 1760/7794/7614 1862/7795/7615 1848/7796/7616
f 1760/7794/7614 1848/7796/7616 1762/7797/7617
f 1762/7797/7617 1848/7796/7616 1847/7798/7618
f 1762/7797/7617 1847/7798/7618 1763/7799/7619
f 1763/7799/7619 1847/7798/7618 1846/7800/7620
f 1763/7799/7619 1846/7800/7620 1764/7801/7621
f 1764/7801/7621 1846/7800/7620 1845/7802/7622
f 1764/7801/7621 1845/7802/7622 1791/7803/7623
f 1791/7803/7623 1845/7802/7622 1792/7804/7624
f 1792/7804/7624 1845/7802/7622 1793/7805/7625
f 1793/7805/7625 1845/7802/7622 1812/7806/7626
f 1812/7806/7626 1845/7802/7622 1861/7807/7627
f 1812/7806/7626 1861/7807/7627 1813/7808/7628
f 1813/7808/7628 1861/7807/7627 1860/7809/7629
f 1813/7808/7628 1860/7809/7629 1786/7810/7630
f 1786/7810/7630 1860/7809/7629 1858/7811/7631
f 1786/7810/7630 1858/7811/7631 1857/7812/7632
f 1857/7812/7632 1856/7813/7633 1786/7810/7630
f 1786/7810/7630 1856/7813/7633 1843/7814/7634
f 1786/7810/7630 1843/7814/7634 1787/7815/7635
f 1787/7815/7635 1843/7814/7634 1788/7816/7636
f 1788/7816/7636 1843/7814/7634 1842/7817/7637
f 1788/7816/7636 1842/7817/7637 1789/7818/7638
f 1789/7818/7638 1842/7817/7637 1816/7819/7639
f 1816/7819/7639 1842/7817/7637 1841/7820/7640
f 1816/7819/7639 1841/7820/7640 1817/7821/7641
f 1817/7821/7641 1841/7820/7640 1778/7822/7642
f 1778/7822/7642 1841/7820/7640 1779/7823/7643
f 1779/7823/7643 1841/7820/7640 1840/7824/7541
f 1779/7823/7643 1840/7824/7541 1780/7825/7644
f 1780/7825/7644 1840/7824/7541 1781/7826/7542
f 1309/7827/4239 1308/7828/4241 1387/7829/4293
f 1387/7829/4293 1308/7828/4241 1332/7830/4243
f 1387/7829/4293 1332/7830/4243 1388/7831/4291
f 1388/7831/4291 1332/7830/4243 1331/7832/4245
f 1388/7831/4291 1331/7832/4245 1389/7833/4336
f 1389/7833/4336 1331/7832/4245 1330/7834/4247
f 1389/7833/4336 1330/7834/4247 1390/7835/4338
f 1390/7835/4338 1330/7834/4247 1329/7836/4249
f 1390/7835/4338 1329/7836/4249 1391/7837/4340
f 1391/7837/4340 1329/7836/4249 1328/7838/4251
f 1391/7837/4340 1328/7838/4251 1392/7839/4328
f 1392/7839/4328 1328/7838/4251 1327/7840/4253
f 1392/7839/4328 1327/7840/4253 1326/7841/4290
f 1392/7839/4328 1326/7841/4290 1393/7842/4326
f 1393/7842/4326 1326/7841/4290 1325/7843/4288
f 1393/7842/4326 1325/7843/4288 1394/7844/4324
f 1394/7844/4324 1325/7843/4288 1324/7845/4286
f 1394/7844/4324 1324/7845/4286 1395/7846/4322
f 1395/7846/4322 1324/7845/4286 1323/7847/4284
f 1395/7846/4322 1323/7847/4284 1396/7848/4320
f 1396/7848/4320 1323/7847/4284 1322/7849/4282
f 1396/7848/4320 1322/7849/4282 1397/7850/4319
f 1397/7850/4319 1322/7849/4282 1321/7851/4280
f 1397/7850/4319 1321/7851/4280 1320/7852/4278
f 1397/7850/4319 1320/7852/4278 1398/7853/4341
f 1398/7853/4341 1320/7852/4278 1319/7854/4276
f 1398/7853/4341 1319/7854/4276 1399/7855/4343
f 1399/7855/4343 1319/7854/4276 1318/7856/4274
f 1399/7855/4343 1318/7856/4274 1400/7857/4345
f 1400/7857/4345 1318/7856/4274 1317/7858/4272
f 1400/7857/4345 1317/7858/4272 1401/7859/4347
f 1401/7859/4347 1317/7858/4272 1316/7860/4270
f 1401/7859/4347 1316/7860/4270 1402/7861/4349
f 1402/7861/4349 1316/7860/4270 1315/7862/4268
f 1402/7861/4349 1315/7862/4268 1403/7863/4303
f 1403/7863/4303 1315/7862/4268 1314/7864/4265
f 1403/7863/4303 1314/7864/4265 1313/7865/4263
f 1403/7863/4303 1313/7865/4263 1404/7866/4301
f 1404/7866/4301 1313/7865/4263 1312/7867/4261
f 1404/7866/4301 1312/7867/4261 1405/7868/4299
f 1405/7868/4299 1312/7867/4261 1311/7869/4259
f 1405/7868/4299 1311/7869/4259 1406/7870/4297
f 1406/7870/4297 1311/7869/4259 1310/7871/4257
f 1406/7870/4297 1310/7871/4257 1407/7872/4295
f 1407/7872/4295 1310/7871/4257 1309/7827/4239
f 1407/7872/4295 1309/7827/4239 1387/7829/4293
f 1489/7873/7645 1488/7874/7646 1471/7875/7647
f 1471/7875/7647 1488/7874/7646 1514/7876/7648
f 1471/7875/7647 1514/7876/7648 1472/7877/7649
f 1472/7877/7649 1514/7876/7648 1513/7878/7650
f 1472/7877/7649 1513/7878/7650 1473/7879/7651
f 1473/7879/7651 1513/7878/7650 1512/7880/7652
f 1473/7879/7651 1512/7880/7652 1511/7881/7653
f 1473/7879/7651 1511/7881/7653 1474/7882/7654
f 1474/7882/7654 1511/7881/7653 1510/7883/7655
f 1474/7882/7654 1510/7883/7655 1509/7884/7656
f 1474/7882/7654 1509/7884/7656 1475/7885/7657
f 1475/7885/7657 1509/7884/7656 1508/7886/7658
f 1475/7885/7657 1508/7886/7658 1476/7887/7659
f 1476/7887/7659 1508/7886/7658 1507/7888/7660
f 1476/7887/7659 1507/7888/7660 1506/7889/7661
f 1476/7887/7659 1506/7889/7661 1477/7890/7662
f 1477/7890/7662 1506/7889/7661 1505/7891/7663
f 1477/7890/7662 1505/7891/7663 1478/7892/7664
f 1478/7892/7664 1505/7891/7663 1504/7893/7665
f 1478/7892/7664 1504/7893/7665 1503/7894/7666
f 1478/7892/7664 1503/7894/7666 1479/7895/7667
f 1479/7895/7667 1503/7894/7666 1502/7896/7668
f 1479/7895/7667 1502/7896/7668 1501/7897/7669
f 1479/7895/7667 1501/7897/7669 1480/7898/7670
f 1480/7898/7670 1501/7897/7669 1500/7899/7671
f 1480/7898/7670 1500/7899/7671 1481/7900/7672
f 1481/7900/7672 1500/7899/7671 1499/7901/7673
f 1481/7900/7672 1499/7901/7673 1498/7902/7674
f 1481/7900/7672 1498/7902/7674 1482/7903/7675
f 1482/7903/7675 1498/7902/7674 1497/7904/7676
f 1482/7903/7675 1497/7904/7676 1483/7905/7677
f 1483/7905/7677 1497/7904/7676 1496/7906/7678
f 1483/7905/7677 1496/7906/7678 1495/7907/7679
f 1483/7905/7677 1495/7907/7679 1484/7908/7680
f 1484/7908/7680 1495/7907/7679 1494/7909/7681
f 1484/7908/7680 1494/7909/7681 1485/7910/7682
f 1485/7910/7682 1494/7909/7681 1493/7911/7683
f 1485/7910/7682 1493/7911/7683 1492/7912/7684
f 1485/7910/7682 1492/7912/7684 1486/7913/7685
f 1486/7913/7685 1492/7912/7684 1491/7914/7686
f 1486/7913/7685 1491/7914/7686 1490/7915/7687
f 1486/7913/7685 1490/7915/7687 1487/7916/7688
f 1487/7916/7688 1490/7915/7687 1489/7873/7645
f 1487/7916/7688 1489/7873/7645 1471/7875/7647
# 2244 vertices
# 7916 texture params
# 7688 normals
# 4480 facets

# 4 groups
