<?xml version="1.0" encoding="utf-8"?>
<COLLADA xmlns="http://www.collada.org/2005/11/COLLADASchema" version="1.4.1">
  <asset>
    <contributor><authoring_tool>obj_to_dae.py</authoring_tool></contributor>
    <unit name="meter" meter="1"/>
    <up_axis>Z_UP</up_axis>
  </asset>
  <library_effects>
    <effect id="alu-fx">
      <profile_COMMON>
        <technique sid="common">
          <phong>
            <emission><color>0 0 0 1</color></emission>
            <ambient><color>0.5500 0.5700 0.6000 1.0000</color></ambient>
            <diffuse><color>0.7200 0.7400 0.7800 1.0000</color></diffuse>
            <specular><color>0.4500 0.4500 0.4500 1.0000</color></specular>
            <shininess><float>40.0</float></shininess>
            <index_of_refraction><float>1.0</float></index_of_refraction>
          </phong>
        </technique>
      </profile_COMMON>
    </effect>
  </library_effects>
  <library_materials>
    <material id="alu-mat" name="alu"><instance_effect url="#alu-fx"/></material>
  </library_materials>
  <library_geometries>
    <geometry id="alu-geo" name="alu">
      <mesh>
      <source id="alu-pos">
        <float_array id="alu-pos-array" count="4524">-0.748740 -0.293690 0.286060 -0.739100 -0.296490 0.288600 -0.732380 -0.300240 0.295530 -0.730390 -0.303920 0.305000 -0.733650 -0.306550 0.314470 -0.741290 -0.307430 0.321400 -0.751260 -0.306310 0.323940 -0.760900 -0.303510 0.321400 -0.767620 -0.299760 0.314470 -0.769610 -0.296080 0.305000 -0.766350 -0.293450 0.295530 -0.758710 -0.292570 0.288600 -0.823740 -0.668690 0.156060 -0.814100 -0.671490 0.158600 -0.807380 -0.675240 0.165530 -0.805390 -0.678920 0.175000 -0.808650 -0.681550 0.184470 -0.816290 -0.682430 0.191400 -0.826260 -0.681310 0.193940 -0.835900 -0.678510 0.191400 -0.842620 -0.674760 0.184470 -0.844610 -0.671080 0.175000 -0.841350 -0.668450 0.165530 -0.833710 -0.667570 0.158600 -0.750000 -0.300000 0.305000 -0.825000 -0.675000 0.175000 -0.748740 0.293690 0.286060 -0.758710 0.292570 0.288600 -0.766350 0.293450 0.295530 -0.769610 0.296080 0.305000 -0.767620 0.299760 0.314470 -0.760900 0.303510 0.321400 -0.751260 0.306310 0.323940 -0.741290 0.307430 0.321400 -0.733650 0.306550 0.314470 -0.730390 0.303920 0.305000 -0.732380 0.300240 0.295530 -0.739100 0.296490 0.288600 -0.823740 0.668690 0.156060 -0.833710 0.667570 0.158600 -0.841350 0.668450 0.165530 -0.844610 0.671080 0.175000 -0.842620 0.674760 0.184470 -0.835900 0.678510 0.191400 -0.826260 0.681310 0.193940 -0.816290 0.682430 0.191400 -0.808650 0.681550 0.184470 -0.805390 0.678920 0.175000 -0.807380 0.675240 0.165530 -0.814100 0.671490 0.158600 -0.750000 0.300000 0.305000 -0.825000 0.675000 0.175000 0.748740 -0.293690 0.286060 0.758710 -0.292570 0.288600 0.766350 -0.293450 0.295530 0.769610 -0.296080 0.305000 0.767620 -0.299760 0.314470 0.760900 -0.303510 0.321400 0.751260 -0.306310 0.323940 0.741290 -0.307430 0.321400 0.733650 -0.306550 0.314470 0.730390 -0.303920 0.305000 0.732380 -0.300240 0.295530 0.739100 -0.296490 0.288600 0.823740 -0.668690 0.156060 0.833710 -0.667570 0.158600 0.841350 -0.668450 0.165530 0.844610 -0.671080 0.175000 0.842620 -0.674760 0.184470 0.835900 -0.678510 0.191400 0.826260 -0.681310 0.193940 0.816290 -0.682430 0.191400 0.808650 -0.681550 0.184470 0.805390 -0.678920 0.175000 0.807380 -0.675240 0.165530 0.814100 -0.671490 0.158600 0.750000 -0.300000 0.305000 0.825000 -0.675000 0.175000 0.748740 0.293690 0.286060 0.739100 0.296490 0.288600 0.732380 0.300240 0.295530 0.730390 0.303920 0.305000 0.733650 0.306550 0.314470 0.741290 0.307430 0.321400 0.751260 0.306310 0.323940 0.760900 0.303510 0.321400 0.767620 0.299760 0.314470 0.769610 0.296080 0.305000 0.766350 0.293450 0.295530 0.758710 0.292570 0.288600 0.823740 0.668690 0.156060 0.814100 0.671490 0.158600 0.807380 0.675240 0.165530 0.805390 0.678920 0.175000 0.808650 0.681550 0.184470 0.816290 0.682430 0.191400 0.826260 0.681310 0.193940 0.835900 0.678510 0.191400 0.842620 0.674760 0.184470 0.844610 0.671080 0.175000 0.841350 0.668450 0.165530 0.833710 0.667570 0.158600 0.750000 0.300000 0.305000 0.825000 0.675000 0.175000 -0.725000 -0.300000 0.145000 -0.728350 -0.287500 0.145000 -0.737500 -0.278350 0.145000 -0.750000 -0.275000 0.145000 -0.762500 -0.278350 0.145000 -0.771650 -0.287500 0.145000 -0.775000 -0.300000 0.145000 -0.771650 -0.312500 0.145000 -0.762500 -0.321650 0.145000 -0.750000 -0.325000 0.145000 -0.737500 -0.321650 0.145000 -0.728350 -0.312500 0.145000 -0.725000 -0.300000 4.200000 -0.728350 -0.287500 4.200000 -0.737500 -0.278350 4.200000 -0.750000 -0.275000 4.200000 -0.762500 -0.278350 4.200000 -0.771650 -0.287500 4.200000 -0.775000 -0.300000 4.200000 -0.771650 -0.312500 4.200000 -0.762500 -0.321650 4.200000 -0.750000 -0.325000 4.200000 -0.737500 -0.321650 4.200000 -0.728350 -0.312500 4.200000 -0.750000 -0.300000 0.145000 -0.750000 -0.300000 4.200000 -0.725000 0.300000 0.145000 -0.728350 0.312500 0.145000 -0.737500 0.321650 0.145000 -0.750000 0.325000 0.145000 -0.762500 0.321650 0.145000 -0.771650 0.312500 0.145000 -0.775000 0.300000 0.145000 -0.771650 0.287500 0.145000 -0.762500 0.278350 0.145000 -0.750000 0.275000 0.145000 -0.737500 0.278350 0.145000 -0.728350 0.287500 0.145000 -0.725000 0.300000 4.200000 -0.728350 0.312500 4.200000 -0.737500 0.321650 4.200000 -0.750000 0.325000 4.200000 -0.762500 0.321650 4.200000 -0.771650 0.312500 4.200000 -0.775000 0.300000 4.200000 -0.771650 0.287500 4.200000 -0.762500 0.278350 4.200000 -0.750000 0.275000 4.200000 -0.737500 0.278350 4.200000 -0.728350 0.287500 4.200000 -0.750000 0.300000 0.145000 -0.750000 0.300000 4.200000 0.775000 -0.300000 0.145000 0.771650 -0.287500 0.145000 0.762500 -0.278350 0.145000 0.750000 -0.275000 0.145000 0.737500 -0.278350 0.145000 0.728350 -0.287500 0.145000 0.725000 -0.300000 0.145000 0.728350 -0.312500 0.145000 0.737500 -0.321650 0.145000 0.750000 -0.325000 0.145000 0.762500 -0.321650 0.145000 0.771650 -0.312500 0.145000 0.775000 -0.300000 4.200000 0.771650 -0.287500 4.200000 0.762500 -0.278350 4.200000 0.750000 -0.275000 4.200000 0.737500 -0.278350 4.200000 0.728350 -0.287500 4.200000 0.725000 -0.300000 4.200000 0.728350 -0.312500 4.200000 0.737500 -0.321650 4.200000 0.750000 -0.325000 4.200000 0.762500 -0.321650 4.200000 0.771650 -0.312500 4.200000 0.750000 -0.300000 0.145000 0.750000 -0.300000 4.200000 0.775000 0.300000 0.145000 0.771650 0.312500 0.145000 0.762500 0.321650 0.145000 0.750000 0.325000 0.145000 0.737500 0.321650 0.145000 0.728350 0.312500 0.145000 0.725000 0.300000 0.145000 0.728350 0.287500 0.145000 0.737500 0.278350 0.145000 0.750000 0.275000 0.145000 0.762500 0.278350 0.145000 0.771650 0.287500 0.145000 0.775000 0.300000 4.200000 0.771650 0.312500 4.200000 0.762500 0.321650 4.200000 0.750000 0.325000 4.200000 0.737500 0.321650 4.200000 0.728350 0.312500 4.200000 0.725000 0.300000 4.200000 0.728350 0.287500 4.200000 0.737500 0.278350 4.200000 0.750000 0.275000 4.200000 0.762500 0.278350 4.200000 0.771650 0.287500 4.200000 0.750000 0.300000 0.145000 0.750000 0.300000 4.200000 -0.750000 -0.300000 0.380000 -0.757500 -0.300000 0.382010 -0.762990 -0.300000 0.387500 -0.765000 -0.300000 0.395000 -0.762990 -0.300000 0.402500 -0.757500 -0.300000 0.407990 -0.750000 -0.300000 0.410000 -0.742500 -0.300000 0.407990 -0.737010 -0.300000 0.402500 -0.735000 -0.300000 0.395000 -0.737010 -0.300000 0.387500 -0.742500 -0.300000 0.382010 -0.750000 0.300000 0.380000 -0.757500 0.300000 0.382010 -0.762990 0.300000 0.387500 -0.765000 0.300000 0.395000 -0.762990 0.300000 0.402500 -0.757500 0.300000 0.407990 -0.750000 0.300000 0.410000 -0.742500 0.300000 0.407990 -0.737010 0.300000 0.402500 -0.735000 0.300000 0.395000 -0.737010 0.300000 0.387500 -0.742500 0.300000 0.382010 -0.750000 -0.300000 0.395000 -0.750000 0.300000 0.395000 0.750000 -0.300000 0.380000 0.742500 -0.300000 0.382010 0.737010 -0.300000 0.387500 0.735000 -0.300000 0.395000 0.737010 -0.300000 0.402500 0.742500 -0.300000 0.407990 0.750000 -0.300000 0.410000 0.757500 -0.300000 0.407990 0.762990 -0.300000 0.402500 0.765000 -0.300000 0.395000 0.762990 -0.300000 0.387500 0.757500 -0.300000 0.382010 0.750000 0.300000 0.380000 0.742500 0.300000 0.382010 0.737010 0.300000 0.387500 0.735000 0.300000 0.395000 0.737010 0.300000 0.402500 0.742500 0.300000 0.407990 0.750000 0.300000 0.410000 0.757500 0.300000 0.407990 0.762990 0.300000 0.402500 0.765000 0.300000 0.395000 0.762990 0.300000 0.387500 0.757500 0.300000 0.382010 0.750000 -0.300000 0.395000 0.750000 0.300000 0.395000 -0.750000 -0.300000 0.660000 -0.757500 -0.300000 0.662010 -0.762990 -0.300000 0.667500 -0.765000 -0.300000 0.675000 -0.762990 -0.300000 0.682500 -0.757500 -0.300000 0.687990 -0.750000 -0.300000 0.690000 -0.742500 -0.300000 0.687990 -0.737010 -0.300000 0.682500 -0.735000 -0.300000 0.675000 -0.737010 -0.300000 0.667500 -0.742500 -0.300000 0.662010 -0.750000 0.300000 0.660000 -0.757500 0.300000 0.662010 -0.762990 0.300000 0.667500 -0.765000 0.300000 0.675000 -0.762990 0.300000 0.682500 -0.757500 0.300000 0.687990 -0.750000 0.300000 0.690000 -0.742500 0.300000 0.687990 -0.737010 0.300000 0.682500 -0.735000 0.300000 0.675000 -0.737010 0.300000 0.667500 -0.742500 0.300000 0.662010 -0.750000 -0.300000 0.675000 -0.750000 0.300000 0.675000 0.750000 -0.300000 0.660000 0.742500 -0.300000 0.662010 0.737010 -0.300000 0.667500 0.735000 -0.300000 0.675000 0.737010 -0.300000 0.682500 0.742500 -0.300000 0.687990 0.750000 -0.300000 0.690000 0.757500 -0.300000 0.687990 0.762990 -0.300000 0.682500 0.765000 -0.300000 0.675000 0.762990 -0.300000 0.667500 0.757500 -0.300000 0.662010 0.750000 0.300000 0.660000 0.742500 0.300000 0.662010 0.737010 0.300000 0.667500 0.735000 0.300000 0.675000 0.737010 0.300000 0.682500 0.742500 0.300000 0.687990 0.750000 0.300000 0.690000 0.757500 0.300000 0.687990 0.762990 0.300000 0.682500 0.765000 0.300000 0.675000 0.762990 0.300000 0.667500 0.757500 0.300000 0.662010 0.750000 -0.300000 0.675000 0.750000 0.300000 0.675000 -0.750000 -0.300000 0.940000 -0.757500 -0.300000 0.942010 -0.762990 -0.300000 0.947500 -0.765000 -0.300000 0.955000 -0.762990 -0.300000 0.962500 -0.757500 -0.300000 0.967990 -0.750000 -0.300000 0.970000 -0.742500 -0.300000 0.967990 -0.737010 -0.300000 0.962500 -0.735000 -0.300000 0.955000 -0.737010 -0.300000 0.947500 -0.742500 -0.300000 0.942010 -0.750000 0.300000 0.940000 -0.757500 0.300000 0.942010 -0.762990 0.300000 0.947500 -0.765000 0.300000 0.955000 -0.762990 0.300000 0.962500 -0.757500 0.300000 0.967990 -0.750000 0.300000 0.970000 -0.742500 0.300000 0.967990 -0.737010 0.300000 0.962500 -0.735000 0.300000 0.955000 -0.737010 0.300000 0.947500 -0.742500 0.300000 0.942010 -0.750000 -0.300000 0.955000 -0.750000 0.300000 0.955000 0.750000 -0.300000 0.940000 0.742500 -0.300000 0.942010 0.737010 -0.300000 0.947500 0.735000 -0.300000 0.955000 0.737010 -0.300000 0.962500 0.742500 -0.300000 0.967990 0.750000 -0.300000 0.970000 0.757500 -0.300000 0.967990 0.762990 -0.300000 0.962500 0.765000 -0.300000 0.955000 0.762990 -0.300000 0.947500 0.757500 -0.300000 0.942010 0.750000 0.300000 0.940000 0.742500 0.300000 0.942010 0.737010 0.300000 0.947500 0.735000 0.300000 0.955000 0.737010 0.300000 0.962500 0.742500 0.300000 0.967990 0.750000 0.300000 0.970000 0.757500 0.300000 0.967990 0.762990 0.300000 0.962500 0.765000 0.300000 0.955000 0.762990 0.300000 0.947500 0.757500 0.300000 0.942010 0.750000 -0.300000 0.955000 0.750000 0.300000 0.955000 -0.750000 -0.300000 1.220000 -0.757500 -0.300000 1.222010 -0.762990 -0.300000 1.227500 -0.765000 -0.300000 1.235000 -0.762990 -0.300000 1.242500 -0.757500 -0.300000 1.247990 -0.750000 -0.300000 1.250000 -0.742500 -0.300000 1.247990 -0.737010 -0.300000 1.242500 -0.735000 -0.300000 1.235000 -0.737010 -0.300000 1.227500 -0.742500 -0.300000 1.222010 -0.750000 0.300000 1.220000 -0.757500 0.300000 1.222010 -0.762990 0.300000 1.227500 -0.765000 0.300000 1.235000 -0.762990 0.300000 1.242500 -0.757500 0.300000 1.247990 -0.750000 0.300000 1.250000 -0.742500 0.300000 1.247990 -0.737010 0.300000 1.242500 -0.735000 0.300000 1.235000 -0.737010 0.300000 1.227500 -0.742500 0.300000 1.222010 -0.750000 -0.300000 1.235000 -0.750000 0.300000 1.235000 0.750000 -0.300000 1.220000 0.742500 -0.300000 1.222010 0.737010 -0.300000 1.227500 0.735000 -0.300000 1.235000 0.737010 -0.300000 1.242500 0.742500 -0.300000 1.247990 0.750000 -0.300000 1.250000 0.757500 -0.300000 1.247990 0.762990 -0.300000 1.242500 0.765000 -0.300000 1.235000 0.762990 -0.300000 1.227500 0.757500 -0.300000 1.222010 0.750000 0.300000 1.220000 0.742500 0.300000 1.222010 0.737010 0.300000 1.227500 0.735000 0.300000 1.235000 0.737010 0.300000 1.242500 0.742500 0.300000 1.247990 0.750000 0.300000 1.250000 0.757500 0.300000 1.247990 0.762990 0.300000 1.242500 0.765000 0.300000 1.235000 0.762990 0.300000 1.227500 0.757500 0.300000 1.222010 0.750000 -0.300000 1.235000 0.750000 0.300000 1.235000 -0.750000 -0.300000 1.500000 -0.757500 -0.300000 1.502010 -0.762990 -0.300000 1.507500 -0.765000 -0.300000 1.515000 -0.762990 -0.300000 1.522500 -0.757500 -0.300000 1.527990 -0.750000 -0.300000 1.530000 -0.742500 -0.300000 1.527990 -0.737010 -0.300000 1.522500 -0.735000 -0.300000 1.515000 -0.737010 -0.300000 1.507500 -0.742500 -0.300000 1.502010 -0.750000 0.300000 1.500000 -0.757500 0.300000 1.502010 -0.762990 0.300000 1.507500 -0.765000 0.300000 1.515000 -0.762990 0.300000 1.522500 -0.757500 0.300000 1.527990 -0.750000 0.300000 1.530000 -0.742500 0.300000 1.527990 -0.737010 0.300000 1.522500 -0.735000 0.300000 1.515000 -0.737010 0.300000 1.507500 -0.742500 0.300000 1.502010 -0.750000 -0.300000 1.515000 -0.750000 0.300000 1.515000 0.750000 -0.300000 1.500000 0.742500 -0.300000 1.502010 0.737010 -0.300000 1.507500 0.735000 -0.300000 1.515000 0.737010 -0.300000 1.522500 0.742500 -0.300000 1.527990 0.750000 -0.300000 1.530000 0.757500 -0.300000 1.527990 0.762990 -0.300000 1.522500 0.765000 -0.300000 1.515000 0.762990 -0.300000 1.507500 0.757500 -0.300000 1.502010 0.750000 0.300000 1.500000 0.742500 0.300000 1.502010 0.737010 0.300000 1.507500 0.735000 0.300000 1.515000 0.737010 0.300000 1.522500 0.742500 0.300000 1.527990 0.750000 0.300000 1.530000 0.757500 0.300000 1.527990 0.762990 0.300000 1.522500 0.765000 0.300000 1.515000 0.762990 0.300000 1.507500 0.757500 0.300000 1.502010 0.750000 -0.300000 1.515000 0.750000 0.300000 1.515000 -0.750000 -0.300000 1.780000 -0.757500 -0.300000 1.782010 -0.762990 -0.300000 1.787500 -0.765000 -0.300000 1.795000 -0.762990 -0.300000 1.802500 -0.757500 -0.300000 1.807990 -0.750000 -0.300000 1.810000 -0.742500 -0.300000 1.807990 -0.737010 -0.300000 1.802500 -0.735000 -0.300000 1.795000 -0.737010 -0.300000 1.787500 -0.742500 -0.300000 1.782010 -0.750000 0.300000 1.780000 -0.757500 0.300000 1.782010 -0.762990 0.300000 1.787500 -0.765000 0.300000 1.795000 -0.762990 0.300000 1.802500 -0.757500 0.300000 1.807990 -0.750000 0.300000 1.810000 -0.742500 0.300000 1.807990 -0.737010 0.300000 1.802500 -0.735000 0.300000 1.795000 -0.737010 0.300000 1.787500 -0.742500 0.300000 1.782010 -0.750000 -0.300000 1.795000 -0.750000 0.300000 1.795000 0.750000 -0.300000 1.780000 0.742500 -0.300000 1.782010 0.737010 -0.300000 1.787500 0.735000 -0.300000 1.795000 0.737010 -0.300000 1.802500 0.742500 -0.300000 1.807990 0.750000 -0.300000 1.810000 0.757500 -0.300000 1.807990 0.762990 -0.300000 1.802500 0.765000 -0.300000 1.795000 0.762990 -0.300000 1.787500 0.757500 -0.300000 1.782010 0.750000 0.300000 1.780000 0.742500 0.300000 1.782010 0.737010 0.300000 1.787500 0.735000 0.300000 1.795000 0.737010 0.300000 1.802500 0.742500 0.300000 1.807990 0.750000 0.300000 1.810000 0.757500 0.300000 1.807990 0.762990 0.300000 1.802500 0.765000 0.300000 1.795000 0.762990 0.300000 1.787500 0.757500 0.300000 1.782010 0.750000 -0.300000 1.795000 0.750000 0.300000 1.795000 -0.750000 -0.300000 2.060000 -0.757500 -0.300000 2.062010 -0.762990 -0.300000 2.067500 -0.765000 -0.300000 2.075000 -0.762990 -0.300000 2.082500 -0.757500 -0.300000 2.087990 -0.750000 -0.300000 2.090000 -0.742500 -0.300000 2.087990 -0.737010 -0.300000 2.082500 -0.735000 -0.300000 2.075000 -0.737010 -0.300000 2.067500 -0.742500 -0.300000 2.062010 -0.750000 0.300000 2.060000 -0.757500 0.300000 2.062010 -0.762990 0.300000 2.067500 -0.765000 0.300000 2.075000 -0.762990 0.300000 2.082500 -0.757500 0.300000 2.087990 -0.750000 0.300000 2.090000 -0.742500 0.300000 2.087990 -0.737010 0.300000 2.082500 -0.735000 0.300000 2.075000 -0.737010 0.300000 2.067500 -0.742500 0.300000 2.062010 -0.750000 -0.300000 2.075000 -0.750000 0.300000 2.075000 0.750000 -0.300000 2.060000 0.742500 -0.300000 2.062010 0.737010 -0.300000 2.067500 0.735000 -0.300000 2.075000 0.737010 -0.300000 2.082500 0.742500 -0.300000 2.087990 0.750000 -0.300000 2.090000 0.757500 -0.300000 2.087990 0.762990 -0.300000 2.082500 0.765000 -0.300000 2.075000 0.762990 -0.300000 2.067500 0.757500 -0.300000 2.062010 0.750000 0.300000 2.060000 0.742500 0.300000 2.062010 0.737010 0.300000 2.067500 0.735000 0.300000 2.075000 0.737010 0.300000 2.082500 0.742500 0.300000 2.087990 0.750000 0.300000 2.090000 0.757500 0.300000 2.087990 0.762990 0.300000 2.082500 0.765000 0.300000 2.075000 0.762990 0.300000 2.067500 0.757500 0.300000 2.062010 0.750000 -0.300000 2.075000 0.750000 0.300000 2.075000 -0.750000 -0.300000 2.340000 -0.757500 -0.300000 2.342010 -0.762990 -0.300000 2.347500 -0.765000 -0.300000 2.355000 -0.762990 -0.300000 2.362500 -0.757500 -0.300000 2.367990 -0.750000 -0.300000 2.370000 -0.742500 -0.300000 2.367990 -0.737010 -0.300000 2.362500 -0.735000 -0.300000 2.355000 -0.737010 -0.300000 2.347500 -0.742500 -0.300000 2.342010 -0.750000 0.300000 2.340000 -0.757500 0.300000 2.342010 -0.762990 0.300000 2.347500 -0.765000 0.300000 2.355000 -0.762990 0.300000 2.362500 -0.757500 0.300000 2.367990 -0.750000 0.300000 2.370000 -0.742500 0.300000 2.367990 -0.737010 0.300000 2.362500 -0.735000 0.300000 2.355000 -0.737010 0.300000 2.347500 -0.742500 0.300000 2.342010 -0.750000 -0.300000 2.355000 -0.750000 0.300000 2.355000 0.750000 -0.300000 2.340000 0.742500 -0.300000 2.342010 0.737010 -0.300000 2.347500 0.735000 -0.300000 2.355000 0.737010 -0.300000 2.362500 0.742500 -0.300000 2.367990 0.750000 -0.300000 2.370000 0.757500 -0.300000 2.367990 0.762990 -0.300000 2.362500 0.765000 -0.300000 2.355000 0.762990 -0.300000 2.347500 0.757500 -0.300000 2.342010 0.750000 0.300000 2.340000 0.742500 0.300000 2.342010 0.737010 0.300000 2.347500 0.735000 0.300000 2.355000 0.737010 0.300000 2.362500 0.742500 0.300000 2.367990 0.750000 0.300000 2.370000 0.757500 0.300000 2.367990 0.762990 0.300000 2.362500 0.765000 0.300000 2.355000 0.762990 0.300000 2.347500 0.757500 0.300000 2.342010 0.750000 -0.300000 2.355000 0.750000 0.300000 2.355000 -0.750000 -0.300000 2.620000 -0.757500 -0.300000 2.622010 -0.762990 -0.300000 2.627500 -0.765000 -0.300000 2.635000 -0.762990 -0.300000 2.642500 -0.757500 -0.300000 2.647990 -0.750000 -0.300000 2.650000 -0.742500 -0.300000 2.647990 -0.737010 -0.300000 2.642500 -0.735000 -0.300000 2.635000 -0.737010 -0.300000 2.627500 -0.742500 -0.300000 2.622010 -0.750000 0.300000 2.620000 -0.757500 0.300000 2.622010 -0.762990 0.300000 2.627500 -0.765000 0.300000 2.635000 -0.762990 0.300000 2.642500 -0.757500 0.300000 2.647990 -0.750000 0.300000 2.650000 -0.742500 0.300000 2.647990 -0.737010 0.300000 2.642500 -0.735000 0.300000 2.635000 -0.737010 0.300000 2.627500 -0.742500 0.300000 2.622010 -0.750000 -0.300000 2.635000 -0.750000 0.300000 2.635000 0.750000 -0.300000 2.620000 0.742500 -0.300000 2.622010 0.737010 -0.300000 2.627500 0.735000 -0.300000 2.635000 0.737010 -0.300000 2.642500 0.742500 -0.300000 2.647990 0.750000 -0.300000 2.650000 0.757500 -0.300000 2.647990 0.762990 -0.300000 2.642500 0.765000 -0.300000 2.635000 0.762990 -0.300000 2.627500 0.757500 -0.300000 2.622010 0.750000 0.300000 2.620000 0.742500 0.300000 2.622010 0.737010 0.300000 2.627500 0.735000 0.300000 2.635000 0.737010 0.300000 2.642500 0.742500 0.300000 2.647990 0.750000 0.300000 2.650000 0.757500 0.300000 2.647990 0.762990 0.300000 2.642500 0.765000 0.300000 2.635000 0.762990 0.300000 2.627500 0.757500 0.300000 2.622010 0.750000 -0.300000 2.635000 0.750000 0.300000 2.635000 -0.750000 -0.300000 2.900000 -0.757500 -0.300000 2.902010 -0.762990 -0.300000 2.907500 -0.765000 -0.300000 2.915000 -0.762990 -0.300000 2.922500 -0.757500 -0.300000 2.927990 -0.750000 -0.300000 2.930000 -0.742500 -0.300000 2.927990 -0.737010 -0.300000 2.922500 -0.735000 -0.300000 2.915000 -0.737010 -0.300000 2.907500 -0.742500 -0.300000 2.902010 -0.750000 0.300000 2.900000 -0.757500 0.300000 2.902010 -0.762990 0.300000 2.907500 -0.765000 0.300000 2.915000 -0.762990 0.300000 2.922500 -0.757500 0.300000 2.927990 -0.750000 0.300000 2.930000 -0.742500 0.300000 2.927990 -0.737010 0.300000 2.922500 -0.735000 0.300000 2.915000 -0.737010 0.300000 2.907500 -0.742500 0.300000 2.902010 -0.750000 -0.300000 2.915000 -0.750000 0.300000 2.915000 0.750000 -0.300000 2.900000 0.742500 -0.300000 2.902010 0.737010 -0.300000 2.907500 0.735000 -0.300000 2.915000 0.737010 -0.300000 2.922500 0.742500 -0.300000 2.927990 0.750000 -0.300000 2.930000 0.757500 -0.300000 2.927990 0.762990 -0.300000 2.922500 0.765000 -0.300000 2.915000 0.762990 -0.300000 2.907500 0.757500 -0.300000 2.902010 0.750000 0.300000 2.900000 0.742500 0.300000 2.902010 0.737010 0.300000 2.907500 0.735000 0.300000 2.915000 0.737010 0.300000 2.922500 0.742500 0.300000 2.927990 0.750000 0.300000 2.930000 0.757500 0.300000 2.927990 0.762990 0.300000 2.922500 0.765000 0.300000 2.915000 0.762990 0.300000 2.907500 0.757500 0.300000 2.902010 0.750000 -0.300000 2.915000 0.750000 0.300000 2.915000 -0.750000 -0.300000 3.180000 -0.757500 -0.300000 3.182010 -0.762990 -0.300000 3.187500 -0.765000 -0.300000 3.195000 -0.762990 -0.300000 3.202500 -0.757500 -0.300000 3.207990 -0.750000 -0.300000 3.210000 -0.742500 -0.300000 3.207990 -0.737010 -0.300000 3.202500 -0.735000 -0.300000 3.195000 -0.737010 -0.300000 3.187500 -0.742500 -0.300000 3.182010 -0.750000 0.300000 3.180000 -0.757500 0.300000 3.182010 -0.762990 0.300000 3.187500 -0.765000 0.300000 3.195000 -0.762990 0.300000 3.202500 -0.757500 0.300000 3.207990 -0.750000 0.300000 3.210000 -0.742500 0.300000 3.207990 -0.737010 0.300000 3.202500 -0.735000 0.300000 3.195000 -0.737010 0.300000 3.187500 -0.742500 0.300000 3.182010 -0.750000 -0.300000 3.195000 -0.750000 0.300000 3.195000 0.750000 -0.300000 3.180000 0.742500 -0.300000 3.182010 0.737010 -0.300000 3.187500 0.735000 -0.300000 3.195000 0.737010 -0.300000 3.202500 0.742500 -0.300000 3.207990 0.750000 -0.300000 3.210000 0.757500 -0.300000 3.207990 0.762990 -0.300000 3.202500 0.765000 -0.300000 3.195000 0.762990 -0.300000 3.187500 0.757500 -0.300000 3.182010 0.750000 0.300000 3.180000 0.742500 0.300000 3.182010 0.737010 0.300000 3.187500 0.735000 0.300000 3.195000 0.737010 0.300000 3.202500 0.742500 0.300000 3.207990 0.750000 0.300000 3.210000 0.757500 0.300000 3.207990 0.762990 0.300000 3.202500 0.765000 0.300000 3.195000 0.762990 0.300000 3.187500 0.757500 0.300000 3.182010 0.750000 -0.300000 3.195000 0.750000 0.300000 3.195000 -0.750000 -0.300000 3.460000 -0.757500 -0.300000 3.462010 -0.762990 -0.300000 3.467500 -0.765000 -0.300000 3.475000 -0.762990 -0.300000 3.482500 -0.757500 -0.300000 3.487990 -0.750000 -0.300000 3.490000 -0.742500 -0.300000 3.487990 -0.737010 -0.300000 3.482500 -0.735000 -0.300000 3.475000 -0.737010 -0.300000 3.467500 -0.742500 -0.300000 3.462010 -0.750000 0.300000 3.460000 -0.757500 0.300000 3.462010 -0.762990 0.300000 3.467500 -0.765000 0.300000 3.475000 -0.762990 0.300000 3.482500 -0.757500 0.300000 3.487990 -0.750000 0.300000 3.490000 -0.742500 0.300000 3.487990 -0.737010 0.300000 3.482500 -0.735000 0.300000 3.475000 -0.737010 0.300000 3.467500 -0.742500 0.300000 3.462010 -0.750000 -0.300000 3.475000 -0.750000 0.300000 3.475000 0.750000 -0.300000 3.460000 0.742500 -0.300000 3.462010 0.737010 -0.300000 3.467500 0.735000 -0.300000 3.475000 0.737010 -0.300000 3.482500 0.742500 -0.300000 3.487990 0.750000 -0.300000 3.490000 0.757500 -0.300000 3.487990 0.762990 -0.300000 3.482500 0.765000 -0.300000 3.475000 0.762990 -0.300000 3.467500 0.757500 -0.300000 3.462010 0.750000 0.300000 3.460000 0.742500 0.300000 3.462010 0.737010 0.300000 3.467500 0.735000 0.300000 3.475000 0.737010 0.300000 3.482500 0.742500 0.300000 3.487990 0.750000 0.300000 3.490000 0.757500 0.300000 3.487990 0.762990 0.300000 3.482500 0.765000 0.300000 3.475000 0.762990 0.300000 3.467500 0.757500 0.300000 3.462010 0.750000 -0.300000 3.475000 0.750000 0.300000 3.475000 -0.750000 -0.300000 3.740000 -0.757500 -0.300000 3.742010 -0.762990 -0.300000 3.747500 -0.765000 -0.300000 3.755000 -0.762990 -0.300000 3.762500 -0.757500 -0.300000 3.767990 -0.750000 -0.300000 3.770000 -0.742500 -0.300000 3.767990 -0.737010 -0.300000 3.762500 -0.735000 -0.300000 3.755000 -0.737010 -0.300000 3.747500 -0.742500 -0.300000 3.742010 -0.750000 0.300000 3.740000 -0.757500 0.300000 3.742010 -0.762990 0.300000 3.747500 -0.765000 0.300000 3.755000 -0.762990 0.300000 3.762500 -0.757500 0.300000 3.767990 -0.750000 0.300000 3.770000 -0.742500 0.300000 3.767990 -0.737010 0.300000 3.762500 -0.735000 0.300000 3.755000 -0.737010 0.300000 3.747500 -0.742500 0.300000 3.742010 -0.750000 -0.300000 3.755000 -0.750000 0.300000 3.755000 0.750000 -0.300000 3.740000 0.742500 -0.300000 3.742010 0.737010 -0.300000 3.747500 0.735000 -0.300000 3.755000 0.737010 -0.300000 3.762500 0.742500 -0.300000 3.767990 0.750000 -0.300000 3.770000 0.757500 -0.300000 3.767990 0.762990 -0.300000 3.762500 0.765000 -0.300000 3.755000 0.762990 -0.300000 3.747500 0.757500 -0.300000 3.742010 0.750000 0.300000 3.740000 0.742500 0.300000 3.742010 0.737010 0.300000 3.747500 0.735000 0.300000 3.755000 0.737010 0.300000 3.762500 0.742500 0.300000 3.767990 0.750000 0.300000 3.770000 0.757500 0.300000 3.767990 0.762990 0.300000 3.762500 0.765000 0.300000 3.755000 0.762990 0.300000 3.747500 0.757500 0.300000 3.742010 0.750000 -0.300000 3.755000 0.750000 0.300000 3.755000 -0.750000 -0.300000 0.232500 -0.750000 -0.293750 0.234170 -0.750000 -0.289170 0.238750 -0.750000 -0.287500 0.245000 -0.750000 -0.289170 0.251250 -0.750000 -0.293750 0.255830 -0.750000 -0.300000 0.257500 -0.750000 -0.306250 0.255830 -0.750000 -0.310830 0.251250 -0.750000 -0.312500 0.245000 -0.750000 -0.310830 0.238750 -0.750000 -0.306250 0.234170 0.750000 -0.300000 0.232500 0.750000 -0.293750 0.234170 0.750000 -0.289170 0.238750 0.750000 -0.287500 0.245000 0.750000 -0.289170 0.251250 0.750000 -0.293750 0.255830 0.750000 -0.300000 0.257500 0.750000 -0.306250 0.255830 0.750000 -0.310830 0.251250 0.750000 -0.312500 0.245000 0.750000 -0.310830 0.238750 0.750000 -0.306250 0.234170 -0.750000 -0.300000 0.245000 0.750000 -0.300000 0.245000 -0.750000 0.300000 0.232500 -0.750000 0.306250 0.234170 -0.750000 0.310830 0.238750 -0.750000 0.312500 0.245000 -0.750000 0.310830 0.251250 -0.750000 0.306250 0.255830 -0.750000 0.300000 0.257500 -0.750000 0.293750 0.255830 -0.750000 0.289170 0.251250 -0.750000 0.287500 0.245000 -0.750000 0.289170 0.238750 -0.750000 0.293750 0.234170 0.750000 0.300000 0.232500 0.750000 0.306250 0.234170 0.750000 0.310830 0.238750 0.750000 0.312500 0.245000 0.750000 0.310830 0.251250 0.750000 0.306250 0.255830 0.750000 0.300000 0.257500 0.750000 0.293750 0.255830 0.750000 0.289170 0.251250 0.750000 0.287500 0.245000 0.750000 0.289170 0.238750 0.750000 0.293750 0.234170 -0.750000 0.300000 0.245000 0.750000 0.300000 0.245000 -0.750000 -0.300000 1.537500 -0.750000 -0.293750 1.539170 -0.750000 -0.289170 1.543750 -0.750000 -0.287500 1.550000 -0.750000 -0.289170 1.556250 -0.750000 -0.293750 1.560830 -0.750000 -0.300000 1.562500 -0.750000 -0.306250 1.560830 -0.750000 -0.310830 1.556250 -0.750000 -0.312500 1.550000 -0.750000 -0.310830 1.543750 -0.750000 -0.306250 1.539170 0.750000 -0.300000 1.537500 0.750000 -0.293750 1.539170 0.750000 -0.289170 1.543750 0.750000 -0.287500 1.550000 0.750000 -0.289170 1.556250 0.750000 -0.293750 1.560830 0.750000 -0.300000 1.562500 0.750000 -0.306250 1.560830 0.750000 -0.310830 1.556250 0.750000 -0.312500 1.550000 0.750000 -0.310830 1.543750 0.750000 -0.306250 1.539170 -0.750000 -0.300000 1.550000 0.750000 -0.300000 1.550000 -0.750000 0.300000 1.537500 -0.750000 0.306250 1.539170 -0.750000 0.310830 1.543750 -0.750000 0.312500 1.550000 -0.750000 0.310830 1.556250 -0.750000 0.306250 1.560830 -0.750000 0.300000 1.562500 -0.750000 0.293750 1.560830 -0.750000 0.289170 1.556250 -0.750000 0.287500 1.550000 -0.750000 0.289170 1.543750 -0.750000 0.293750 1.539170 0.750000 0.300000 1.537500 0.750000 0.306250 1.539170 0.750000 0.310830 1.543750 0.750000 0.312500 1.550000 0.750000 0.310830 1.556250 0.750000 0.306250 1.560830 0.750000 0.300000 1.562500 0.750000 0.293750 1.560830 0.750000 0.289170 1.556250 0.750000 0.287500 1.550000 0.750000 0.289170 1.543750 0.750000 0.293750 1.539170 -0.750000 0.300000 1.550000 0.750000 0.300000 1.550000 -0.750000 -0.300000 2.987500 -0.750000 -0.293750 2.989170 -0.750000 -0.289170 2.993750 -0.750000 -0.287500 3.000000 -0.750000 -0.289170 3.006250 -0.750000 -0.293750 3.010830 -0.750000 -0.300000 3.012500 -0.750000 -0.306250 3.010830 -0.750000 -0.310830 3.006250 -0.750000 -0.312500 3.000000 -0.750000 -0.310830 2.993750 -0.750000 -0.306250 2.989170 0.750000 -0.300000 2.987500 0.750000 -0.293750 2.989170 0.750000 -0.289170 2.993750 0.750000 -0.287500 3.000000 0.750000 -0.289170 3.006250 0.750000 -0.293750 3.010830 0.750000 -0.300000 3.012500 0.750000 -0.306250 3.010830 0.750000 -0.310830 3.006250 0.750000 -0.312500 3.000000 0.750000 -0.310830 2.993750 0.750000 -0.306250 2.989170 -0.750000 -0.300000 3.000000 0.750000 -0.300000 3.000000 -0.750000 0.300000 2.987500 -0.750000 0.306250 2.989170 -0.750000 0.310830 2.993750 -0.750000 0.312500 3.000000 -0.750000 0.310830 3.006250 -0.750000 0.306250 3.010830 -0.750000 0.300000 3.012500 -0.750000 0.293750 3.010830 -0.750000 0.289170 3.006250 -0.750000 0.287500 3.000000 -0.750000 0.289170 2.993750 -0.750000 0.293750 2.989170 0.750000 0.300000 2.987500 0.750000 0.306250 2.989170 0.750000 0.310830 2.993750 0.750000 0.312500 3.000000 0.750000 0.310830 3.006250 0.750000 0.306250 3.010830 0.750000 0.300000 3.012500 0.750000 0.293750 3.010830 0.750000 0.289170 3.006250 0.750000 0.287500 3.000000 0.750000 0.289170 2.993750 0.750000 0.293750 2.989170 -0.750000 0.300000 3.000000 0.750000 0.300000 3.000000 -0.750000 -0.300000 3.987500 -0.750000 -0.293750 3.989170 -0.750000 -0.289170 3.993750 -0.750000 -0.287500 4.000000 -0.750000 -0.289170 4.006250 -0.750000 -0.293750 4.010830 -0.750000 -0.300000 4.012500 -0.750000 -0.306250 4.010830 -0.750000 -0.310830 4.006250 -0.750000 -0.312500 4.000000 -0.750000 -0.310830 3.993750 -0.750000 -0.306250 3.989170 0.750000 -0.300000 3.987500 0.750000 -0.293750 3.989170 0.750000 -0.289170 3.993750 0.750000 -0.287500 4.000000 0.750000 -0.289170 4.006250 0.750000 -0.293750 4.010830 0.750000 -0.300000 4.012500 0.750000 -0.306250 4.010830 0.750000 -0.310830 4.006250 0.750000 -0.312500 4.000000 0.750000 -0.310830 3.993750 0.750000 -0.306250 3.989170 -0.750000 -0.300000 4.000000 0.750000 -0.300000 4.000000 -0.750000 0.300000 3.987500 -0.750000 0.306250 3.989170 -0.750000 0.310830 3.993750 -0.750000 0.312500 4.000000 -0.750000 0.310830 4.006250 -0.750000 0.306250 4.010830 -0.750000 0.300000 4.012500 -0.750000 0.293750 4.010830 -0.750000 0.289170 4.006250 -0.750000 0.287500 4.000000 -0.750000 0.289170 3.993750 -0.750000 0.293750 3.989170 0.750000 0.300000 3.987500 0.750000 0.306250 3.989170 0.750000 0.310830 3.993750 0.750000 0.312500 4.000000 0.750000 0.310830 4.006250 0.750000 0.306250 4.010830 0.750000 0.300000 4.012500 0.750000 0.293750 4.010830 0.750000 0.289170 4.006250 0.750000 0.287500 4.000000 0.750000 0.289170 3.993750 0.750000 0.293750 3.989170 -0.750000 0.300000 4.000000 0.750000 0.300000 4.000000 -0.741800 -0.300000 0.235570 -0.742890 -0.293750 0.236830 -0.745900 -0.289170 0.240280 -0.750000 -0.287500 0.245000 -0.754100 -0.289170 0.249720 -0.757110 -0.293750 0.253170 -0.758200 -0.300000 0.254430 -0.757110 -0.306250 0.253170 -0.754100 -0.310830 0.249720 -0.750000 -0.312500 0.245000 -0.745900 -0.310830 0.240280 -0.742890 -0.306250 0.236830 0.758200 -0.300000 1.540570 0.757110 -0.293750 1.541830 0.754100 -0.289170 1.545280 0.750000 -0.287500 1.550000 0.745900 -0.289170 1.554720 0.742890 -0.293750 1.558170 0.741800 -0.300000 1.559430 0.742890 -0.306250 1.558170 0.745900 -0.310830 1.554720 0.750000 -0.312500 1.550000 0.754100 -0.310830 1.545280 0.757110 -0.306250 1.541830 -0.750000 -0.300000 0.245000 0.750000 -0.300000 1.550000 -0.758200 -0.300000 1.540570 -0.757110 -0.293750 1.541830 -0.754100 -0.289170 1.545280 -0.750000 -0.287500 1.550000 -0.745900 -0.289170 1.554720 -0.742890 -0.293750 1.558170 -0.741800 -0.300000 1.559430 -0.742890 -0.306250 1.558170 -0.745900 -0.310830 1.554720 -0.750000 -0.312500 1.550000 -0.754100 -0.310830 1.545280 -0.757110 -0.306250 1.541830 0.741800 -0.300000 0.235570 0.742890 -0.293750 0.236830 0.745900 -0.289170 0.240280 0.750000 -0.287500 0.245000 0.754100 -0.289170 0.249720 0.757110 -0.293750 0.253170 0.758200 -0.300000 0.254430 0.757110 -0.306250 0.253170 0.754100 -0.310830 0.249720 0.750000 -0.312500 0.245000 0.745900 -0.310830 0.240280 0.742890 -0.306250 0.236830 -0.750000 -0.300000 1.550000 0.750000 -0.300000 0.245000 -0.741800 0.300000 0.235570 -0.742890 0.306250 0.236830 -0.745900 0.310830 0.240280 -0.750000 0.312500 0.245000 -0.754100 0.310830 0.249720 -0.757110 0.306250 0.253170 -0.758200 0.300000 0.254430 -0.757110 0.293750 0.253170 -0.754100 0.289170 0.249720 -0.750000 0.287500 0.245000 -0.745900 0.289170 0.240280 -0.742890 0.293750 0.236830 0.758200 0.300000 1.540570 0.757110 0.306250 1.541830 0.754100 0.310830 1.545280 0.750000 0.312500 1.550000 0.745900 0.310830 1.554720 0.742890 0.306250 1.558170 0.741800 0.300000 1.559430 0.742890 0.293750 1.558170 0.745900 0.289170 1.554720 0.750000 0.287500 1.550000 0.754100 0.289170 1.545280 0.757110 0.293750 1.541830 -0.750000 0.300000 0.245000 0.750000 0.300000 1.550000 -0.758200 0.300000 1.540570 -0.757110 0.306250 1.541830 -0.754100 0.310830 1.545280 -0.750000 0.312500 1.550000 -0.745900 0.310830 1.554720 -0.742890 0.306250 1.558170 -0.741800 0.300000 1.559430 -0.742890 0.293750 1.558170 -0.745900 0.289170 1.554720 -0.750000 0.287500 1.550000 -0.754100 0.289170 1.545280 -0.757110 0.293750 1.541830 0.741800 0.300000 0.235570 0.742890 0.306250 0.236830 0.745900 0.310830 0.240280 0.750000 0.312500 0.245000 0.754100 0.310830 0.249720 0.757110 0.306250 0.253170 0.758200 0.300000 0.254430 0.757110 0.293750 0.253170 0.754100 0.289170 0.249720 0.750000 0.287500 0.245000 0.745900 0.289170 0.240280 0.742890 0.293750 0.236830 -0.750000 0.300000 1.550000 0.750000 0.300000 0.245000 -0.741310 -0.300000 1.541010 -0.742480 -0.293750 1.542220 -0.745660 -0.289170 1.545510 -0.750000 -0.287500 1.550000 -0.754340 -0.289170 1.554490 -0.757520 -0.293750 1.557780 -0.758690 -0.300000 1.558990 -0.757520 -0.306250 1.557780 -0.754340 -0.310830 1.554490 -0.750000 -0.312500 1.550000 -0.745660 -0.310830 1.545510 -0.742480 -0.306250 1.542220 0.758690 -0.300000 2.991010 0.757520 -0.293750 2.992220 0.754340 -0.289170 2.995510 0.750000 -0.287500 3.000000 0.745660 -0.289170 3.004490 0.742480 -0.293750 3.007780 0.741310 -0.300000 3.008990 0.742480 -0.306250 3.007780 0.745660 -0.310830 3.004490 0.750000 -0.312500 3.000000 0.754340 -0.310830 2.995510 0.757520 -0.306250 2.992220 -0.750000 -0.300000 1.550000 0.750000 -0.300000 3.000000 -0.758690 -0.300000 2.991010 -0.757520 -0.293750 2.992220 -0.754340 -0.289170 2.995510 -0.750000 -0.287500 3.000000 -0.745660 -0.289170 3.004490 -0.742480 -0.293750 3.007780 -0.741310 -0.300000 3.008990 -0.742480 -0.306250 3.007780 -0.745660 -0.310830 3.004490 -0.750000 -0.312500 3.000000 -0.754340 -0.310830 2.995510 -0.757520 -0.306250 2.992220 0.741310 -0.300000 1.541010 0.742480 -0.293750 1.542220 0.745660 -0.289170 1.545510 0.750000 -0.287500 1.550000 0.754340 -0.289170 1.554490 0.757520 -0.293750 1.557780 0.758690 -0.300000 1.558990 0.757520 -0.306250 1.557780 0.754340 -0.310830 1.554490 0.750000 -0.312500 1.550000 0.745660 -0.310830 1.545510 0.742480 -0.306250 1.542220 -0.750000 -0.300000 3.000000 0.750000 -0.300000 1.550000 -0.741310 0.300000 1.541010 -0.742480 0.306250 1.542220 -0.745660 0.310830 1.545510 -0.750000 0.312500 1.550000 -0.754340 0.310830 1.554490 -0.757520 0.306250 1.557780 -0.758690 0.300000 1.558990 -0.757520 0.293750 1.557780 -0.754340 0.289170 1.554490 -0.750000 0.287500 1.550000 -0.745660 0.289170 1.545510 -0.742480 0.293750 1.542220 0.758690 0.300000 2.991010 0.757520 0.306250 2.992220 0.754340 0.310830 2.995510 0.750000 0.312500 3.000000 0.745660 0.310830 3.004490 0.742480 0.306250 3.007780 0.741310 0.300000 3.008990 0.742480 0.293750 3.007780 0.745660 0.289170 3.004490 0.750000 0.287500 3.000000 0.754340 0.289170 2.995510 0.757520 0.293750 2.992220 -0.750000 0.300000 1.550000 0.750000 0.300000 3.000000 -0.758690 0.300000 2.991010 -0.757520 0.306250 2.992220 -0.754340 0.310830 2.995510 -0.750000 0.312500 3.000000 -0.745660 0.310830 3.004490 -0.742480 0.306250 3.007780 -0.741310 0.300000 3.008990 -0.742480 0.293750 3.007780 -0.745660 0.289170 3.004490 -0.750000 0.287500 3.000000 -0.754340 0.289170 2.995510 -0.757520 0.293750 2.992220 0.741310 0.300000 1.541010 0.742480 0.306250 1.542220 0.745660 0.310830 1.545510 0.750000 0.312500 1.550000 0.754340 0.310830 1.554490 0.757520 0.306250 1.557780 0.758690 0.300000 1.558990 0.757520 0.293750 1.557780 0.754340 0.289170 1.554490 0.750000 0.287500 1.550000 0.745660 0.289170 1.545510 0.742480 0.293750 1.542220 -0.750000 0.300000 3.000000 0.750000 0.300000 1.550000 -0.750000 -0.300000 4.132500 -0.750000 -0.291250 4.134840 -0.750000 -0.284840 4.141250 -0.750000 -0.282500 4.150000 -0.750000 -0.284840 4.158750 -0.750000 -0.291250 4.165160 -0.750000 -0.300000 4.167500 -0.750000 -0.308750 4.165160 -0.750000 -0.315160 4.158750 -0.750000 -0.317500 4.150000 -0.750000 -0.315160 4.141250 -0.750000 -0.308750 4.134840 0.750000 -0.300000 4.132500 0.750000 -0.291250 4.134840 0.750000 -0.284840 4.141250 0.750000 -0.282500 4.150000 0.750000 -0.284840 4.158750 0.750000 -0.291250 4.165160 0.750000 -0.300000 4.167500 0.750000 -0.308750 4.165160 0.750000 -0.315160 4.158750 0.750000 -0.317500 4.150000 0.750000 -0.315160 4.141250 0.750000 -0.308750 4.134840 -0.750000 -0.300000 4.150000 0.750000 -0.300000 4.150000 -0.750000 0.300000 4.132500 -0.750000 0.308750 4.134840 -0.750000 0.315160 4.141250 -0.750000 0.317500 4.150000 -0.750000 0.315160 4.158750 -0.750000 0.308750 4.165160 -0.750000 0.300000 4.167500 -0.750000 0.291250 4.165160 -0.750000 0.284840 4.158750 -0.750000 0.282500 4.150000 -0.750000 0.284840 4.141250 -0.750000 0.291250 4.134840 0.750000 0.300000 4.132500 0.750000 0.308750 4.134840 0.750000 0.315160 4.141250 0.750000 0.317500 4.150000 0.750000 0.315160 4.158750 0.750000 0.308750 4.165160 0.750000 0.300000 4.167500 0.750000 0.291250 4.165160 0.750000 0.284840 4.158750 0.750000 0.282500 4.150000 0.750000 0.284840 4.141250 0.750000 0.291250 4.134840 -0.750000 0.300000 4.150000 0.750000 0.300000 4.150000 -0.750000 -0.300000 4.132500 -0.758750 -0.300000 4.134840 -0.765160 -0.300000 4.141250 -0.767500 -0.300000 4.150000 -0.765160 -0.300000 4.158750 -0.758750 -0.300000 4.165160 -0.750000 -0.300000 4.167500 -0.741250 -0.300000 4.165160 -0.734840 -0.300000 4.158750 -0.732500 -0.300000 4.150000 -0.734840 -0.300000 4.141250 -0.741250 -0.300000 4.134840 -0.750000 0.300000 4.132500 -0.758750 0.300000 4.134840 -0.765160 0.300000 4.141250 -0.767500 0.300000 4.150000 -0.765160 0.300000 4.158750 -0.758750 0.300000 4.165160 -0.750000 0.300000 4.167500 -0.741250 0.300000 4.165160 -0.734840 0.300000 4.158750 -0.732500 0.300000 4.150000 -0.734840 0.300000 4.141250 -0.741250 0.300000 4.134840 -0.750000 -0.300000 4.150000 -0.750000 0.300000 4.150000 0.750000 -0.300000 4.132500 0.741250 -0.300000 4.134840 0.734840 -0.300000 4.141250 0.732500 -0.300000 4.150000 0.734840 -0.300000 4.158750 0.741250 -0.300000 4.165160 0.750000 -0.300000 4.167500 0.758750 -0.300000 4.165160 0.765160 -0.300000 4.158750 0.767500 -0.300000 4.150000 0.765160 -0.300000 4.141250 0.758750 -0.300000 4.134840 0.750000 0.300000 4.132500 0.741250 0.300000 4.134840 0.734840 0.300000 4.141250 0.732500 0.300000 4.150000 0.734840 0.300000 4.158750 0.741250 0.300000 4.165160 0.750000 0.300000 4.167500 0.758750 0.300000 4.165160 0.765160 0.300000 4.158750 0.767500 0.300000 4.150000 0.765160 0.300000 4.141250 0.758750 0.300000 4.134840 0.750000 -0.300000 4.150000 0.750000 0.300000 4.150000 -0.750000 -0.300000 3.532500 -0.750000 -0.291250 3.534840 -0.750000 -0.284840 3.541250 -0.750000 -0.282500 3.550000 -0.750000 -0.284840 3.558750 -0.750000 -0.291250 3.565160 -0.750000 -0.300000 3.567500 -0.750000 -0.308750 3.565160 -0.750000 -0.315160 3.558750 -0.750000 -0.317500 3.550000 -0.750000 -0.315160 3.541250 -0.750000 -0.308750 3.534840 0.750000 -0.300000 3.532500 0.750000 -0.291250 3.534840 0.750000 -0.284840 3.541250 0.750000 -0.282500 3.550000 0.750000 -0.284840 3.558750 0.750000 -0.291250 3.565160 0.750000 -0.300000 3.567500 0.750000 -0.308750 3.565160 0.750000 -0.315160 3.558750 0.750000 -0.317500 3.550000 0.750000 -0.315160 3.541250 0.750000 -0.308750 3.534840 -0.750000 -0.300000 3.550000 0.750000 -0.300000 3.550000 -0.750000 0.300000 3.532500 -0.750000 0.308750 3.534840 -0.750000 0.315160 3.541250 -0.750000 0.317500 3.550000 -0.750000 0.315160 3.558750 -0.750000 0.308750 3.565160 -0.750000 0.300000 3.567500 -0.750000 0.291250 3.565160 -0.750000 0.284840 3.558750 -0.750000 0.282500 3.550000 -0.750000 0.284840 3.541250 -0.750000 0.291250 3.534840 0.750000 0.300000 3.532500 0.750000 0.308750 3.534840 0.750000 0.315160 3.541250 0.750000 0.317500 3.550000 0.750000 0.315160 3.558750 0.750000 0.308750 3.565160 0.750000 0.300000 3.567500 0.750000 0.291250 3.565160 0.750000 0.284840 3.558750 0.750000 0.282500 3.550000 0.750000 0.284840 3.541250 0.750000 0.291250 3.534840 -0.750000 0.300000 3.550000 0.750000 0.300000 3.550000 -0.750000 -0.300000 3.532500 -0.758750 -0.300000 3.534840 -0.765160 -0.300000 3.541250 -0.767500 -0.300000 3.550000 -0.765160 -0.300000 3.558750 -0.758750 -0.300000 3.565160 -0.750000 -0.300000 3.567500 -0.741250 -0.300000 3.565160 -0.734840 -0.300000 3.558750 -0.732500 -0.300000 3.550000 -0.734840 -0.300000 3.541250 -0.741250 -0.300000 3.534840 -0.750000 0.300000 3.532500 -0.758750 0.300000 3.534840 -0.765160 0.300000 3.541250 -0.767500 0.300000 3.550000 -0.765160 0.300000 3.558750 -0.758750 0.300000 3.565160 -0.750000 0.300000 3.567500 -0.741250 0.300000 3.565160 -0.734840 0.300000 3.558750 -0.732500 0.300000 3.550000 -0.734840 0.300000 3.541250 -0.741250 0.300000 3.534840 -0.750000 -0.300000 3.550000 -0.750000 0.300000 3.550000 0.750000 -0.300000 3.532500 0.741250 -0.300000 3.534840 0.734840 -0.300000 3.541250 0.732500 -0.300000 3.550000 0.734840 -0.300000 3.558750 0.741250 -0.300000 3.565160 0.750000 -0.300000 3.567500 0.758750 -0.300000 3.565160 0.765160 -0.300000 3.558750 0.767500 -0.300000 3.550000 0.765160 -0.300000 3.541250 0.758750 -0.300000 3.534840 0.750000 0.300000 3.532500 0.741250 0.300000 3.534840 0.734840 0.300000 3.541250 0.732500 0.300000 3.550000 0.734840 0.300000 3.558750 0.741250 0.300000 3.565160 0.750000 0.300000 3.567500 0.758750 0.300000 3.565160 0.765160 0.300000 3.558750 0.767500 0.300000 3.550000 0.765160 0.300000 3.541250 0.758750 0.300000 3.534840 0.750000 -0.300000 3.550000 0.750000 0.300000 3.550000</float_array>
        <technique_common>
          <accessor source="#alu-pos-array" count="1508" stride="3"><param name="X" type="float"/><param name="Y" type="float"/><param name="Z" type="float"/></accessor>
        </technique_common>
      </source>
      <source id="alu-nrm">
        <float_array id="alu-nrm-array" count="8352">0.314765 0.254084 -0.914529 0.314765 0.254084 -0.914529 0.184963 0.928608 0.321677 -0.184963 -0.928608 -0.321677 0.737815 0.084593 -0.669681 0.737815 0.084593 -0.669681 0.185789 0.928277 0.322156 -0.185789 -0.928277 -0.322156 0.963629 -0.107981 -0.244456 0.963629 -0.107981 -0.244456 0.185594 0.928443 0.321789 -0.185594 -0.928443 -0.321789 0.930805 -0.271138 0.245125 0.930805 -0.271138 0.245125 0.185597 0.928459 0.321742 -0.185597 -0.928459 -0.321742 0.648852 -0.361823 0.669384 0.648852 -0.361823 0.669384 0.185306 0.928365 0.322179 -0.185306 -0.928365 -0.322179 0.193027 -0.355625 0.914479 0.193027 -0.355625 0.914479 0.186240 0.928352 0.321677 -0.186240 -0.928352 -0.321677 -0.314765 -0.254084 0.914529 -0.314765 -0.254084 0.914529 0.184963 0.928608 0.321677 -0.184963 -0.928608 -0.321677 -0.737815 -0.084593 0.669681 -0.737815 -0.084593 0.669681 0.185789 0.928277 0.322156 -0.185789 -0.928277 -0.322156 -0.963629 0.107981 0.244456 -0.963629 0.107981 0.244456 0.185594 0.928443 0.321789 -0.185594 -0.928443 -0.321789 -0.930805 0.271138 -0.245125 -0.930805 0.271138 -0.245125 0.185597 0.928459 0.321742 -0.185597 -0.928459 -0.321742 -0.648852 0.361823 -0.669384 -0.648852 0.361823 -0.669384 0.185306 0.928365 0.322179 -0.185306 -0.928365 -0.322179 -0.193027 0.355625 -0.914479 -0.193027 0.355625 -0.914479 0.186240 0.928352 0.321677 -0.186240 -0.928352 -0.321677 -0.193027 -0.355625 -0.914479 -0.193027 -0.355625 -0.914479 0.186240 -0.928352 0.321677 -0.186240 0.928352 -0.321677 -0.648852 -0.361823 -0.669384 -0.648852 -0.361823 -0.669384 0.185306 -0.928365 0.322179 -0.185306 0.928365 -0.322179 -0.930805 -0.271138 -0.245125 -0.930805 -0.271138 -0.245125 0.185597 -0.928459 0.321742 -0.185597 0.928459 -0.321742 -0.963629 -0.107981 0.244456 -0.963629 -0.107981 0.244456 0.185594 -0.928443 0.321789 -0.185594 0.928443 -0.321789 -0.737815 0.084593 0.669681 -0.737815 0.084593 0.669681 0.185789 -0.928277 0.322156 -0.185789 0.928277 -0.322156 -0.314765 0.254084 0.914529 -0.314765 0.254084 0.914529 0.184963 -0.928608 0.321677 -0.184963 0.928608 -0.321677 0.193027 0.355625 0.914479 0.193027 0.355625 0.914479 0.186240 -0.928352 0.321677 -0.186240 0.928352 -0.321677 0.648852 0.361823 0.669384 0.648852 0.361823 0.669384 0.185306 -0.928365 0.322179 -0.185306 0.928365 -0.322179 0.930805 0.271138 0.245125 0.930805 0.271138 0.245125 0.185597 -0.928459 0.321742 -0.185597 0.928459 -0.321742 0.963629 0.107981 -0.244456 0.963629 0.107981 -0.244456 0.185594 -0.928443 0.321789 -0.185594 0.928443 -0.321789 0.737815 -0.084593 -0.669681 0.737815 -0.084593 -0.669681 0.185789 -0.928277 0.322156 -0.185789 0.928277 -0.322156 0.314765 -0.254084 -0.914529 0.314765 -0.254084 -0.914529 0.184963 -0.928608 0.321677 -0.184963 0.928608 -0.321677 0.193027 0.355625 -0.914479 0.193027 0.355625 -0.914479 -0.186240 0.928352 0.321677 0.186240 -0.928352 -0.321677 0.648852 0.361823 -0.669384 0.648852 0.361823 -0.669384 -0.185306 0.928365 0.322179 0.185306 -0.928365 -0.322179 0.930805 0.271138 -0.245125 0.930805 0.271138 -0.245125 -0.185597 0.928459 0.321742 0.185597 -0.928459 -0.321742 0.963629 0.107981 0.244456 0.963629 0.107981 0.244456 -0.185594 0.928443 0.321789 0.185594 -0.928443 -0.321789 0.737815 -0.084593 0.669681 0.737815 -0.084593 0.669681 -0.185789 0.928277 0.322156 0.185789 -0.928277 -0.322156 0.314765 -0.254084 0.914529 0.314765 -0.254084 0.914529 -0.184963 0.928608 0.321677 0.184963 -0.928608 -0.321677 -0.193027 -0.355625 0.914479 -0.193027 -0.355625 0.914479 -0.186240 0.928352 0.321677 0.186240 -0.928352 -0.321677 -0.648852 -0.361823 0.669384 -0.648852 -0.361823 0.669384 -0.185306 0.928365 0.322179 0.185306 -0.928365 -0.322179 -0.930805 -0.271138 0.245125 -0.930805 -0.271138 0.245125 -0.185597 0.928459 0.321742 0.185597 -0.928459 -0.321742 -0.963629 -0.107981 -0.244456 -0.963629 -0.107981 -0.244456 -0.185594 0.928443 0.321789 0.185594 -0.928443 -0.321789 -0.737815 0.084593 -0.669681 -0.737815 0.084593 -0.669681 -0.185789 0.928277 0.322156 0.185789 -0.928277 -0.322156 -0.314765 0.254084 -0.914529 -0.314765 0.254084 -0.914529 -0.184963 0.928608 0.321677 0.184963 -0.928608 -0.321677 -0.314765 -0.254084 -0.914529 -0.314765 -0.254084 -0.914529 -0.184963 -0.928608 0.321677 0.184963 0.928608 -0.321677 -0.737815 -0.084593 -0.669681 -0.737815 -0.084593 -0.669681 -0.185789 -0.928277 0.322156 0.185789 0.928277 -0.322156 -0.963629 0.107981 -0.244456 -0.963629 0.107981 -0.244456 -0.185594 -0.928443 0.321789 0.185594 0.928443 -0.321789 -0.930805 0.271138 0.245125 -0.930805 0.271138 0.245125 -0.185597 -0.928459 0.321742 0.185597 0.928459 -0.321742 -0.648852 0.361823 0.669384 -0.648852 0.361823 0.669384 -0.185306 -0.928365 0.322179 0.185306 0.928365 -0.322179 -0.193027 0.355625 0.914479 -0.193027 0.355625 0.914479 -0.186240 -0.928352 0.321677 0.186240 0.928352 -0.321677 0.314765 0.254084 0.914529 0.314765 0.254084 0.914529 -0.184963 -0.928608 0.321677 0.184963 0.928608 -0.321677 0.737815 0.084593 0.669681 0.737815 0.084593 0.669681 -0.185789 -0.928277 0.322156 0.185789 0.928277 -0.322156 0.963629 -0.107981 0.244456 0.963629 -0.107981 0.244456 -0.185594 -0.928443 0.321789 0.185594 0.928443 -0.321789 0.930805 -0.271138 -0.245125 0.930805 -0.271138 -0.245125 -0.185597 -0.928459 0.321742 0.185597 0.928459 -0.321742 0.648852 -0.361823 -0.669384 0.648852 -0.361823 -0.669384 -0.185306 -0.928365 0.322179 0.185306 0.928365 -0.322179 0.193027 -0.355625 -0.914479 0.193027 -0.355625 -0.914479 -0.186240 -0.928352 0.321677 0.186240 0.928352 -0.321677 0.965914 0.258865 0.000000 0.965914 0.258865 -0.000000 0.000000 0.000000 -1.000000 0.000000 0.000000 1.000000 0.707107 0.707107 0.000000 0.707107 0.707107 -0.000000 0.000000 0.000000 -1.000000 0.000000 0.000000 1.000000 0.258865 0.965914 0.000000 0.258865 0.965914 -0.000000 0.000000 0.000000 -1.000000 0.000000 0.000000 1.000000 -0.258865 0.965914 0.000000 -0.258865 0.965914 0.000000 0.000000 0.000000 -1.000000 0.000000 -0.000000 1.000000 -0.707107 0.707107 0.000000 -0.707107 0.707107 0.000000 0.000000 0.000000 -1.000000 0.000000 0.000000 1.000000 -0.965914 0.258865 0.000000 -0.965914 0.258865 0.000000 0.000000 0.000000 -1.000000 0.000000 0.000000 1.000000 -0.965914 -0.258865 0.000000 -0.965914 -0.258865 0.000000 -0.000000 0.000000 -1.000000 0.000000 0.000000 1.000000 -0.707107 -0.707107 0.000000 -0.707107 -0.707107 0.000000 0.000000 0.000000 -1.000000 0.000000 0.000000 1.000000 -0.258865 -0.965914 0.000000 -0.258865 -0.965914 0.000000 0.000000 -0.000000 -1.000000 0.000000 0.000000 1.000000 0.258865 -0.965914 0.000000 0.258865 -0.965914 0.000000 0.000000 0.000000 -1.000000 0.000000 0.000000 1.000000 0.707107 -0.707107 0.000000 0.707107 -0.707107 0.000000 0.000000 0.000000 -1.000000 0.000000 0.000000 1.000000 0.965914 -0.258865 0.000000 0.965914 -0.258865 0.000000 0.000000 0.000000 -1.000000 -0.000000 0.000000 1.000000 0.965914 0.258865 0.000000 0.965914 0.258865 -0.000000 0.000000 0.000000 -1.000000 0.000000 0.000000 1.000000 0.707107 0.707107 0.000000 0.707107 0.707107 -0.000000 0.000000 0.000000 -1.000000 0.000000 0.000000 1.000000 0.258865 0.965914 0.000000 0.258865 0.965914 -0.000000 0.000000 0.000000 -1.000000 0.000000 0.000000 1.000000 -0.258865 0.965914 0.000000 -0.258865 0.965914 0.000000 0.000000 0.000000 -1.000000 0.000000 -0.000000 1.000000 -0.707107 0.707107 0.000000 -0.707107 0.707107 0.000000 0.000000 0.000000 -1.000000 0.000000 0.000000 1.000000 -0.965914 0.258865 0.000000 -0.965914 0.258865 0.000000 0.000000 0.000000 -1.000000 0.000000 0.000000 1.000000 -0.965914 -0.258865 0.000000 -0.965914 -0.258865 0.000000 -0.000000 0.000000 -1.000000 0.000000 0.000000 1.000000 -0.707107 -0.707107 0.000000 -0.707107 -0.707107 0.000000 0.000000 0.000000 -1.000000 0.000000 0.000000 1.000000 -0.258865 -0.965914 0.000000 -0.258865 -0.965914 0.000000 0.000000 -0.000000 -1.000000 0.000000 0.000000 1.000000 0.258865 -0.965914 0.000000 0.258865 -0.965914 0.000000 0.000000 0.000000 -1.000000 0.000000 0.000000 1.000000 0.707107 -0.707107 0.000000 0.707107 -0.707107 0.000000 0.000000 0.000000 -1.000000 0.000000 0.000000 1.000000 0.965914 -0.258865 0.000000 0.965914 -0.258865 0.000000 0.000000 0.000000 -1.000000 -0.000000 0.000000 1.000000 0.965914 0.258865 0.000000 0.965914 0.258865 -0.000000 0.000000 0.000000 -1.000000 0.000000 0.000000 1.000000 0.707107 0.707107 0.000000 0.707107 0.707107 -0.000000 0.000000 0.000000 -1.000000 0.000000 0.000000 1.000000 0.258865 0.965914 0.000000 0.258865 0.965914 -0.000000 0.000000 0.000000 -1.000000 0.000000 0.000000 1.000000 -0.258865 0.965914 0.000000 -0.258865 0.965914 0.000000 0.000000 0.000000 -1.000000 0.000000 -0.000000 1.000000 -0.707107 0.707107 0.000000 -0.707107 0.707107 0.000000 0.000000 0.000000 -1.000000 0.000000 0.000000 1.000000 -0.965914 0.258865 0.000000 -0.965914 0.258865 0.000000 0.000000 0.000000 -1.000000 0.000000 0.000000 1.000000 -0.965914 -0.258865 0.000000 -0.965914 -0.258865 0.000000 -0.000000 0.000000 -1.000000 0.000000 0.000000 1.000000 -0.707107 -0.707107 0.000000 -0.707107 -0.707107 0.000000 0.000000 0.000000 -1.000000 0.000000 0.000000 1.000000 -0.258865 -0.965914 0.000000 -0.258865 -0.965914 0.000000 0.000000 -0.000000 -1.000000 0.000000 0.000000 1.000000 0.258865 -0.965914 0.000000 0.258865 -0.965914 0.000000 0.000000 0.000000 -1.000000 0.000000 0.000000 1.000000 0.707107 -0.707107 0.000000 0.707107 -0.707107 0.000000 0.000000 0.000000 -1.000000 0.000000 0.000000 1.000000 0.965914 -0.258865 0.000000 0.965914 -0.258865 0.000000 0.000000 0.000000 -1.000000 -0.000000 0.000000 1.000000 0.965914 0.258865 0.000000 0.965914 0.258865 -0.000000 0.000000 0.000000 -1.000000 0.000000 0.000000 1.000000 0.707107 0.707107 0.000000 0.707107 0.707107 -0.000000 0.000000 0.000000 -1.000000 0.000000 0.000000 1.000000 0.258865 0.965914 0.000000 0.258865 0.965914 -0.000000 0.000000 0.000000 -1.000000 0.000000 0.000000 1.000000 -0.258865 0.965914 0.000000 -0.258865 0.965914 0.000000 0.000000 0.000000 -1.000000 0.000000 -0.000000 1.000000 -0.707107 0.707107 0.000000 -0.707107 0.707107 0.000000 0.000000 0.000000 -1.000000 0.000000 0.000000 1.000000 -0.965914 0.258865 0.000000 -0.965914 0.258865 0.000000 0.000000 0.000000 -1.000000 0.000000 0.000000 1.000000 -0.965914 -0.258865 0.000000 -0.965914 -0.258865 0.000000 -0.000000 0.000000 -1.000000 0.000000 0.000000 1.000000 -0.707107 -0.707107 0.000000 -0.707107 -0.707107 0.000000 0.000000 0.000000 -1.000000 0.000000 0.000000 1.000000 -0.258865 -0.965914 0.000000 -0.258865 -0.965914 0.000000 0.000000 -0.000000 -1.000000 0.000000 0.000000 1.000000 0.258865 -0.965914 0.000000 0.258865 -0.965914 0.000000 0.000000 0.000000 -1.000000 0.000000 0.000000 1.000000 0.707107 -0.707107 0.000000 0.707107 -0.707107 0.000000 0.000000 0.000000 -1.000000 0.000000 0.000000 1.000000 0.965914 -0.258865 0.000000 0.965914 -0.258865 0.000000 0.000000 0.000000 -1.000000 -0.000000 0.000000 1.000000 -0.258865 0.000000 -0.965914 -0.258865 0.000000 -0.965914 0.000000 -1.000000 -0.000000 0.000000 1.000000 0.000000 -0.707107 0.000000 -0.707107 -0.707107 0.000000 -0.707107 0.000000 -1.000000 0.000000 0.000000 1.000000 0.000000 -0.965914 0.000000 -0.258865 -0.965914 0.000000 -0.258865 -0.000000 -1.000000 0.000000 0.000000 1.000000 0.000000 -0.965914 0.000000 0.258865 -0.965914 0.000000 0.258865 0.000000 -1.000000 0.000000 0.000000 1.000000 0.000000 -0.707107 0.000000 0.707107 -0.707107 0.000000 0.707107 0.000000 -1.000000 0.000000 0.000000 1.000000 0.000000 -0.258865 0.000000 0.965914 -0.258865 0.000000 0.965914 0.000000 -1.000000 0.000000 0.000000 1.000000 -0.000000 0.258865 0.000000 0.965914 0.258865 -0.000000 0.965914 0.000000 -1.000000 0.000000 0.000000 1.000000 0.000000 0.707107 0.000000 0.707107 0.707107 -0.000000 0.707107 0.000000 -1.000000 0.000000 0.000000 1.000000 0.000000 0.965914 0.000000 0.258865 0.965914 -0.000000 0.258865 0.000000 -1.000000 0.000000 0.000000 1.000000 0.000000 0.965914 0.000000 -0.258865 0.965914 0.000000 -0.258865 0.000000 -1.000000 0.000000 -0.000000 1.000000 0.000000 0.707107 0.000000 -0.707107 0.707107 0.000000 -0.707107 0.000000 -1.000000 0.000000 0.000000 1.000000 0.000000 0.258865 0.000000 -0.965914 0.258865 0.000000 -0.965914 0.000000 -1.000000 0.000000 0.000000 1.000000 0.000000 -0.258865 0.000000 -0.965914 -0.258865 0.000000 -0.965914 0.000000 -1.000000 -0.000000 0.000000 1.000000 0.000000 -0.707107 0.000000 -0.707107 -0.707107 0.000000 -0.707107 0.000000 -1.000000 0.000000 0.000000 1.000000 0.000000 -0.965914 0.000000 -0.258865 -0.965914 0.000000 -0.258865 -0.000000 -1.000000 0.000000 0.000000 1.000000 0.000000 -0.965914 0.000000 0.258865 -0.965914 0.000000 0.258865 0.000000 -1.000000 0.000000 0.000000 1.000000 0.000000 -0.707107 0.000000 0.707107 -0.707107 0.000000 0.707107 0.000000 -1.000000 0.000000 0.000000 1.000000 0.000000 -0.258865 0.000000 0.965914 -0.258865 0.000000 0.965914 0.000000 -1.000000 0.000000 0.000000 1.000000 -0.000000 0.258865 0.000000 0.965914 0.258865 -0.000000 0.965914 0.000000 -1.000000 0.000000 0.000000 1.000000 0.000000 0.707107 0.000000 0.707107 0.707107 -0.000000 0.707107 0.000000 -1.000000 0.000000 0.000000 1.000000 0.000000 0.965914 0.000000 0.258865 0.965914 -0.000000 0.258865 0.000000 -1.000000 0.000000 0.000000 1.000000 0.000000 0.965914 0.000000 -0.258865 0.965914 0.000000 -0.258865 0.000000 -1.000000 0.000000 -0.000000 1.000000 0.000000 0.707107 0.000000 -0.707107 0.707107 0.000000 -0.707107 0.000000 -1.000000 0.000000 0.000000 1.000000 0.000000 0.258865 0.000000 -0.965914 0.258865 0.000000 -0.965914 0.000000 -1.000000 0.000000 0.000000 1.000000 0.000000 -0.258865 0.000000 -0.965914 -0.258865 0.000000 -0.965914 0.000000 -1.000000 -0.000000 0.000000 1.000000 0.000000 -0.707107 0.000000 -0.707107 -0.707107 0.000000 -0.707107 0.000000 -1.000000 0.000000 0.000000 1.000000 0.000000 -0.965914 0.000000 -0.258865 -0.965914 0.000000 -0.258865 -0.000000 -1.000000 0.000000 0.000000 1.000000 0.000000 -0.965914 0.000000 0.258865 -0.965914 0.000000 0.258865 0.000000 -1.000000 0.000000 0.000000 1.000000 0.000000 -0.707107 0.000000 0.707107 -0.707107 0.000000 0.707107 0.000000 -1.000000 0.000000 0.000000 1.000000 0.000000 -0.258865 0.000000 0.965914 -0.258865 0.000000 0.965914 0.000000 -1.000000 0.000000 0.000000 1.000000 -0.000000 0.258865 0.000000 0.965914 0.258865 -0.000000 0.965914 0.000000 -1.000000 0.000000 0.000000 1.000000 0.000000 0.707107 0.000000 0.707107 0.707107 -0.000000 0.707107 0.000000 -1.000000 0.000000 0.000000 1.000000 0.000000 0.965914 0.000000 0.258865 0.965914 -0.000000 0.258865 0.000000 -1.000000 0.000000 0.000000 1.000000 0.000000 0.965914 0.000000 -0.258865 0.965914 0.000000 -0.258865 0.000000 -1.000000 0.000000 -0.000000 1.000000 0.000000 0.707107 0.000000 -0.707107 0.707107 0.000000 -0.707107 0.000000 -1.000000 0.000000 0.000000 1.000000 0.000000 0.258865 0.000000 -0.965914 0.258865 0.000000 -0.965914 0.000000 -1.000000 0.000000 0.000000 1.000000 0.000000 -0.258865 0.000000 -0.965914 -0.258865 0.000000 -0.965914 0.000000 -1.000000 -0.000000 0.000000 1.000000 0.000000 -0.707107 0.000000 -0.707107 -0.707107 0.000000 -0.707107 0.000000 -1.000000 0.000000 0.000000 1.000000 0.000000 -0.965914 0.000000 -0.258865 -0.965914 0.000000 -0.258865 -0.000000 -1.000000 0.000000 0.000000 1.000000 0.000000 -0.965914 0.000000 0.258865 -0.965914 0.000000 0.258865 0.000000 -1.000000 0.000000 0.000000 1.000000 0.000000 -0.707107 0.000000 0.707107 -0.707107 0.000000 0.707107 0.000000 -1.000000 0.000000 0.000000 1.000000 0.000000 -0.258865 0.000000 0.965914 -0.258865 0.000000 0.965914 0.000000 -1.000000 0.000000 0.000000 1.000000 -0.000000 0.258865 0.000000 0.965914 0.258865 -0.000000 0.965914 0.000000 -1.000000 0.000000 0.000000 1.000000 0.000000 0.707107 0.000000 0.707107 0.707107 -0.000000 0.707107 0.000000 -1.000000 0.000000 0.000000 1.000000 0.000000 0.965914 0.000000 0.258865 0.965914 -0.000000 0.258865 0.000000 -1.000000 0.000000 0.000000 1.000000 0.000000 0.965914 0.000000 -0.258865 0.965914 0.000000 -0.258865 0.000000 -1.000000 0.000000 -0.000000 1.000000 0.000000 0.707107 0.000000 -0.707107 0.707107 0.000000 -0.707107 0.000000 -1.000000 0.000000 0.000000 1.000000 0.000000 0.258865 0.000000 -0.965914 0.258865 0.000000 -0.965914 0.000000 -1.000000 0.000000 0.000000 1.000000 0.000000 -0.258865 0.000000 -0.965914 -0.258865 0.000000 -0.965914 0.000000 -1.000000 -0.000000 0.000000 1.000000 0.000000 -0.707107 0.000000 -0.707107 -0.707107 0.000000 -0.707107 0.000000 -1.000000 0.000000 0.000000 1.000000 0.000000 -0.965914 0.000000 -0.258865 -0.965914 0.000000 -0.258865 -0.000000 -1.000000 0.000000 0.000000 1.000000 0.000000 -0.965914 0.000000 0.258865 -0.965914 0.000000 0.258865 0.000000 -1.000000 0.000000 0.000000 1.000000 0.000000 -0.707107 0.000000 0.707107 -0.707107 0.000000 0.707107 0.000000 -1.000000 0.000000 0.000000 1.000000 0.000000 -0.258865 0.000000 0.965914 -0.258865 0.000000 0.965914 0.000000 -1.000000 0.000000 0.000000 1.000000 -0.000000 0.258865 0.000000 0.965914 0.258865 -0.000000 0.965914 0.000000 -1.000000 0.000000 0.000000 1.000000 0.000000 0.707107 0.000000 0.707107 0.707107 -0.000000 0.707107 0.000000 -1.000000 0.000000 0.000000 1.000000 0.000000 0.965914 0.000000 0.258865 0.965914 -0.000000 0.258865 0.000000 -1.000000 0.000000 0.000000 1.000000 0.000000 0.965914 0.000000 -0.258865 0.965914 0.000000 -0.258865 0.000000 -1.000000 0.000000 -0.000000 1.000000 0.000000 0.707107 0.000000 -0.707107 0.707107 0.000000 -0.707107 0.000000 -1.000000 0.000000 0.000000 1.000000 0.000000 0.258865 0.000000 -0.965914 0.258865 0.000000 -0.965914 0.000000 -1.000000 0.000000 0.000000 1.000000 0.000000 -0.258865 0.000000 -0.965914 -0.258865 0.000000 -0.965914 0.000000 -1.000000 -0.000000 0.000000 1.000000 0.000000 -0.707107 0.000000 -0.707107 -0.707107 0.000000 -0.707107 0.000000 -1.000000 0.000000 0.000000 1.000000 0.000000 -0.965914 0.000000 -0.258865 -0.965914 0.000000 -0.258865 -0.000000 -1.000000 0.000000 0.000000 1.000000 0.000000 -0.965914 0.000000 0.258865 -0.965914 0.000000 0.258865 0.000000 -1.000000 0.000000 0.000000 1.000000 0.000000 -0.707107 0.000000 0.707107 -0.707107 0.000000 0.707107 0.000000 -1.000000 0.000000 0.000000 1.000000 0.000000 -0.258865 0.000000 0.965914 -0.258865 0.000000 0.965914 0.000000 -1.000000 0.000000 0.000000 1.000000 -0.000000 0.258865 0.000000 0.965914 0.258865 -0.000000 0.965914 0.000000 -1.000000 0.000000 0.000000 1.000000 0.000000 0.707107 0.000000 0.707107 0.707107 -0.000000 0.707107 0.000000 -1.000000 0.000000 0.000000 1.000000 0.000000 0.965914 0.000000 0.258865 0.965914 -0.000000 0.258865 0.000000 -1.000000 0.000000 0.000000 1.000000 0.000000 0.965914 0.000000 -0.258865 0.965914 0.000000 -0.258865 0.000000 -1.000000 0.000000 -0.000000 1.000000 0.000000 0.707107 0.000000 -0.707107 0.707107 0.000000 -0.707107 0.000000 -1.000000 0.000000 0.000000 1.000000 0.000000 0.258865 0.000000 -0.965914 0.258865 0.000000 -0.965914 0.000000 -1.000000 0.000000 0.000000 1.000000 0.000000 -0.258865 0.000000 -0.965914 -0.258865 0.000000 -0.965914 0.000000 -1.000000 -0.000000 0.000000 1.000000 0.000000 -0.707107 0.000000 -0.707107 -0.707107 0.000000 -0.707107 0.000000 -1.000000 0.000000 0.000000 1.000000 0.000000 -0.965914 0.000000 -0.258865 -0.965914 0.000000 -0.258865 -0.000000 -1.000000 0.000000 0.000000 1.000000 0.000000 -0.965914 0.000000 0.258865 -0.965914 0.000000 0.258865 0.000000 -1.000000 0.000000 0.000000 1.000000 0.000000 -0.707107 0.000000 0.707107 -0.707107 0.000000 0.707107 0.000000 -1.000000 0.000000 0.000000 1.000000 0.000000 -0.258865 0.000000 0.965914 -0.258865 0.000000 0.965914 0.000000 -1.000000 0.000000 0.000000 1.000000 -0.000000 0.258865 0.000000 0.965914 0.258865 -0.000000 0.965914 0.000000 -1.000000 0.000000 0.000000 1.000000 0.000000 0.707107 0.000000 0.707107 0.707107 -0.000000 0.707107 0.000000 -1.000000 0.000000 0.000000 1.000000 0.000000 0.965914 0.000000 0.258865 0.965914 -0.000000 0.258865 0.000000 -1.000000 0.000000 0.000000 1.000000 0.000000 0.965914 0.000000 -0.258865 0.965914 0.000000 -0.258865 0.000000 -1.000000 0.000000 -0.000000 1.000000 0.000000 0.707107 0.000000 -0.707107 0.707107 0.000000 -0.707107 0.000000 -1.000000 0.000000 0.000000 1.000000 0.000000 0.258865 0.000000 -0.965914 0.258865 0.000000 -0.965914 0.000000 -1.000000 0.000000 0.000000 1.000000 0.000000 -0.258865 0.000000 -0.965914 -0.258865 0.000000 -0.965914 0.000000 -1.000000 -0.000000 0.000000 1.000000 0.000000 -0.707107 0.000000 -0.707107 -0.707107 0.000000 -0.707107 0.000000 -1.000000 0.000000 0.000000 1.000000 0.000000 -0.965914 0.000000 -0.258865 -0.965914 0.000000 -0.258865 -0.000000 -1.000000 0.000000 0.000000 1.000000 0.000000 -0.965914 0.000000 0.258865 -0.965914 0.000000 0.258865 0.000000 -1.000000 0.000000 0.000000 1.000000 0.000000 -0.707107 0.000000 0.707107 -0.707107 0.000000 0.707107 0.000000 -1.000000 0.000000 0.000000 1.000000 0.000000 -0.258865 0.000000 0.965914 -0.258865 0.000000 0.965914 0.000000 -1.000000 0.000000 0.000000 1.000000 -0.000000 0.258865 0.000000 0.965914 0.258865 -0.000000 0.965914 0.000000 -1.000000 0.000000 0.000000 1.000000 0.000000 0.707107 0.000000 0.707107 0.707107 -0.000000 0.707107 0.000000 -1.000000 0.000000 0.000000 1.000000 0.000000 0.965914 0.000000 0.258865 0.965914 -0.000000 0.258865 0.000000 -1.000000 0.000000 0.000000 1.000000 0.000000 0.965914 0.000000 -0.258865 0.965914 0.000000 -0.258865 0.000000 -1.000000 0.000000 -0.000000 1.000000 0.000000 0.707107 0.000000 -0.707107 0.707107 0.000000 -0.707107 0.000000 -1.000000 0.000000 0.000000 1.000000 0.000000 0.258865 0.000000 -0.965914 0.258865 0.000000 -0.965914 0.000000 -1.000000 0.000000 0.000000 1.000000 0.000000 -0.258865 0.000000 -0.965914 -0.258865 0.000000 -0.965914 0.000000 -1.000000 -0.000000 0.000000 1.000000 0.000000 -0.707107 0.000000 -0.707107 -0.707107 0.000000 -0.707107 0.000000 -1.000000 0.000000 0.000000 1.000000 0.000000 -0.965914 0.000000 -0.258865 -0.965914 0.000000 -0.258865 -0.000000 -1.000000 0.000000 0.000000 1.000000 0.000000 -0.965914 0.000000 0.258865 -0.965914 0.000000 0.258865 0.000000 -1.000000 0.000000 0.000000 1.000000 0.000000 -0.707107 0.000000 0.707107 -0.707107 0.000000 0.707107 0.000000 -1.000000 0.000000 0.000000 1.000000 0.000000 -0.258865 0.000000 0.965914 -0.258865 0.000000 0.965914 0.000000 -1.000000 0.000000 0.000000 1.000000 -0.000000 0.258865 0.000000 0.965914 0.258865 -0.000000 0.965914 0.000000 -1.000000 0.000000 0.000000 1.000000 0.000000 0.707107 0.000000 0.707107 0.707107 -0.000000 0.707107 0.000000 -1.000000 0.000000 0.000000 1.000000 0.000000 0.965914 0.000000 0.258865 0.965914 -0.000000 0.258865 0.000000 -1.000000 0.000000 0.000000 1.000000 0.000000 0.965914 0.000000 -0.258865 0.965914 0.000000 -0.258865 0.000000 -1.000000 0.000000 -0.000000 1.000000 0.000000 0.707107 0.000000 -0.707107 0.707107 0.000000 -0.707107 0.000000 -1.000000 0.000000 0.000000 1.000000 0.000000 0.258865 0.000000 -0.965914 0.258865 0.000000 -0.965914 0.000000 -1.000000 0.000000 0.000000 1.000000 0.000000 -0.258865 0.000000 -0.965914 -0.258865 0.000000 -0.965914 0.000000 -1.000000 -0.000000 0.000000 1.000000 0.000000 -0.707107 0.000000 -0.707107 -0.707107 0.000000 -0.707107 0.000000 -1.000000 0.000000 0.000000 1.000000 0.000000 -0.965914 0.000000 -0.258865 -0.965914 0.000000 -0.258865 -0.000000 -1.000000 0.000000 0.000000 1.000000 0.000000 -0.965914 0.000000 0.258865 -0.965914 0.000000 0.258865 0.000000 -1.000000 0.000000 0.000000 1.000000 0.000000 -0.707107 0.000000 0.707107 -0.707107 0.000000 0.707107 0.000000 -1.000000 0.000000 0.000000 1.000000 0.000000 -0.258865 0.000000 0.965914 -0.258865 0.000000 0.965914 0.000000 -1.000000 0.000000 0.000000 1.000000 -0.000000 0.258865 0.000000 0.965914 0.258865 -0.000000 0.965914 0.000000 -1.000000 0.000000 0.000000 1.000000 0.000000 0.707107 0.000000 0.707107 0.707107 -0.000000 0.707107 0.000000 -1.000000 0.000000 0.000000 1.000000 0.000000 0.965914 0.000000 0.258865 0.965914 -0.000000 0.258865 0.000000 -1.000000 0.000000 0.000000 1.000000 0.000000 0.965914 0.000000 -0.258865 0.965914 0.000000 -0.258865 0.000000 -1.000000 0.000000 -0.000000 1.000000 0.000000 0.707107 0.000000 -0.707107 0.707107 0.000000 -0.707107 0.000000 -1.000000 0.000000 0.000000 1.000000 0.000000 0.258865 0.000000 -0.965914 0.258865 0.000000 -0.965914 0.000000 -1.000000 0.000000 0.000000 1.000000 0.000000 -0.258865 0.000000 -0.965914 -0.258865 0.000000 -0.965914 0.000000 -1.000000 -0.000000 0.000000 1.000000 0.000000 -0.707107 0.000000 -0.707107 -0.707107 0.000000 -0.707107 0.000000 -1.000000 0.000000 0.000000 1.000000 0.000000 -0.965914 0.000000 -0.258865 -0.965914 0.000000 -0.258865 -0.000000 -1.000000 0.000000 0.000000 1.000000 0.000000 -0.965914 0.000000 0.258865 -0.965914 0.000000 0.258865 0.000000 -1.000000 0.000000 0.000000 1.000000 0.000000 -0.707107 0.000000 0.707107 -0.707107 0.000000 0.707107 0.000000 -1.000000 0.000000 0.000000 1.000000 0.000000 -0.258865 0.000000 0.965914 -0.258865 0.000000 0.965914 0.000000 -1.000000 0.000000 0.000000 1.000000 -0.000000 0.258865 0.000000 0.965914 0.258865 -0.000000 0.965914 0.000000 -1.000000 0.000000 0.000000 1.000000 0.000000 0.707107 0.000000 0.707107 0.707107 -0.000000 0.707107 0.000000 -1.000000 0.000000 0.000000 1.000000 0.000000 0.965914 0.000000 0.258865 0.965914 -0.000000 0.258865 0.000000 -1.000000 0.000000 0.000000 1.000000 0.000000 0.965914 0.000000 -0.258865 0.965914 0.000000 -0.258865 0.000000 -1.000000 0.000000 -0.000000 1.000000 0.000000 0.707107 0.000000 -0.707107 0.707107 0.000000 -0.707107 0.000000 -1.000000 0.000000 0.000000 1.000000 0.000000 0.258865 0.000000 -0.965914 0.258865 0.000000 -0.965914 0.000000 -1.000000 0.000000 0.000000 1.000000 0.000000 -0.258865 0.000000 -0.965914 -0.258865 0.000000 -0.965914 0.000000 -1.000000 -0.000000 0.000000 1.000000 0.000000 -0.707107 0.000000 -0.707107 -0.707107 0.000000 -0.707107 0.000000 -1.000000 0.000000 0.000000 1.000000 0.000000 -0.965914 0.000000 -0.258865 -0.965914 0.000000 -0.258865 -0.000000 -1.000000 0.000000 0.000000 1.000000 0.000000 -0.965914 0.000000 0.258865 -0.965914 0.000000 0.258865 0.000000 -1.000000 0.000000 0.000000 1.000000 0.000000 -0.707107 0.000000 0.707107 -0.707107 0.000000 0.707107 0.000000 -1.000000 0.000000 0.000000 1.000000 0.000000 -0.258865 0.000000 0.965914 -0.258865 0.000000 0.965914 0.000000 -1.000000 0.000000 0.000000 1.000000 -0.000000 0.258865 0.000000 0.965914 0.258865 -0.000000 0.965914 0.000000 -1.000000 0.000000 0.000000 1.000000 0.000000 0.707107 0.000000 0.707107 0.707107 -0.000000 0.707107 0.000000 -1.000000 0.000000 0.000000 1.000000 0.000000 0.965914 0.000000 0.258865 0.965914 -0.000000 0.258865 0.000000 -1.000000 0.000000 0.000000 1.000000 0.000000 0.965914 0.000000 -0.258865 0.965914 0.000000 -0.258865 0.000000 -1.000000 0.000000 -0.000000 1.000000 0.000000 0.707107 0.000000 -0.707107 0.707107 0.000000 -0.707107 0.000000 -1.000000 0.000000 0.000000 1.000000 0.000000 0.258865 0.000000 -0.965914 0.258865 0.000000 -0.965914 0.000000 -1.000000 0.000000 0.000000 1.000000 0.000000 -0.258865 0.000000 -0.965914 -0.258865 0.000000 -0.965914 0.000000 -1.000000 -0.000000 0.000000 1.000000 0.000000 -0.707107 0.000000 -0.707107 -0.707107 0.000000 -0.707107 0.000000 -1.000000 0.000000 0.000000 1.000000 0.000000 -0.965914 0.000000 -0.258865 -0.965914 0.000000 -0.258865 -0.000000 -1.000000 0.000000 0.000000 1.000000 0.000000 -0.965914 0.000000 0.258865 -0.965914 0.000000 0.258865 0.000000 -1.000000 0.000000 0.000000 1.000000 0.000000 -0.707107 0.000000 0.707107 -0.707107 0.000000 0.707107 0.000000 -1.000000 0.000000 0.000000 1.000000 0.000000 -0.258865 0.000000 0.965914 -0.258865 0.000000 0.965914 0.000000 -1.000000 0.000000 0.000000 1.000000 -0.000000 0.258865 0.000000 0.965914 0.258865 -0.000000 0.965914 0.000000 -1.000000 0.000000 0.000000 1.000000 0.000000 0.707107 0.000000 0.707107 0.707107 -0.000000 0.707107 0.000000 -1.000000 0.000000 0.000000 1.000000 0.000000 0.965914 0.000000 0.258865 0.965914 -0.000000 0.258865 0.000000 -1.000000 0.000000 0.000000 1.000000 0.000000 0.965914 0.000000 -0.258865 0.965914 0.000000 -0.258865 0.000000 -1.000000 0.000000 -0.000000 1.000000 0.000000 0.707107 0.000000 -0.707107 0.707107 0.000000 -0.707107 0.000000 -1.000000 0.000000 0.000000 1.000000 0.000000 0.258865 0.000000 -0.965914 0.258865 0.000000 -0.965914 0.000000 -1.000000 0.000000 0.000000 1.000000 0.000000 -0.258865 0.000000 -0.965914 -0.258865 0.000000 -0.965914 0.000000 -1.000000 -0.000000 0.000000 1.000000 0.000000 -0.707107 0.000000 -0.707107 -0.707107 0.000000 -0.707107 0.000000 -1.000000 0.000000 0.000000 1.000000 0.000000 -0.965914 0.000000 -0.258865 -0.965914 0.000000 -0.258865 -0.000000 -1.000000 0.000000 0.000000 1.000000 0.000000 -0.965914 0.000000 0.258865 -0.965914 0.000000 0.258865 0.000000 -1.000000 0.000000 0.000000 1.000000 0.000000 -0.707107 0.000000 0.707107 -0.707107 0.000000 0.707107 0.000000 -1.000000 0.000000 0.000000 1.000000 0.000000 -0.258865 0.000000 0.965914 -0.258865 0.000000 0.965914 0.000000 -1.000000 0.000000 0.000000 1.000000 -0.000000 0.258865 0.000000 0.965914 0.258865 -0.000000 0.965914 0.000000 -1.000000 0.000000 0.000000 1.000000 0.000000 0.707107 0.000000 0.707107 0.707107 -0.000000 0.707107 0.000000 -1.000000 0.000000 0.000000 1.000000 0.000000 0.965914 0.000000 0.258865 0.965914 -0.000000 0.258865 0.000000 -1.000000 0.000000 0.000000 1.000000 0.000000 0.965914 0.000000 -0.258865 0.965914 0.000000 -0.258865 0.000000 -1.000000 0.000000 -0.000000 1.000000 0.000000 0.707107 0.000000 -0.707107 0.707107 0.000000 -0.707107 0.000000 -1.000000 0.000000 0.000000 1.000000 0.000000 0.258865 0.000000 -0.965914 0.258865 0.000000 -0.965914 0.000000 -1.000000 0.000000 0.000000 1.000000 0.000000 -0.258865 0.000000 -0.965914 -0.258865 0.000000 -0.965914 0.000000 -1.000000 -0.000000 0.000000 1.000000 0.000000 -0.707107 0.000000 -0.707107 -0.707107 0.000000 -0.707107 0.000000 -1.000000 0.000000 0.000000 1.000000 0.000000 -0.965914 0.000000 -0.258865 -0.965914 0.000000 -0.258865 -0.000000 -1.000000 0.000000 0.000000 1.000000 0.000000 -0.965914 0.000000 0.258865 -0.965914 0.000000 0.258865 0.000000 -1.000000 0.000000 0.000000 1.000000 0.000000 -0.707107 0.000000 0.707107 -0.707107 0.000000 0.707107 0.000000 -1.000000 0.000000 0.000000 1.000000 0.000000 -0.258865 0.000000 0.965914 -0.258865 0.000000 0.965914 0.000000 -1.000000 0.000000 0.000000 1.000000 -0.000000 0.258865 0.000000 0.965914 0.258865 -0.000000 0.965914 0.000000 -1.000000 0.000000 0.000000 1.000000 0.000000 0.707107 0.000000 0.707107 0.707107 -0.000000 0.707107 0.000000 -1.000000 0.000000 0.000000 1.000000 0.000000 0.965914 0.000000 0.258865 0.965914 -0.000000 0.258865 0.000000 -1.000000 0.000000 0.000000 1.000000 0.000000 0.965914 0.000000 -0.258865 0.965914 0.000000 -0.258865 0.000000 -1.000000 0.000000 -0.000000 1.000000 0.000000 0.707107 0.000000 -0.707107 0.707107 0.000000 -0.707107 0.000000 -1.000000 0.000000 0.000000 1.000000 0.000000 0.258865 0.000000 -0.965914 0.258865 0.000000 -0.965914 0.000000 -1.000000 0.000000 0.000000 1.000000 0.000000 -0.258865 0.000000 -0.965914 -0.258865 0.000000 -0.965914 0.000000 -1.000000 -0.000000 0.000000 1.000000 0.000000 -0.707107 0.000000 -0.707107 -0.707107 0.000000 -0.707107 0.000000 -1.000000 0.000000 0.000000 1.000000 0.000000 -0.965914 0.000000 -0.258865 -0.965914 0.000000 -0.258865 -0.000000 -1.000000 0.000000 0.000000 1.000000 0.000000 -0.965914 0.000000 0.258865 -0.965914 0.000000 0.258865 0.000000 -1.000000 0.000000 0.000000 1.000000 0.000000 -0.707107 0.000000 0.707107 -0.707107 0.000000 0.707107 0.000000 -1.000000 0.000000 0.000000 1.000000 0.000000 -0.258865 0.000000 0.965914 -0.258865 0.000000 0.965914 0.000000 -1.000000 0.000000 0.000000 1.000000 -0.000000 0.258865 0.000000 0.965914 0.258865 -0.000000 0.965914 0.000000 -1.000000 0.000000 0.000000 1.000000 0.000000 0.707107 0.000000 0.707107 0.707107 -0.000000 0.707107 0.000000 -1.000000 0.000000 0.000000 1.000000 0.000000 0.965914 0.000000 0.258865 0.965914 -0.000000 0.258865 0.000000 -1.000000 0.000000 0.000000 1.000000 0.000000 0.965914 0.000000 -0.258865 0.965914 0.000000 -0.258865 0.000000 -1.000000 0.000000 -0.000000 1.000000 0.000000 0.707107 0.000000 -0.707107 0.707107 0.000000 -0.707107 0.000000 -1.000000 0.000000 0.000000 1.000000 0.000000 0.258865 0.000000 -0.965914 0.258865 0.000000 -0.965914 0.000000 -1.000000 0.000000 0.000000 1.000000 0.000000 -0.258865 0.000000 -0.965914 -0.258865 0.000000 -0.965914 0.000000 -1.000000 -0.000000 0.000000 1.000000 0.000000 -0.707107 0.000000 -0.707107 -0.707107 0.000000 -0.707107 0.000000 -1.000000 0.000000 0.000000 1.000000 0.000000 -0.965914 0.000000 -0.258865 -0.965914 0.000000 -0.258865 -0.000000 -1.000000 0.000000 0.000000 1.000000 0.000000 -0.965914 0.000000 0.258865 -0.965914 0.000000 0.258865 0.000000 -1.000000 0.000000 0.000000 1.000000 0.000000 -0.707107 0.000000 0.707107 -0.707107 0.000000 0.707107 0.000000 -1.000000 0.000000 0.000000 1.000000 0.000000 -0.258865 0.000000 0.965914 -0.258865 0.000000 0.965914 0.000000 -1.000000 0.000000 0.000000 1.000000 -0.000000 0.258865 0.000000 0.965914 0.258865 -0.000000 0.965914 0.000000 -1.000000 0.000000 0.000000 1.000000 0.000000 0.707107 0.000000 0.707107 0.707107 -0.000000 0.707107 0.000000 -1.000000 0.000000 0.000000 1.000000 0.000000 0.965914 0.000000 0.258865 0.965914 -0.000000 0.258865 0.000000 -1.000000 0.000000 0.000000 1.000000 0.000000 0.965914 0.000000 -0.258865 0.965914 0.000000 -0.258865 0.000000 -1.000000 0.000000 -0.000000 1.000000 0.000000 0.707107 0.000000 -0.707107 0.707107 0.000000 -0.707107 0.000000 -1.000000 0.000000 0.000000 1.000000 0.000000 0.258865 0.000000 -0.965914 0.258865 0.000000 -0.965914 0.000000 -1.000000 0.000000 0.000000 1.000000 0.000000 -0.258865 0.000000 -0.965914 -0.258865 0.000000 -0.965914 0.000000 -1.000000 -0.000000 0.000000 1.000000 0.000000 -0.707107 0.000000 -0.707107 -0.707107 0.000000 -0.707107 0.000000 -1.000000 0.000000 0.000000 1.000000 0.000000 -0.965914 0.000000 -0.258865 -0.965914 0.000000 -0.258865 -0.000000 -1.000000 0.000000 0.000000 1.000000 0.000000 -0.965914 0.000000 0.258865 -0.965914 0.000000 0.258865 0.000000 -1.000000 0.000000 0.000000 1.000000 0.000000 -0.707107 0.000000 0.707107 -0.707107 0.000000 0.707107 0.000000 -1.000000 0.000000 0.000000 1.000000 0.000000 -0.258865 0.000000 0.965914 -0.258865 0.000000 0.965914 0.000000 -1.000000 0.000000 0.000000 1.000000 -0.000000 0.258865 0.000000 0.965914 0.258865 -0.000000 0.965914 0.000000 -1.000000 0.000000 0.000000 1.000000 0.000000 0.707107 0.000000 0.707107 0.707107 -0.000000 0.707107 0.000000 -1.000000 0.000000 0.000000 1.000000 0.000000 0.965914 0.000000 0.258865 0.965914 -0.000000 0.258865 0.000000 -1.000000 0.000000 0.000000 1.000000 0.000000 0.965914 0.000000 -0.258865 0.965914 0.000000 -0.258865 0.000000 -1.000000 0.000000 -0.000000 1.000000 0.000000 0.707107 0.000000 -0.707107 0.707107 0.000000 -0.707107 0.000000 -1.000000 0.000000 0.000000 1.000000 0.000000 0.258865 0.000000 -0.965914 0.258865 0.000000 -0.965914 0.000000 -1.000000 0.000000 0.000000 1.000000 0.000000 -0.258865 0.000000 -0.965914 -0.258865 0.000000 -0.965914 0.000000 -1.000000 -0.000000 0.000000 1.000000 0.000000 -0.707107 0.000000 -0.707107 -0.707107 0.000000 -0.707107 0.000000 -1.000000 0.000000 0.000000 1.000000 0.000000 -0.965914 0.000000 -0.258865 -0.965914 0.000000 -0.258865 -0.000000 -1.000000 0.000000 0.000000 1.000000 0.000000 -0.965914 0.000000 0.258865 -0.965914 0.000000 0.258865 0.000000 -1.000000 0.000000 0.000000 1.000000 0.000000 -0.707107 0.000000 0.707107 -0.707107 0.000000 0.707107 0.000000 -1.000000 0.000000 0.000000 1.000000 0.000000 -0.258865 0.000000 0.965914 -0.258865 0.000000 0.965914 0.000000 -1.000000 0.000000 0.000000 1.000000 -0.000000 0.258865 0.000000 0.965914 0.258865 -0.000000 0.965914 0.000000 -1.000000 0.000000 0.000000 1.000000 0.000000 0.707107 0.000000 0.707107 0.707107 -0.000000 0.707107 0.000000 -1.000000 0.000000 0.000000 1.000000 0.000000 0.965914 0.000000 0.258865 0.965914 -0.000000 0.258865 0.000000 -1.000000 0.000000 0.000000 1.000000 0.000000 0.965914 0.000000 -0.258865 0.965914 0.000000 -0.258865 0.000000 -1.000000 0.000000 -0.000000 1.000000 0.000000 0.707107 0.000000 -0.707107 0.707107 0.000000 -0.707107 0.000000 -1.000000 0.000000 0.000000 1.000000 0.000000 0.258865 0.000000 -0.965914 0.258865 0.000000 -0.965914 0.000000 -1.000000 0.000000 0.000000 1.000000 0.000000 -0.258865 0.000000 -0.965914 -0.258865 0.000000 -0.965914 0.000000 -1.000000 -0.000000 0.000000 1.000000 0.000000 -0.707107 0.000000 -0.707107 -0.707107 0.000000 -0.707107 0.000000 -1.000000 0.000000 0.000000 1.000000 0.000000 -0.965914 0.000000 -0.258865 -0.965914 0.000000 -0.258865 -0.000000 -1.000000 0.000000 0.000000 1.000000 0.000000 -0.965914 0.000000 0.258865 -0.965914 0.000000 0.258865 0.000000 -1.000000 0.000000 0.000000 1.000000 0.000000 -0.707107 0.000000 0.707107 -0.707107 0.000000 0.707107 0.000000 -1.000000 0.000000 0.000000 1.000000 0.000000 -0.258865 0.000000 0.965914 -0.258865 0.000000 0.965914 0.000000 -1.000000 0.000000 0.000000 1.000000 -0.000000 0.258865 0.000000 0.965914 0.258865 -0.000000 0.965914 0.000000 -1.000000 0.000000 0.000000 1.000000 0.000000 0.707107 0.000000 0.707107 0.707107 -0.000000 0.707107 0.000000 -1.000000 0.000000 0.000000 1.000000 0.000000 0.965914 0.000000 0.258865 0.965914 -0.000000 0.258865 0.000000 -1.000000 0.000000 0.000000 1.000000 0.000000 0.965914 0.000000 -0.258865 0.965914 0.000000 -0.258865 0.000000 -1.000000 0.000000 -0.000000 1.000000 0.000000 0.707107 0.000000 -0.707107 0.707107 0.000000 -0.707107 0.000000 -1.000000 0.000000 0.000000 1.000000 0.000000 0.258865 0.000000 -0.965914 0.258865 0.000000 -0.965914 0.000000 -1.000000 0.000000 0.000000 1.000000 0.000000 -0.258865 0.000000 -0.965914 -0.258865 0.000000 -0.965914 0.000000 -1.000000 -0.000000 0.000000 1.000000 0.000000 -0.707107 0.000000 -0.707107 -0.707107 0.000000 -0.707107 0.000000 -1.000000 0.000000 0.000000 1.000000 0.000000 -0.965914 0.000000 -0.258865 -0.965914 0.000000 -0.258865 -0.000000 -1.000000 0.000000 0.000000 1.000000 0.000000 -0.965914 0.000000 0.258865 -0.965914 0.000000 0.258865 0.000000 -1.000000 0.000000 0.000000 1.000000 0.000000 -0.707107 0.000000 0.707107 -0.707107 0.000000 0.707107 0.000000 -1.000000 0.000000 0.000000 1.000000 0.000000 -0.258865 0.000000 0.965914 -0.258865 0.000000 0.965914 0.000000 -1.000000 0.000000 0.000000 1.000000 -0.000000 0.258865 0.000000 0.965914 0.258865 -0.000000 0.965914 0.000000 -1.000000 0.000000 0.000000 1.000000 0.000000 0.707107 0.000000 0.707107 0.707107 -0.000000 0.707107 0.000000 -1.000000 0.000000 0.000000 1.000000 0.000000 0.965914 0.000000 0.258865 0.965914 -0.000000 0.258865 0.000000 -1.000000 0.000000 0.000000 1.000000 0.000000 0.965914 0.000000 -0.258865 0.965914 0.000000 -0.258865 0.000000 -1.000000 0.000000 -0.000000 1.000000 0.000000 0.707107 0.000000 -0.707107 0.707107 0.000000 -0.707107 0.000000 -1.000000 0.000000 0.000000 1.000000 0.000000 0.258865 0.000000 -0.965914 0.258865 0.000000 -0.965914 0.000000 -1.000000 0.000000 0.000000 1.000000 0.000000 -0.258865 0.000000 -0.965914 -0.258865 0.000000 -0.965914 0.000000 -1.000000 -0.000000 0.000000 1.000000 0.000000 -0.707107 0.000000 -0.707107 -0.707107 0.000000 -0.707107 0.000000 -1.000000 0.000000 0.000000 1.000000 0.000000 -0.965914 0.000000 -0.258865 -0.965914 0.000000 -0.258865 -0.000000 -1.000000 0.000000 0.000000 1.000000 0.000000 -0.965914 0.000000 0.258865 -0.965914 0.000000 0.258865 0.000000 -1.000000 0.000000 0.000000 1.000000 0.000000 -0.707107 0.000000 0.707107 -0.707107 0.000000 0.707107 0.000000 -1.000000 0.000000 0.000000 1.000000 0.000000 -0.258865 0.000000 0.965914 -0.258865 0.000000 0.965914 0.000000 -1.000000 0.000000 0.000000 1.000000 -0.000000 0.258865 0.000000 0.965914 0.258865 -0.000000 0.965914 0.000000 -1.000000 0.000000 0.000000 1.000000 0.000000 0.707107 0.000000 0.707107 0.707107 -0.000000 0.707107 0.000000 -1.000000 0.000000 0.000000 1.000000 0.000000 0.965914 0.000000 0.258865 0.965914 -0.000000 0.258865 0.000000 -1.000000 0.000000 0.000000 1.000000 0.000000 0.965914 0.000000 -0.258865 0.965914 0.000000 -0.258865 0.000000 -1.000000 0.000000 -0.000000 1.000000 0.000000 0.707107 0.000000 -0.707107 0.707107 0.000000 -0.707107 0.000000 -1.000000 0.000000 0.000000 1.000000 0.000000 0.258865 0.000000 -0.965914 0.258865 0.000000 -0.965914 0.000000 -1.000000 0.000000 0.000000 1.000000 0.000000 -0.258865 0.000000 -0.965914 -0.258865 0.000000 -0.965914 0.000000 -1.000000 -0.000000 0.000000 1.000000 0.000000 -0.707107 0.000000 -0.707107 -0.707107 0.000000 -0.707107 0.000000 -1.000000 0.000000 0.000000 1.000000 0.000000 -0.965914 0.000000 -0.258865 -0.965914 0.000000 -0.258865 -0.000000 -1.000000 0.000000 0.000000 1.000000 0.000000 -0.965914 0.000000 0.258865 -0.965914 0.000000 0.258865 0.000000 -1.000000 0.000000 0.000000 1.000000 0.000000 -0.707107 0.000000 0.707107 -0.707107 0.000000 0.707107 0.000000 -1.000000 0.000000 0.000000 1.000000 0.000000 -0.258865 0.000000 0.965914 -0.258865 0.000000 0.965914 0.000000 -1.000000 0.000000 0.000000 1.000000 -0.000000 0.258865 0.000000 0.965914 0.258865 -0.000000 0.965914 0.000000 -1.000000 0.000000 0.000000 1.000000 0.000000 0.707107 0.000000 0.707107 0.707107 -0.000000 0.707107 0.000000 -1.000000 0.000000 0.000000 1.000000 0.000000 0.965914 0.000000 0.258865 0.965914 -0.000000 0.258865 0.000000 -1.000000 0.000000 0.000000 1.000000 0.000000 0.965914 0.000000 -0.258865 0.965914 0.000000 -0.258865 0.000000 -1.000000 0.000000 -0.000000 1.000000 0.000000 0.707107 0.000000 -0.707107 0.707107 0.000000 -0.707107 0.000000 -1.000000 0.000000 0.000000 1.000000 0.000000 0.258865 0.000000 -0.965914 0.258865 0.000000 -0.965914 0.000000 -1.000000 0.000000 0.000000 1.000000 0.000000 -0.258865 0.000000 -0.965914 -0.258865 0.000000 -0.965914 0.000000 -1.000000 -0.000000 0.000000 1.000000 0.000000 -0.707107 0.000000 -0.707107 -0.707107 0.000000 -0.707107 0.000000 -1.000000 0.000000 0.000000 1.000000 0.000000 -0.965914 0.000000 -0.258865 -0.965914 0.000000 -0.258865 -0.000000 -1.000000 0.000000 0.000000 1.000000 0.000000 -0.965914 0.000000 0.258865 -0.965914 0.000000 0.258865 0.000000 -1.000000 0.000000 0.000000 1.000000 0.000000 -0.707107 0.000000 0.707107 -0.707107 0.000000 0.707107 0.000000 -1.000000 0.000000 0.000000 1.000000 0.000000 -0.258865 0.000000 0.965914 -0.258865 0.000000 0.965914 0.000000 -1.000000 0.000000 0.000000 1.000000 -0.000000 0.258865 0.000000 0.965914 0.258865 -0.000000 0.965914 0.000000 -1.000000 0.000000 0.000000 1.000000 0.000000 0.707107 0.000000 0.707107 0.707107 -0.000000 0.707107 0.000000 -1.000000 0.000000 0.000000 1.000000 0.000000 0.965914 0.000000 0.258865 0.965914 -0.000000 0.258865 0.000000 -1.000000 0.000000 0.000000 1.000000 0.000000 0.965914 0.000000 -0.258865 0.965914 0.000000 -0.258865 0.000000 -1.000000 0.000000 -0.000000 1.000000 0.000000 0.707107 0.000000 -0.707107 0.707107 0.000000 -0.707107 0.000000 -1.000000 0.000000 0.000000 1.000000 0.000000 0.258865 0.000000 -0.965914 0.258865 0.000000 -0.965914 0.000000 -1.000000 0.000000 0.000000 1.000000 0.000000 -0.258865 0.000000 -0.965914 -0.258865 0.000000 -0.965914 0.000000 -1.000000 -0.000000 0.000000 1.000000 0.000000 -0.707107 0.000000 -0.707107 -0.707107 0.000000 -0.707107 0.000000 -1.000000 0.000000 0.000000 1.000000 0.000000 -0.965914 0.000000 -0.258865 -0.965914 0.000000 -0.258865 -0.000000 -1.000000 0.000000 0.000000 1.000000 0.000000 -0.965914 0.000000 0.258865 -0.965914 0.000000 0.258865 0.000000 -1.000000 0.000000 0.000000 1.000000 0.000000 -0.707107 0.000000 0.707107 -0.707107 0.000000 0.707107 0.000000 -1.000000 0.000000 0.000000 1.000000 0.000000 -0.258865 0.000000 0.965914 -0.258865 0.000000 0.965914 0.000000 -1.000000 0.000000 0.000000 1.000000 -0.000000 0.258865 0.000000 0.965914 0.258865 -0.000000 0.965914 0.000000 -1.000000 0.000000 0.000000 1.000000 0.000000 0.707107 0.000000 0.707107 0.707107 -0.000000 0.707107 0.000000 -1.000000 0.000000 0.000000 1.000000 0.000000 0.965914 0.000000 0.258865 0.965914 -0.000000 0.258865 0.000000 -1.000000 0.000000 0.000000 1.000000 0.000000 0.965914 0.000000 -0.258865 0.965914 0.000000 -0.258865 0.000000 -1.000000 0.000000 -0.000000 1.000000 0.000000 0.707107 0.000000 -0.707107 0.707107 0.000000 -0.707107 0.000000 -1.000000 0.000000 0.000000 1.000000 0.000000 0.258865 0.000000 -0.965914 0.258865 0.000000 -0.965914 0.000000 -1.000000 0.000000 0.000000 1.000000 0.000000 -0.258865 0.000000 -0.965914 -0.258865 0.000000 -0.965914 0.000000 -1.000000 -0.000000 0.000000 1.000000 0.000000 -0.707107 0.000000 -0.707107 -0.707107 0.000000 -0.707107 0.000000 -1.000000 0.000000 0.000000 1.000000 0.000000 -0.965914 0.000000 -0.258865 -0.965914 0.000000 -0.258865 -0.000000 -1.000000 0.000000 0.000000 1.000000 0.000000 -0.965914 0.000000 0.258865 -0.965914 0.000000 0.258865 0.000000 -1.000000 0.000000 0.000000 1.000000 0.000000 -0.707107 0.000000 0.707107 -0.707107 0.000000 0.707107 0.000000 -1.000000 0.000000 0.000000 1.000000 0.000000 -0.258865 0.000000 0.965914 -0.258865 0.000000 0.965914 0.000000 -1.000000 0.000000 0.000000 1.000000 -0.000000 0.258865 0.000000 0.965914 0.258865 -0.000000 0.965914 0.000000 -1.000000 0.000000 0.000000 1.000000 0.000000 0.707107 0.000000 0.707107 0.707107 -0.000000 0.707107 0.000000 -1.000000 0.000000 0.000000 1.000000 0.000000 0.965914 0.000000 0.258865 0.965914 -0.000000 0.258865 0.000000 -1.000000 0.000000 0.000000 1.000000 0.000000 0.965914 0.000000 -0.258865 0.965914 0.000000 -0.258865 0.000000 -1.000000 0.000000 -0.000000 1.000000 0.000000 0.707107 0.000000 -0.707107 0.707107 0.000000 -0.707107 0.000000 -1.000000 0.000000 0.000000 1.000000 0.000000 0.258865 0.000000 -0.965914 0.258865 0.000000 -0.965914 0.000000 -1.000000 0.000000 0.000000 1.000000 0.000000 0.000000 0.258144 -0.966107 0.000000 0.258144 -0.966107 -1.000000 0.000000 0.000000 1.000000 0.000000 0.000000 0.000000 0.707107 -0.707107 0.000000 0.707107 -0.707107 -1.000000 0.000000 0.000000 1.000000 0.000000 0.000000 0.000000 0.966107 -0.258144 0.000000 0.966107 -0.258144 -1.000000 0.000000 0.000000 1.000000 -0.000000 0.000000 0.000000 0.966107 0.258144 -0.000000 0.966107 0.258144 -1.000000 0.000000 0.000000 1.000000 0.000000 0.000000 0.000000 0.707107 0.707107 -0.000000 0.707107 0.707107 -1.000000 0.000000 0.000000 1.000000 0.000000 0.000000 0.000000 0.258144 0.966107 -0.000000 0.258144 0.966107 -1.000000 0.000000 0.000000 1.000000 0.000000 0.000000 0.000000 -0.258144 0.966107 0.000000 -0.258144 0.966107 -1.000000 0.000000 0.000000 1.000000 0.000000 -0.000000 0.000000 -0.707107 0.707107 0.000000 -0.707107 0.707107 -1.000000 0.000000 0.000000 1.000000 0.000000 0.000000 0.000000 -0.966107 0.258144 0.000000 -0.966107 0.258144 -1.000000 0.000000 0.000000 1.000000 0.000000 0.000000 0.000000 -0.966107 -0.258144 0.000000 -0.966107 -0.258144 -1.000000 -0.000000 0.000000 1.000000 0.000000 0.000000 0.000000 -0.707107 -0.707107 0.000000 -0.707107 -0.707107 -1.000000 0.000000 0.000000 1.000000 0.000000 0.000000 0.000000 -0.258144 -0.966107 0.000000 -0.258144 -0.966107 -1.000000 0.000000 -0.000000 1.000000 0.000000 0.000000 0.000000 0.258144 -0.966107 0.000000 0.258144 -0.966107 -1.000000 0.000000 0.000000 1.000000 0.000000 0.000000 0.000000 0.707107 -0.707107 0.000000 0.707107 -0.707107 -1.000000 0.000000 0.000000 1.000000 0.000000 0.000000 0.000000 0.966107 -0.258144 0.000000 0.966107 -0.258144 -1.000000 0.000000 0.000000 1.000000 -0.000000 0.000000 0.000000 0.966107 0.258144 -0.000000 0.966107 0.258144 -1.000000 0.000000 0.000000 1.000000 0.000000 0.000000 0.000000 0.707107 0.707107 -0.000000 0.707107 0.707107 -1.000000 0.000000 0.000000 1.000000 0.000000 0.000000 0.000000 0.258144 0.966107 -0.000000 0.258144 0.966107 -1.000000 0.000000 0.000000 1.000000 0.000000 0.000000 0.000000 -0.258144 0.966107 0.000000 -0.258144 0.966107 -1.000000 0.000000 0.000000 1.000000 0.000000 -0.000000 0.000000 -0.707107 0.707107 0.000000 -0.707107 0.707107 -1.000000 0.000000 0.000000 1.000000 0.000000 0.000000 0.000000 -0.966107 0.258144 0.000000 -0.966107 0.258144 -1.000000 0.000000 0.000000 1.000000 0.000000 0.000000 0.000000 -0.966107 -0.258144 0.000000 -0.966107 -0.258144 -1.000000 -0.000000 0.000000 1.000000 0.000000 0.000000 0.000000 -0.707107 -0.707107 0.000000 -0.707107 -0.707107 -1.000000 0.000000 0.000000 1.000000 0.000000 0.000000 0.000000 -0.258144 -0.966107 0.000000 -0.258144 -0.966107 -1.000000 0.000000 -0.000000 1.000000 0.000000 0.000000 0.000000 0.258144 -0.966107 0.000000 0.258144 -0.966107 -1.000000 0.000000 0.000000 1.000000 0.000000 0.000000 0.000000 0.707107 -0.707107 0.000000 0.707107 -0.707107 -1.000000 0.000000 0.000000 1.000000 0.000000 0.000000 0.000000 0.966107 -0.258144 0.000000 0.966107 -0.258144 -1.000000 0.000000 0.000000 1.000000 -0.000000 0.000000 0.000000 0.966107 0.258144 -0.000000 0.966107 0.258144 -1.000000 0.000000 0.000000 1.000000 0.000000 0.000000 0.000000 0.707107 0.707107 -0.000000 0.707107 0.707107 -1.000000 0.000000 0.000000 1.000000 0.000000 0.000000 0.000000 0.258144 0.966107 -0.000000 0.258144 0.966107 -1.000000 0.000000 0.000000 1.000000 0.000000 0.000000 0.000000 -0.258144 0.966107 0.000000 -0.258144 0.966107 -1.000000 0.000000 0.000000 1.000000 0.000000 -0.000000 0.000000 -0.707107 0.707107 0.000000 -0.707107 0.707107 -1.000000 0.000000 0.000000 1.000000 0.000000 0.000000 0.000000 -0.966107 0.258144 0.000000 -0.966107 0.258144 -1.000000 0.000000 0.000000 1.000000 0.000000 0.000000 0.000000 -0.966107 -0.258144 0.000000 -0.966107 -0.258144 -1.000000 -0.000000 0.000000 1.000000 0.000000 0.000000 0.000000 -0.707107 -0.707107 0.000000 -0.707107 -0.707107 -1.000000 0.000000 0.000000 1.000000 0.000000 0.000000 0.000000 -0.258144 -0.966107 0.000000 -0.258144 -0.966107 -1.000000 0.000000 -0.000000 1.000000 0.000000 0.000000 0.000000 0.258144 -0.966107 0.000000 0.258144 -0.966107 -1.000000 0.000000 0.000000 1.000000 0.000000 0.000000 0.000000 0.707107 -0.707107 0.000000 0.707107 -0.707107 -1.000000 0.000000 0.000000 1.000000 0.000000 0.000000 0.000000 0.966107 -0.258144 0.000000 0.966107 -0.258144 -1.000000 0.000000 0.000000 1.000000 -0.000000 0.000000 0.000000 0.966107 0.258144 -0.000000 0.966107 0.258144 -1.000000 0.000000 0.000000 1.000000 0.000000 0.000000 0.000000 0.707107 0.707107 -0.000000 0.707107 0.707107 -1.000000 0.000000 0.000000 1.000000 0.000000 0.000000 0.000000 0.258144 0.966107 -0.000000 0.258144 0.966107 -1.000000 0.000000 0.000000 1.000000 0.000000 0.000000 0.000000 -0.258144 0.966107 0.000000 -0.258144 0.966107 -1.000000 0.000000 0.000000 1.000000 0.000000 -0.000000 0.000000 -0.707107 0.707107 0.000000 -0.707107 0.707107 -1.000000 0.000000 0.000000 1.000000 0.000000 0.000000 0.000000 -0.966107 0.258144 0.000000 -0.966107 0.258144 -1.000000 0.000000 0.000000 1.000000 0.000000 0.000000 0.000000 -0.966107 -0.258144 0.000000 -0.966107 -0.258144 -1.000000 -0.000000 0.000000 1.000000 0.000000 0.000000 0.000000 -0.707107 -0.707107 0.000000 -0.707107 -0.707107 -1.000000 0.000000 0.000000 1.000000 0.000000 0.000000 0.000000 -0.258144 -0.966107 0.000000 -0.258144 -0.966107 -1.000000 0.000000 -0.000000 1.000000 0.000000 0.000000 0.000000 0.258144 -0.966107 0.000000 0.258144 -0.966107 -1.000000 0.000000 0.000000 1.000000 0.000000 0.000000 0.000000 0.707107 -0.707107 0.000000 0.707107 -0.707107 -1.000000 0.000000 0.000000 1.000000 0.000000 0.000000 0.000000 0.966107 -0.258144 0.000000 0.966107 -0.258144 -1.000000 0.000000 0.000000 1.000000 -0.000000 0.000000 0.000000 0.966107 0.258144 -0.000000 0.966107 0.258144 -1.000000 0.000000 0.000000 1.000000 0.000000 0.000000 0.000000 0.707107 0.707107 -0.000000 0.707107 0.707107 -1.000000 0.000000 0.000000 1.000000 0.000000 0.000000 0.000000 0.258144 0.966107 -0.000000 0.258144 0.966107 -1.000000 0.000000 0.000000 1.000000 0.000000 0.000000 0.000000 -0.258144 0.966107 0.000000 -0.258144 0.966107 -1.000000 0.000000 0.000000 1.000000 0.000000 -0.000000 0.000000 -0.707107 0.707107 0.000000 -0.707107 0.707107 -1.000000 0.000000 0.000000 1.000000 0.000000 0.000000 0.000000 -0.966107 0.258144 0.000000 -0.966107 0.258144 -1.000000 0.000000 0.000000 1.000000 0.000000 0.000000 0.000000 -0.966107 -0.258144 0.000000 -0.966107 -0.258144 -1.000000 -0.000000 0.000000 1.000000 0.000000 0.000000 0.000000 -0.707107 -0.707107 0.000000 -0.707107 -0.707107 -1.000000 0.000000 0.000000 1.000000 0.000000 0.000000 0.000000 -0.258144 -0.966107 0.000000 -0.258144 -0.966107 -1.000000 0.000000 -0.000000 1.000000 0.000000 0.000000 0.000000 0.258144 -0.966107 0.000000 0.258144 -0.966107 -1.000000 0.000000 0.000000 1.000000 0.000000 0.000000 0.000000 0.707107 -0.707107 0.000000 0.707107 -0.707107 -1.000000 0.000000 0.000000 1.000000 0.000000 0.000000 0.000000 0.966107 -0.258144 0.000000 0.966107 -0.258144 -1.000000 0.000000 0.000000 1.000000 -0.000000 0.000000 0.000000 0.966107 0.258144 -0.000000 0.966107 0.258144 -1.000000 0.000000 0.000000 1.000000 0.000000 0.000000 0.000000 0.707107 0.707107 -0.000000 0.707107 0.707107 -1.000000 0.000000 0.000000 1.000000 0.000000 0.000000 0.000000 0.258144 0.966107 -0.000000 0.258144 0.966107 -1.000000 0.000000 0.000000 1.000000 0.000000 0.000000 0.000000 -0.258144 0.966107 0.000000 -0.258144 0.966107 -1.000000 0.000000 0.000000 1.000000 0.000000 -0.000000 0.000000 -0.707107 0.707107 0.000000 -0.707107 0.707107 -1.000000 0.000000 0.000000 1.000000 0.000000 0.000000 0.000000 -0.966107 0.258144 0.000000 -0.966107 0.258144 -1.000000 0.000000 0.000000 1.000000 0.000000 0.000000 0.000000 -0.966107 -0.258144 0.000000 -0.966107 -0.258144 -1.000000 -0.000000 0.000000 1.000000 0.000000 0.000000 0.000000 -0.707107 -0.707107 0.000000 -0.707107 -0.707107 -1.000000 0.000000 0.000000 1.000000 0.000000 0.000000 0.000000 -0.258144 -0.966107 0.000000 -0.258144 -0.966107 -1.000000 0.000000 -0.000000 1.000000 0.000000 0.000000 0.000000 0.258144 -0.966107 0.000000 0.258144 -0.966107 -1.000000 0.000000 0.000000 1.000000 0.000000 0.000000 0.000000 0.707107 -0.707107 0.000000 0.707107 -0.707107 -1.000000 0.000000 0.000000 1.000000 0.000000 0.000000 0.000000 0.966107 -0.258144 0.000000 0.966107 -0.258144 -1.000000 0.000000 0.000000 1.000000 -0.000000 0.000000 0.000000 0.966107 0.258144 -0.000000 0.966107 0.258144 -1.000000 0.000000 0.000000 1.000000 0.000000 0.000000 0.000000 0.707107 0.707107 -0.000000 0.707107 0.707107 -1.000000 0.000000 0.000000 1.000000 0.000000 0.000000 0.000000 0.258144 0.966107 -0.000000 0.258144 0.966107 -1.000000 0.000000 0.000000 1.000000 0.000000 0.000000 0.000000 -0.258144 0.966107 0.000000 -0.258144 0.966107 -1.000000 0.000000 0.000000 1.000000 0.000000 -0.000000 0.000000 -0.707107 0.707107 0.000000 -0.707107 0.707107 -1.000000 0.000000 0.000000 1.000000 0.000000 0.000000 0.000000 -0.966107 0.258144 0.000000 -0.966107 0.258144 -1.000000 0.000000 0.000000 1.000000 0.000000 0.000000 0.000000 -0.966107 -0.258144 0.000000 -0.966107 -0.258144 -1.000000 -0.000000 0.000000 1.000000 0.000000 0.000000 0.000000 -0.707107 -0.707107 0.000000 -0.707107 -0.707107 -1.000000 0.000000 0.000000 1.000000 0.000000 0.000000 0.000000 -0.258144 -0.966107 0.000000 -0.258144 -0.966107 -1.000000 0.000000 -0.000000 1.000000 0.000000 0.000000 0.000000 0.258144 -0.966107 0.000000 0.258144 -0.966107 -1.000000 0.000000 0.000000 1.000000 0.000000 0.000000 0.000000 0.707107 -0.707107 0.000000 0.707107 -0.707107 -1.000000 0.000000 0.000000 1.000000 0.000000 0.000000 0.000000 0.966107 -0.258144 0.000000 0.966107 -0.258144 -1.000000 0.000000 0.000000 1.000000 -0.000000 0.000000 0.000000 0.966107 0.258144 -0.000000 0.966107 0.258144 -1.000000 0.000000 0.000000 1.000000 0.000000 0.000000 0.000000 0.707107 0.707107 -0.000000 0.707107 0.707107 -1.000000 0.000000 0.000000 1.000000 0.000000 0.000000 0.000000 0.258144 0.966107 -0.000000 0.258144 0.966107 -1.000000 0.000000 0.000000 1.000000 0.000000 0.000000 0.000000 -0.258144 0.966107 0.000000 -0.258144 0.966107 -1.000000 0.000000 0.000000 1.000000 0.000000 -0.000000 0.000000 -0.707107 0.707107 0.000000 -0.707107 0.707107 -1.000000 0.000000 0.000000 1.000000 0.000000 0.000000 0.000000 -0.966107 0.258144 0.000000 -0.966107 0.258144 -1.000000 0.000000 0.000000 1.000000 0.000000 0.000000 0.000000 -0.966107 -0.258144 0.000000 -0.966107 -0.258144 -1.000000 -0.000000 0.000000 1.000000 0.000000 0.000000 0.000000 -0.707107 -0.707107 0.000000 -0.707107 -0.707107 -1.000000 0.000000 0.000000 1.000000 0.000000 0.000000 0.000000 -0.258144 -0.966107 0.000000 -0.258144 -0.966107 -1.000000 0.000000 -0.000000 1.000000 0.000000 0.000000 0.634219 0.257572 -0.728988 0.634219 0.257572 -0.728988 -0.754605 0.000682 -0.656179 0.754605 -0.000682 0.656179 0.464197 0.706990 -0.533560 0.464197 0.706990 -0.533560 -0.754045 -0.000795 -0.656822 0.754045 0.000795 0.656822 0.169384 0.966128 -0.194695 0.169384 0.966128 -0.194695 -0.754950 0.000000 -0.655783 0.754950 -0.000000 0.655783 -0.169384 0.966128 0.194695 -0.169384 0.966128 0.194695 -0.754950 0.000000 -0.655783 0.754950 -0.000000 0.655783 -0.464197 0.706990 0.533560 -0.464197 0.706990 0.533560 -0.754045 0.000795 -0.656822 0.754045 -0.000795 0.656822 -0.634219 0.257572 0.728988 -0.634219 0.257572 0.728988 -0.754605 -0.000682 -0.656179 0.754605 0.000682 0.656179 -0.634219 -0.257572 0.728988 -0.634219 -0.257572 0.728988 -0.754605 0.000682 -0.656179 0.754605 -0.000682 0.656179 -0.464197 -0.706990 0.533560 -0.464197 -0.706990 0.533560 -0.754045 -0.000795 -0.656822 0.754045 0.000795 0.656822 -0.169384 -0.966128 0.194695 -0.169384 -0.966128 0.194695 -0.754950 -0.000000 -0.655783 0.754950 0.000000 0.655783 0.169384 -0.966128 -0.194695 0.169384 -0.966128 -0.194695 -0.754950 -0.000000 -0.655783 0.754950 0.000000 0.655783 0.464197 -0.706990 -0.533560 0.464197 -0.706990 -0.533560 -0.754045 0.000795 -0.656822 0.754045 -0.000795 0.656822 0.634219 -0.257572 -0.728988 0.634219 -0.257572 -0.728988 -0.754605 -0.000682 -0.656179 0.754605 0.000682 0.656179 -0.634219 0.257572 -0.728988 -0.634219 0.257572 -0.728988 -0.754605 -0.000682 0.656179 0.754605 0.000682 -0.656179 -0.464197 0.706990 -0.533560 -0.464197 0.706990 -0.533560 -0.754045 0.000795 0.656822 0.754045 -0.000795 -0.656822 -0.169384 0.966128 -0.194695 -0.169384 0.966128 -0.194695 -0.754950 0.000000 0.655783 0.754950 0.000000 -0.655783 0.169384 0.966128 0.194695 0.169384 0.966128 0.194695 -0.754950 0.000000 0.655783 0.754950 0.000000 -0.655783 0.464197 0.706990 0.533560 0.464197 0.706990 0.533560 -0.754045 -0.000795 0.656822 0.754045 0.000795 -0.656822 0.634219 0.257572 0.728988 0.634219 0.257572 0.728988 -0.754605 0.000682 0.656179 0.754605 -0.000682 -0.656179 0.634219 -0.257572 0.728988 0.634219 -0.257572 0.728988 -0.754605 -0.000682 0.656179 0.754605 0.000682 -0.656179 0.464197 -0.706990 0.533560 0.464197 -0.706990 0.533560 -0.754045 0.000795 0.656822 0.754045 -0.000795 -0.656822 0.169384 -0.966128 0.194695 0.169384 -0.966128 0.194695 -0.754950 0.000000 0.655783 0.754950 0.000000 -0.655783 -0.169384 -0.966128 -0.194695 -0.169384 -0.966128 -0.194695 -0.754950 0.000000 0.655783 0.754950 0.000000 -0.655783 -0.464197 -0.706990 -0.533560 -0.464197 -0.706990 -0.533560 -0.754045 -0.000795 0.656822 0.754045 0.000795 -0.656822 -0.634219 -0.257572 -0.728988 -0.634219 -0.257572 -0.728988 -0.754605 0.000682 0.656179 0.754605 -0.000682 -0.656179 0.634219 0.257572 -0.728988 0.634219 0.257572 -0.728988 -0.754605 0.000682 -0.656179 0.754605 -0.000682 0.656179 0.464197 0.706990 -0.533560 0.464197 0.706990 -0.533560 -0.754045 -0.000795 -0.656822 0.754045 0.000795 0.656822 0.169384 0.966128 -0.194695 0.169384 0.966128 -0.194695 -0.754950 0.000000 -0.655783 0.754950 -0.000000 0.655783 -0.169384 0.966128 0.194695 -0.169384 0.966128 0.194695 -0.754950 0.000000 -0.655783 0.754950 -0.000000 0.655783 -0.464197 0.706990 0.533560 -0.464197 0.706990 0.533560 -0.754045 0.000795 -0.656822 0.754045 -0.000795 0.656822 -0.634219 0.257572 0.728988 -0.634219 0.257572 0.728988 -0.754605 -0.000682 -0.656179 0.754605 0.000682 0.656179 -0.634219 -0.257572 0.728988 -0.634219 -0.257572 0.728988 -0.754605 0.000682 -0.656179 0.754605 -0.000682 0.656179 -0.464197 -0.706990 0.533560 -0.464197 -0.706990 0.533560 -0.754045 -0.000795 -0.656822 0.754045 0.000795 0.656822 -0.169384 -0.966128 0.194695 -0.169384 -0.966128 0.194695 -0.754950 -0.000000 -0.655783 0.754950 0.000000 0.655783 0.169384 -0.966128 -0.194695 0.169384 -0.966128 -0.194695 -0.754950 -0.000000 -0.655783 0.754950 0.000000 0.655783 0.464197 -0.706990 -0.533560 0.464197 -0.706990 -0.533560 -0.754045 0.000795 -0.656822 0.754045 -0.000795 0.656822 0.634219 -0.257572 -0.728988 0.634219 -0.257572 -0.728988 -0.754605 -0.000682 -0.656179 0.754605 0.000682 0.656179 -0.634219 0.257572 -0.728988 -0.634219 0.257572 -0.728988 -0.754605 -0.000682 0.656179 0.754605 0.000682 -0.656179 -0.464197 0.706990 -0.533560 -0.464197 0.706990 -0.533560 -0.754045 0.000795 0.656822 0.754045 -0.000795 -0.656822 -0.169384 0.966128 -0.194695 -0.169384 0.966128 -0.194695 -0.754950 0.000000 0.655783 0.754950 0.000000 -0.655783 0.169384 0.966128 0.194695 0.169384 0.966128 0.194695 -0.754950 0.000000 0.655783 0.754950 0.000000 -0.655783 0.464197 0.706990 0.533560 0.464197 0.706990 0.533560 -0.754045 -0.000795 0.656822 0.754045 0.000795 -0.656822 0.634219 0.257572 0.728988 0.634219 0.257572 0.728988 -0.754605 0.000682 0.656179 0.754605 -0.000682 -0.656179 0.634219 -0.257572 0.728988 0.634219 -0.257572 0.728988 -0.754605 -0.000682 0.656179 0.754605 0.000682 -0.656179 0.464197 -0.706990 0.533560 0.464197 -0.706990 0.533560 -0.754045 0.000795 0.656822 0.754045 -0.000795 -0.656822 0.169384 -0.966128 0.194695 0.169384 -0.966128 0.194695 -0.754950 0.000000 0.655783 0.754950 0.000000 -0.655783 -0.169384 -0.966128 -0.194695 -0.169384 -0.966128 -0.194695 -0.754950 0.000000 0.655783 0.754950 0.000000 -0.655783 -0.464197 -0.706990 -0.533560 -0.464197 -0.706990 -0.533560 -0.754045 -0.000795 0.656822 0.754045 0.000795 -0.656822 -0.634219 -0.257572 -0.728988 -0.634219 -0.257572 -0.728988 -0.754605 0.000682 0.656179 0.754605 -0.000682 -0.656179 0.671112 0.260040 -0.694254 0.671112 0.260040 -0.694254 -0.719002 -0.000044 -0.695008 0.719002 0.000044 0.695008 0.491689 0.706770 -0.508643 0.491689 0.706770 -0.508643 -0.719021 0.000005 -0.694988 0.719021 -0.000005 0.694988 0.179559 0.966051 -0.185751 0.179559 0.966051 -0.185751 -0.719015 0.000000 -0.694995 0.719015 -0.000000 0.694995 -0.179559 0.966051 0.185751 -0.179559 0.966051 0.185751 -0.719015 0.000000 -0.694995 0.719015 -0.000000 0.694995 -0.491689 0.706770 0.508643 -0.491689 0.706770 0.508643 -0.719021 -0.000005 -0.694988 0.719021 0.000005 0.694988 -0.671112 0.260040 0.694254 -0.671112 0.260040 0.694254 -0.719002 0.000044 -0.695008 0.719002 -0.000044 0.695008 -0.671112 -0.260040 0.694254 -0.671112 -0.260040 0.694254 -0.719002 -0.000044 -0.695008 0.719002 0.000044 0.695008 -0.491689 -0.706770 0.508643 -0.491689 -0.706770 0.508643 -0.719021 0.000005 -0.694988 0.719021 -0.000005 0.694988 -0.179559 -0.966051 0.185751 -0.179559 -0.966051 0.185751 -0.719015 -0.000000 -0.694995 0.719015 0.000000 0.694995 0.179559 -0.966051 -0.185751 0.179559 -0.966051 -0.185751 -0.719015 -0.000000 -0.694995 0.719015 0.000000 0.694995 0.491689 -0.706770 -0.508643 0.491689 -0.706770 -0.508643 -0.719021 -0.000005 -0.694988 0.719021 0.000005 0.694988 0.671112 -0.260040 -0.694254 0.671112 -0.260040 -0.694254 -0.719002 0.000044 -0.695008 0.719002 -0.000044 0.695008 -0.671112 0.260040 -0.694254 -0.671112 0.260040 -0.694254 -0.719002 0.000044 0.695008 0.719002 -0.000044 -0.695008 -0.491689 0.706770 -0.508643 -0.491689 0.706770 -0.508643 -0.719021 -0.000005 0.694988 0.719021 0.000005 -0.694988 -0.179559 0.966051 -0.185751 -0.179559 0.966051 -0.185751 -0.719015 0.000000 0.694995 0.719015 0.000000 -0.694995 0.179559 0.966051 0.185751 0.179559 0.966051 0.185751 -0.719015 0.000000 0.694995 0.719015 0.000000 -0.694995 0.491689 0.706770 0.508643 0.491689 0.706770 0.508643 -0.719021 0.000005 0.694988 0.719021 -0.000005 -0.694988 0.671112 0.260040 0.694254 0.671112 0.260040 0.694254 -0.719002 -0.000044 0.695008 0.719002 0.000044 -0.695008 0.671112 -0.260040 0.694254 0.671112 -0.260040 0.694254 -0.719002 0.000044 0.695008 0.719002 -0.000044 -0.695008 0.491689 -0.706770 0.508643 0.491689 -0.706770 0.508643 -0.719021 -0.000005 0.694988 0.719021 0.000005 -0.694988 0.179559 -0.966051 0.185751 0.179559 -0.966051 0.185751 -0.719015 0.000000 0.694995 0.719015 0.000000 -0.694995 -0.179559 -0.966051 -0.185751 -0.179559 -0.966051 -0.185751 -0.719015 0.000000 0.694995 0.719015 0.000000 -0.694995 -0.491689 -0.706770 -0.508643 -0.491689 -0.706770 -0.508643 -0.719021 0.000005 0.694988 0.719021 -0.000005 -0.694988 -0.671112 -0.260040 -0.694254 -0.671112 -0.260040 -0.694254 -0.719002 -0.000044 0.695008 0.719002 0.000044 -0.695008 0.671112 0.260040 -0.694254 0.671112 0.260040 -0.694254 -0.719002 -0.000044 -0.695008 0.719002 0.000044 0.695008 0.491689 0.706770 -0.508643 0.491689 0.706770 -0.508643 -0.719021 0.000005 -0.694988 0.719021 -0.000005 0.694988 0.179559 0.966051 -0.185751 0.179559 0.966051 -0.185751 -0.719015 0.000000 -0.694995 0.719015 -0.000000 0.694995 -0.179559 0.966051 0.185751 -0.179559 0.966051 0.185751 -0.719015 0.000000 -0.694995 0.719015 -0.000000 0.694995 -0.491689 0.706770 0.508643 -0.491689 0.706770 0.508643 -0.719021 -0.000005 -0.694988 0.719021 0.000005 0.694988 -0.671112 0.260040 0.694254 -0.671112 0.260040 0.694254 -0.719002 0.000044 -0.695008 0.719002 -0.000044 0.695008 -0.671112 -0.260040 0.694254 -0.671112 -0.260040 0.694254 -0.719002 -0.000044 -0.695008 0.719002 0.000044 0.695008 -0.491689 -0.706770 0.508643 -0.491689 -0.706770 0.508643 -0.719021 0.000005 -0.694988 0.719021 -0.000005 0.694988 -0.179559 -0.966051 0.185751 -0.179559 -0.966051 0.185751 -0.719015 -0.000000 -0.694995 0.719015 0.000000 0.694995 0.179559 -0.966051 -0.185751 0.179559 -0.966051 -0.185751 -0.719015 -0.000000 -0.694995 0.719015 0.000000 0.694995 0.491689 -0.706770 -0.508643 0.491689 -0.706770 -0.508643 -0.719021 -0.000005 -0.694988 0.719021 0.000005 0.694988 0.671112 -0.260040 -0.694254 0.671112 -0.260040 -0.694254 -0.719002 0.000044 -0.695008 0.719002 -0.000044 0.695008 -0.671112 0.260040 -0.694254 -0.671112 0.260040 -0.694254 -0.719002 0.000044 0.695008 0.719002 -0.000044 -0.695008 -0.491689 0.706770 -0.508643 -0.491689 0.706770 -0.508643 -0.719021 -0.000005 0.694988 0.719021 0.000005 -0.694988 -0.179559 0.966051 -0.185751 -0.179559 0.966051 -0.185751 -0.719015 0.000000 0.694995 0.719015 0.000000 -0.694995 0.179559 0.966051 0.185751 0.179559 0.966051 0.185751 -0.719015 0.000000 0.694995 0.719015 0.000000 -0.694995 0.491689 0.706770 0.508643 0.491689 0.706770 0.508643 -0.719021 0.000005 0.694988 0.719021 -0.000005 -0.694988 0.671112 0.260040 0.694254 0.671112 0.260040 0.694254 -0.719002 -0.000044 0.695008 0.719002 0.000044 -0.695008 0.671112 -0.260040 0.694254 0.671112 -0.260040 0.694254 -0.719002 0.000044 0.695008 0.719002 -0.000044 -0.695008 0.491689 -0.706770 0.508643 0.491689 -0.706770 0.508643 -0.719021 -0.000005 0.694988 0.719021 0.000005 -0.694988 0.179559 -0.966051 0.185751 0.179559 -0.966051 0.185751 -0.719015 0.000000 0.694995 0.719015 0.000000 -0.694995 -0.179559 -0.966051 -0.185751 -0.179559 -0.966051 -0.185751 -0.719015 0.000000 0.694995 0.719015 0.000000 -0.694995 -0.491689 -0.706770 -0.508643 -0.491689 -0.706770 -0.508643 -0.719021 0.000005 0.694988 0.719021 -0.000005 -0.694988 -0.671112 -0.260040 -0.694254 -0.671112 -0.260040 -0.694254 -0.719002 -0.000044 0.695008 0.719002 0.000044 -0.695008 0.000000 0.258350 -0.966051 0.000000 0.258350 -0.966051 -1.000000 0.000000 0.000000 1.000000 0.000000 0.000000 0.000000 0.707107 -0.707107 0.000000 0.707107 -0.707107 -1.000000 0.000000 0.000000 1.000000 0.000000 0.000000 0.000000 0.966051 -0.258350 0.000000 0.966051 -0.258350 -1.000000 0.000000 0.000000 1.000000 -0.000000 0.000000 0.000000 0.966051 0.258350 -0.000000 0.966051 0.258350 -1.000000 0.000000 0.000000 1.000000 0.000000 0.000000 0.000000 0.707107 0.707107 -0.000000 0.707107 0.707107 -1.000000 0.000000 0.000000 1.000000 0.000000 0.000000 0.000000 0.258350 0.966051 -0.000000 0.258350 0.966051 -1.000000 0.000000 0.000000 1.000000 0.000000 0.000000 0.000000 -0.258350 0.966051 0.000000 -0.258350 0.966051 -1.000000 0.000000 0.000000 1.000000 0.000000 -0.000000 0.000000 -0.707107 0.707107 0.000000 -0.707107 0.707107 -1.000000 0.000000 0.000000 1.000000 0.000000 0.000000 0.000000 -0.966051 0.258350 0.000000 -0.966051 0.258350 -1.000000 0.000000 0.000000 1.000000 0.000000 0.000000 0.000000 -0.966051 -0.258350 0.000000 -0.966051 -0.258350 -1.000000 -0.000000 0.000000 1.000000 0.000000 0.000000 0.000000 -0.707107 -0.707107 0.000000 -0.707107 -0.707107 -1.000000 0.000000 0.000000 1.000000 0.000000 0.000000 0.000000 -0.258350 -0.966051 0.000000 -0.258350 -0.966051 -1.000000 0.000000 -0.000000 1.000000 0.000000 0.000000 0.000000 0.258350 -0.966051 0.000000 0.258350 -0.966051 -1.000000 0.000000 0.000000 1.000000 0.000000 0.000000 0.000000 0.707107 -0.707107 0.000000 0.707107 -0.707107 -1.000000 0.000000 0.000000 1.000000 0.000000 0.000000 0.000000 0.966051 -0.258350 0.000000 0.966051 -0.258350 -1.000000 0.000000 0.000000 1.000000 -0.000000 0.000000 0.000000 0.966051 0.258350 -0.000000 0.966051 0.258350 -1.000000 0.000000 0.000000 1.000000 0.000000 0.000000 0.000000 0.707107 0.707107 -0.000000 0.707107 0.707107 -1.000000 0.000000 0.000000 1.000000 0.000000 0.000000 0.000000 0.258350 0.966051 -0.000000 0.258350 0.966051 -1.000000 0.000000 0.000000 1.000000 0.000000 0.000000 0.000000 -0.258350 0.966051 0.000000 -0.258350 0.966051 -1.000000 0.000000 0.000000 1.000000 0.000000 -0.000000 0.000000 -0.707107 0.707107 0.000000 -0.707107 0.707107 -1.000000 0.000000 0.000000 1.000000 0.000000 0.000000 0.000000 -0.966051 0.258350 0.000000 -0.966051 0.258350 -1.000000 0.000000 0.000000 1.000000 0.000000 0.000000 0.000000 -0.966051 -0.258350 0.000000 -0.966051 -0.258350 -1.000000 -0.000000 0.000000 1.000000 0.000000 0.000000 0.000000 -0.707107 -0.707107 0.000000 -0.707107 -0.707107 -1.000000 0.000000 0.000000 1.000000 0.000000 0.000000 0.000000 -0.258350 -0.966051 0.000000 -0.258350 -0.966051 -1.000000 0.000000 -0.000000 1.000000 0.000000 0.000000 -0.258350 0.000000 -0.966051 -0.258350 0.000000 -0.966051 0.000000 -1.000000 -0.000000 0.000000 1.000000 0.000000 -0.707107 0.000000 -0.707107 -0.707107 0.000000 -0.707107 0.000000 -1.000000 0.000000 0.000000 1.000000 0.000000 -0.966051 0.000000 -0.258350 -0.966051 0.000000 -0.258350 -0.000000 -1.000000 0.000000 0.000000 1.000000 0.000000 -0.966051 0.000000 0.258350 -0.966051 0.000000 0.258350 0.000000 -1.000000 0.000000 0.000000 1.000000 0.000000 -0.707107 0.000000 0.707107 -0.707107 0.000000 0.707107 0.000000 -1.000000 0.000000 0.000000 1.000000 0.000000 -0.258350 0.000000 0.966051 -0.258350 0.000000 0.966051 0.000000 -1.000000 0.000000 0.000000 1.000000 -0.000000 0.258350 0.000000 0.966051 0.258350 -0.000000 0.966051 0.000000 -1.000000 0.000000 0.000000 1.000000 0.000000 0.707107 0.000000 0.707107 0.707107 -0.000000 0.707107 0.000000 -1.000000 0.000000 0.000000 1.000000 0.000000 0.966051 0.000000 0.258350 0.966051 -0.000000 0.258350 0.000000 -1.000000 0.000000 0.000000 1.000000 0.000000 0.966051 0.000000 -0.258350 0.966051 0.000000 -0.258350 0.000000 -1.000000 0.000000 -0.000000 1.000000 0.000000 0.707107 0.000000 -0.707107 0.707107 0.000000 -0.707107 0.000000 -1.000000 0.000000 0.000000 1.000000 0.000000 0.258350 0.000000 -0.966051 0.258350 0.000000 -0.966051 0.000000 -1.000000 0.000000 0.000000 1.000000 0.000000 -0.258350 0.000000 -0.966051 -0.258350 0.000000 -0.966051 0.000000 -1.000000 -0.000000 0.000000 1.000000 0.000000 -0.707107 0.000000 -0.707107 -0.707107 0.000000 -0.707107 0.000000 -1.000000 0.000000 0.000000 1.000000 0.000000 -0.966051 0.000000 -0.258350 -0.966051 0.000000 -0.258350 -0.000000 -1.000000 0.000000 0.000000 1.000000 0.000000 -0.966051 0.000000 0.258350 -0.966051 0.000000 0.258350 0.000000 -1.000000 0.000000 0.000000 1.000000 0.000000 -0.707107 0.000000 0.707107 -0.707107 0.000000 0.707107 0.000000 -1.000000 0.000000 0.000000 1.000000 0.000000 -0.258350 0.000000 0.966051 -0.258350 0.000000 0.966051 0.000000 -1.000000 0.000000 0.000000 1.000000 -0.000000 0.258350 0.000000 0.966051 0.258350 -0.000000 0.966051 0.000000 -1.000000 0.000000 0.000000 1.000000 0.000000 0.707107 0.000000 0.707107 0.707107 -0.000000 0.707107 0.000000 -1.000000 0.000000 0.000000 1.000000 0.000000 0.966051 0.000000 0.258350 0.966051 -0.000000 0.258350 0.000000 -1.000000 0.000000 0.000000 1.000000 0.000000 0.966051 0.000000 -0.258350 0.966051 0.000000 -0.258350 0.000000 -1.000000 0.000000 -0.000000 1.000000 0.000000 0.707107 0.000000 -0.707107 0.707107 0.000000 -0.707107 0.000000 -1.000000 0.000000 0.000000 1.000000 0.000000 0.258350 0.000000 -0.966051 0.258350 0.000000 -0.966051 0.000000 -1.000000 0.000000 0.000000 1.000000 0.000000 0.000000 0.258350 -0.966051 0.000000 0.258350 -0.966051 -1.000000 0.000000 0.000000 1.000000 0.000000 0.000000 0.000000 0.707107 -0.707107 0.000000 0.707107 -0.707107 -1.000000 0.000000 0.000000 1.000000 0.000000 0.000000 0.000000 0.966051 -0.258350 0.000000 0.966051 -0.258350 -1.000000 0.000000 0.000000 1.000000 -0.000000 0.000000 0.000000 0.966051 0.258350 -0.000000 0.966051 0.258350 -1.000000 0.000000 0.000000 1.000000 0.000000 0.000000 0.000000 0.707107 0.707107 -0.000000 0.707107 0.707107 -1.000000 0.000000 0.000000 1.000000 0.000000 0.000000 0.000000 0.258350 0.966051 -0.000000 0.258350 0.966051 -1.000000 0.000000 0.000000 1.000000 0.000000 0.000000 0.000000 -0.258350 0.966051 0.000000 -0.258350 0.966051 -1.000000 0.000000 0.000000 1.000000 0.000000 -0.000000 0.000000 -0.707107 0.707107 0.000000 -0.707107 0.707107 -1.000000 0.000000 0.000000 1.000000 0.000000 0.000000 0.000000 -0.966051 0.258350 0.000000 -0.966051 0.258350 -1.000000 0.000000 0.000000 1.000000 0.000000 0.000000 0.000000 -0.966051 -0.258350 0.000000 -0.966051 -0.258350 -1.000000 -0.000000 0.000000 1.000000 0.000000 0.000000 0.000000 -0.707107 -0.707107 0.000000 -0.707107 -0.707107 -1.000000 0.000000 0.000000 1.000000 0.000000 0.000000 0.000000 -0.258350 -0.966051 0.000000 -0.258350 -0.966051 -1.000000 0.000000 -0.000000 1.000000 0.000000 0.000000 0.000000 0.258350 -0.966051 0.000000 0.258350 -0.966051 -1.000000 0.000000 0.000000 1.000000 0.000000 0.000000 0.000000 0.707107 -0.707107 0.000000 0.707107 -0.707107 -1.000000 0.000000 0.000000 1.000000 0.000000 0.000000 0.000000 0.966051 -0.258350 0.000000 0.966051 -0.258350 -1.000000 0.000000 0.000000 1.000000 -0.000000 0.000000 0.000000 0.966051 0.258350 -0.000000 0.966051 0.258350 -1.000000 0.000000 0.000000 1.000000 0.000000 0.000000 0.000000 0.707107 0.707107 -0.000000 0.707107 0.707107 -1.000000 0.000000 0.000000 1.000000 0.000000 0.000000 0.000000 0.258350 0.966051 -0.000000 0.258350 0.966051 -1.000000 0.000000 0.000000 1.000000 0.000000 0.000000 0.000000 -0.258350 0.966051 0.000000 -0.258350 0.966051 -1.000000 0.000000 0.000000 1.000000 0.000000 -0.000000 0.000000 -0.707107 0.707107 0.000000 -0.707107 0.707107 -1.000000 0.000000 0.000000 1.000000 0.000000 0.000000 0.000000 -0.966051 0.258350 0.000000 -0.966051 0.258350 -1.000000 0.000000 0.000000 1.000000 0.000000 0.000000 0.000000 -0.966051 -0.258350 0.000000 -0.966051 -0.258350 -1.000000 -0.000000 0.000000 1.000000 0.000000 0.000000 0.000000 -0.707107 -0.707107 0.000000 -0.707107 -0.707107 -1.000000 0.000000 0.000000 1.000000 0.000000 0.000000 0.000000 -0.258350 -0.966051 0.000000 -0.258350 -0.966051 -1.000000 0.000000 -0.000000 1.000000 0.000000 0.000000 -0.258350 0.000000 -0.966051 -0.258350 0.000000 -0.966051 0.000000 -1.000000 -0.000000 0.000000 1.000000 0.000000 -0.707107 0.000000 -0.707107 -0.707107 0.000000 -0.707107 0.000000 -1.000000 0.000000 0.000000 1.000000 0.000000 -0.966051 0.000000 -0.258350 -0.966051 0.000000 -0.258350 -0.000000 -1.000000 0.000000 0.000000 1.000000 0.000000 -0.966051 0.000000 0.258350 -0.966051 0.000000 0.258350 0.000000 -1.000000 0.000000 0.000000 1.000000 0.000000 -0.707107 0.000000 0.707107 -0.707107 0.000000 0.707107 0.000000 -1.000000 0.000000 0.000000 1.000000 0.000000 -0.258350 0.000000 0.966051 -0.258350 0.000000 0.966051 0.000000 -1.000000 0.000000 0.000000 1.000000 -0.000000 0.258350 0.000000 0.966051 0.258350 -0.000000 0.966051 0.000000 -1.000000 0.000000 0.000000 1.000000 0.000000 0.707107 0.000000 0.707107 0.707107 -0.000000 0.707107 0.000000 -1.000000 0.000000 0.000000 1.000000 0.000000 0.966051 0.000000 0.258350 0.966051 -0.000000 0.258350 0.000000 -1.000000 0.000000 0.000000 1.000000 0.000000 0.966051 0.000000 -0.258350 0.966051 0.000000 -0.258350 0.000000 -1.000000 0.000000 -0.000000 1.000000 0.000000 0.707107 0.000000 -0.707107 0.707107 0.000000 -0.707107 0.000000 -1.000000 0.000000 0.000000 1.000000 0.000000 0.258350 0.000000 -0.966051 0.258350 0.000000 -0.966051 0.000000 -1.000000 0.000000 0.000000 1.000000 0.000000 -0.258350 0.000000 -0.966051 -0.258350 0.000000 -0.966051 0.000000 -1.000000 -0.000000 0.000000 1.000000 0.000000 -0.707107 0.000000 -0.707107 -0.707107 0.000000 -0.707107 0.000000 -1.000000 0.000000 0.000000 1.000000 0.000000 -0.966051 0.000000 -0.258350 -0.966051 0.000000 -0.258350 -0.000000 -1.000000 0.000000 0.000000 1.000000 0.000000 -0.966051 0.000000 0.258350 -0.966051 0.000000 0.258350 0.000000 -1.000000 0.000000 0.000000 1.000000 0.000000 -0.707107 0.000000 0.707107 -0.707107 0.000000 0.707107 0.000000 -1.000000 0.000000 0.000000 1.000000 0.000000 -0.258350 0.000000 0.966051 -0.258350 0.000000 0.966051 0.000000 -1.000000 0.000000 0.000000 1.000000 -0.000000 0.258350 0.000000 0.966051 0.258350 -0.000000 0.966051 0.000000 -1.000000 0.000000 0.000000 1.000000 0.000000 0.707107 0.000000 0.707107 0.707107 -0.000000 0.707107 0.000000 -1.000000 0.000000 0.000000 1.000000 0.000000 0.966051 0.000000 0.258350 0.966051 -0.000000 0.258350 0.000000 -1.000000 0.000000 0.000000 1.000000 0.000000 0.966051 0.000000 -0.258350 0.966051 0.000000 -0.258350 0.000000 -1.000000 0.000000 -0.000000 1.000000 0.000000 0.707107 0.000000 -0.707107 0.707107 0.000000 -0.707107 0.000000 -1.000000 0.000000 0.000000 1.000000 0.000000 0.258350 0.000000 -0.966051 0.258350 0.000000 -0.966051 0.000000 -1.000000 0.000000 0.000000 1.000000 0.000000</float_array>
        <technique_common>
          <accessor source="#alu-nrm-array" count="2784" stride="3"><param name="X" type="float"/><param name="Y" type="float"/><param name="Z" type="float"/></accessor>
        </technique_common>
      </source>
      <vertices id="alu-vtx">
        <input semantic="POSITION" source="#alu-pos"/>
      </vertices>
      <triangles material="alu-sym" count="2784">
        <input semantic="VERTEX" source="#alu-vtx" offset="0"/>
        <input semantic="NORMAL" source="#alu-nrm" offset="1"/>
        <p>0 0 1 0 13 0 0 1 13 1 12 1 24 2 1 2 0 2 25 3 12 3 13 3 1 4 2 4 14 4 1 5 14 5 13 5 24 6 2 6 1 6 25 7 13 7 14 7 2 8 3 8 15 8 2 9 15 9 14 9 24 10 3 10 2 10 25 11 14 11 15 11 3 12 4 12 16 12 3 13 16 13 15 13 24 14 4 14 3 14 25 15 15 15 16 15 4 16 5 16 17 16 4 17 17 17 16 17 24 18 5 18 4 18 25 19 16 19 17 19 5 20 6 20 18 20 5 21 18 21 17 21 24 22 6 22 5 22 25 23 17 23 18 23 6 24 7 24 19 24 6 25 19 25 18 25 24 26 7 26 6 26 25 27 18 27 19 27 7 28 8 28 20 28 7 29 20 29 19 29 24 30 8 30 7 30 25 31 19 31 20 31 8 32 9 32 21 32 8 33 21 33 20 33 24 34 9 34 8 34 25 35 20 35 21 35 9 36 10 36 22 36 9 37 22 37 21 37 24 38 10 38 9 38 25 39 21 39 22 39 10 40 11 40 23 40 10 41 23 41 22 41 24 42 11 42 10 42 25 43 22 43 23 43 11 44 0 44 12 44 11 45 12 45 23 45 24 46 0 46 11 46 25 47 23 47 12 47 26 48 27 48 39 48 26 49 39 49 38 49 50 50 27 50 26 50 51 51 38 51 39 51 27 52 28 52 40 52 27 53 40 53 39 53 50 54 28 54 27 54 51 55 39 55 40 55 28 56 29 56 41 56 28 57 41 57 40 57 50 58 29 58 28 58 51 59 40 59 41 59 29 60 30 60 42 60 29 61 42 61 41 61 50 62 30 62 29 62 51 63 41 63 42 63 30 64 31 64 43 64 30 65 43 65 42 65 50 66 31 66 30 66 51 67 42 67 43 67 31 68 32 68 44 68 31 69 44 69 43 69 50 70 32 70 31 70 51 71 43 71 44 71 32 72 33 72 45 72 32 73 45 73 44 73 50 74 33 74 32 74 51 75 44 75 45 75 33 76 34 76 46 76 33 77 46 77 45 77 50 78 34 78 33 78 51 79 45 79 46 79 34 80 35 80 47 80 34 81 47 81 46 81 50 82 35 82 34 82 51 83 46 83 47 83 35 84 36 84 48 84 35 85 48 85 47 85 50 86 36 86 35 86 51 87 47 87 48 87 36 88 37 88 49 88 36 89 49 89 48 89 50 90 37 90 36 90 51 91 48 91 49 91 37 92 26 92 38 92 37 93 38 93 49 93 50 94 26 94 37 94 51 95 49 95 38 95 52 96 53 96 65 96 52 97 65 97 64 97 76 98 53 98 52 98 77 99 64 99 65 99 53 100 54 100 66 100 53 101 66 101 65 101 76 102 54 102 53 102 77 103 65 103 66 103 54 104 55 104 67 104 54 105 67 105 66 105 76 106 55 106 54 106 77 107 66 107 67 107 55 108 56 108 68 108 55 109 68 109 67 109 76 110 56 110 55 110 77 111 67 111 68 111 56 112 57 112 69 112 56 113 69 113 68 113 76 114 57 114 56 114 77 115 68 115 69 115 57 116 58 116 70 116 57 117 70 117 69 117 76 118 58 118 57 118 77 119 69 119 70 119 58 120 59 120 71 120 58 121 71 121 70 121 76 122 59 122 58 122 77 123 70 123 71 123 59 124 60 124 72 124 59 125 72 125 71 125 76 126 60 126 59 126 77 127 71 127 72 127 60 128 61 128 73 128 60 129 73 129 72 129 76 130 61 130 60 130 77 131 72 131 73 131 61 132 62 132 74 132 61 133 74 133 73 133 76 134 62 134 61 134 77 135 73 135 74 135 62 136 63 136 75 136 62 137 75 137 74 137 76 138 63 138 62 138 77 139 74 139 75 139 63 140 52 140 64 140 63 141 64 141 75 141 76 142 52 142 63 142 77 143 75 143 64 143 78 144 79 144 91 144 78 145 91 145 90 145 102 146 79 146 78 146 103 147 90 147 91 147 79 148 80 148 92 148 79 149 92 149 91 149 102 150 80 150 79 150 103 151 91 151 92 151 80 152 81 152 93 152 80 153 93 153 92 153 102 154 81 154 80 154 103 155 92 155 93 155 81 156 82 156 94 156 81 157 94 157 93 157 102 158 82 158 81 158 103 159 93 159 94 159 82 160 83 160 95 160 82 161 95 161 94 161 102 162 83 162 82 162 103 163 94 163 95 163 83 164 84 164 96 164 83 165 96 165 95 165 102 166 84 166 83 166 103 167 95 167 96 167 84 168 85 168 97 168 84 169 97 169 96 169 102 170 85 170 84 170 103 171 96 171 97 171 85 172 86 172 98 172 85 173 98 173 97 173 102 174 86 174 85 174 103 175 97 175 98 175 86 176 87 176 99 176 86 177 99 177 98 177 102 178 87 178 86 178 103 179 98 179 99 179 87 180 88 180 100 180 87 181 100 181 99 181 102 182 88 182 87 182 103 183 99 183 100 183 88 184 89 184 101 184 88 185 101 185 100 185 102 186 89 186 88 186 103 187 100 187 101 187 89 188 78 188 90 188 89 189 90 189 101 189 102 190 78 190 89 190 103 191 101 191 90 191 104 192 105 192 117 192 104 193 117 193 116 193 128 194 105 194 104 194 129 195 116 195 117 195 105 196 106 196 118 196 105 197 118 197 117 197 128 198 106 198 105 198 129 199 117 199 118 199 106 200 107 200 119 200 106 201 119 201 118 201 128 202 107 202 106 202 129 203 118 203 119 203 107 204 108 204 120 204 107 205 120 205 119 205 128 206 108 206 107 206 129 207 119 207 120 207 108 208 109 208 121 208 108 209 121 209 120 209 128 210 109 210 108 210 129 211 120 211 121 211 109 212 110 212 122 212 109 213 122 213 121 213 128 214 110 214 109 214 129 215 121 215 122 215 110 216 111 216 123 216 110 217 123 217 122 217 128 218 111 218 110 218 129 219 122 219 123 219 111 220 112 220 124 220 111 221 124 221 123 221 128 222 112 222 111 222 129 223 123 223 124 223 112 224 113 224 125 224 112 225 125 225 124 225 128 226 113 226 112 226 129 227 124 227 125 227 113 228 114 228 126 228 113 229 126 229 125 229 128 230 114 230 113 230 129 231 125 231 126 231 114 232 115 232 127 232 114 233 127 233 126 233 128 234 115 234 114 234 129 235 126 235 127 235 115 236 104 236 116 236 115 237 116 237 127 237 128 238 104 238 115 238 129 239 127 239 116 239 130 240 131 240 143 240 130 241 143 241 142 241 154 242 131 242 130 242 155 243 142 243 143 243 131 244 132 244 144 244 131 245 144 245 143 245 154 246 132 246 131 246 155 247 143 247 144 247 132 248 133 248 145 248 132 249 145 249 144 249 154 250 133 250 132 250 155 251 144 251 145 251 133 252 134 252 146 252 133 253 146 253 145 253 154 254 134 254 133 254 155 255 145 255 146 255 134 256 135 256 147 256 134 257 147 257 146 257 154 258 135 258 134 258 155 259 146 259 147 259 135 260 136 260 148 260 135 261 148 261 147 261 154 262 136 262 135 262 155 263 147 263 148 263 136 264 137 264 149 264 136 265 149 265 148 265 154 266 137 266 136 266 155 267 148 267 149 267 137 268 138 268 150 268 137 269 150 269 149 269 154 270 138 270 137 270 155 271 149 271 150 271 138 272 139 272 151 272 138 273 151 273 150 273 154 274 139 274 138 274 155 275 150 275 151 275 139 276 140 276 152 276 139 277 152 277 151 277 154 278 140 278 139 278 155 279 151 279 152 279 140 280 141 280 153 280 140 281 153 281 152 281 154 282 141 282 140 282 155 283 152 283 153 283 141 284 130 284 142 284 141 285 142 285 153 285 154 286 130 286 141 286 155 287 153 287 142 287 156 288 157 288 169 288 156 289 169 289 168 289 180 290 157 290 156 290 181 291 168 291 169 291 157 292 158 292 170 292 157 293 170 293 169 293 180 294 158 294 157 294 181 295 169 295 170 295 158 296 159 296 171 296 158 297 171 297 170 297 180 298 159 298 158 298 181 299 170 299 171 299 159 300 160 300 172 300 159 301 172 301 171 301 180 302 160 302 159 302 181 303 171 303 172 303 160 304 161 304 173 304 160 305 173 305 172 305 180 306 161 306 160 306 181 307 172 307 173 307 161 308 162 308 174 308 161 309 174 309 173 309 180 310 162 310 161 310 181 311 173 311 174 311 162 312 163 312 175 312 162 313 175 313 174 313 180 314 163 314 162 314 181 315 174 315 175 315 163 316 164 316 176 316 163 317 176 317 175 317 180 318 164 318 163 318 181 319 175 319 176 319 164 320 165 320 177 320 164 321 177 321 176 321 180 322 165 322 164 322 181 323 176 323 177 323 165 324 166 324 178 324 165 325 178 325 177 325 180 326 166 326 165 326 181 327 177 327 178 327 166 328 167 328 179 328 166 329 179 329 178 329 180 330 167 330 166 330 181 331 178 331 179 331 167 332 156 332 168 332 167 333 168 333 179 333 180 334 156 334 167 334 181 335 179 335 168 335 182 336 183 336 195 336 182 337 195 337 194 337 206 338 183 338 182 338 207 339 194 339 195 339 183 340 184 340 196 340 183 341 196 341 195 341 206 342 184 342 183 342 207 343 195 343 196 343 184 344 185 344 197 344 184 345 197 345 196 345 206 346 185 346 184 346 207 347 196 347 197 347 185 348 186 348 198 348 185 349 198 349 197 349 206 350 186 350 185 350 207 351 197 351 198 351 186 352 187 352 199 352 186 353 199 353 198 353 206 354 187 354 186 354 207 355 198 355 199 355 187 356 188 356 200 356 187 357 200 357 199 357 206 358 188 358 187 358 207 359 199 359 200 359 188 360 189 360 201 360 188 361 201 361 200 361 206 362 189 362 188 362 207 363 200 363 201 363 189 364 190 364 202 364 189 365 202 365 201 365 206 366 190 366 189 366 207 367 201 367 202 367 190 368 191 368 203 368 190 369 203 369 202 369 206 370 191 370 190 370 207 371 202 371 203 371 191 372 192 372 204 372 191 373 204 373 203 373 206 374 192 374 191 374 207 375 203 375 204 375 192 376 193 376 205 376 192 377 205 377 204 377 206 378 193 378 192 378 207 379 204 379 205 379 193 380 182 380 194 380 193 381 194 381 205 381 206 382 182 382 193 382 207 383 205 383 194 383 208 384 209 384 221 384 208 385 221 385 220 385 232 386 209 386 208 386 233 387 220 387 221 387 209 388 210 388 222 388 209 389 222 389 221 389 232 390 210 390 209 390 233 391 221 391 222 391 210 392 211 392 223 392 210 393 223 393 222 393 232 394 211 394 210 394 233 395 222 395 223 395 211 396 212 396 224 396 211 397 224 397 223 397 232 398 212 398 211 398 233 399 223 399 224 399 212 400 213 400 225 400 212 401 225 401 224 401 232 402 213 402 212 402 233 403 224 403 225 403 213 404 214 404 226 404 213 405 226 405 225 405 232 406 214 406 213 406 233 407 225 407 226 407 214 408 215 408 227 408 214 409 227 409 226 409 232 410 215 410 214 410 233 411 226 411 227 411 215 412 216 412 228 412 215 413 228 413 227 413 232 414 216 414 215 414 233 415 227 415 228 415 216 416 217 416 229 416 216 417 229 417 228 417 232 418 217 418 216 418 233 419 228 419 229 419 217 420 218 420 230 420 217 421 230 421 229 421 232 422 218 422 217 422 233 423 229 423 230 423 218 424 219 424 231 424 218 425 231 425 230 425 232 426 219 426 218 426 233 427 230 427 231 427 219 428 208 428 220 428 219 429 220 429 231 429 232 430 208 430 219 430 233 431 231 431 220 431 234 432 235 432 247 432 234 433 247 433 246 433 258 434 235 434 234 434 259 435 246 435 247 435 235 436 236 436 248 436 235 437 248 437 247 437 258 438 236 438 235 438 259 439 247 439 248 439 236 440 237 440 249 440 236 441 249 441 248 441 258 442 237 442 236 442 259 443 248 443 249 443 237 444 238 444 250 444 237 445 250 445 249 445 258 446 238 446 237 446 259 447 249 447 250 447 238 448 239 448 251 448 238 449 251 449 250 449 258 450 239 450 238 450 259 451 250 451 251 451 239 452 240 452 252 452 239 453 252 453 251 453 258 454 240 454 239 454 259 455 251 455 252 455 240 456 241 456 253 456 240 457 253 457 252 457 258 458 241 458 240 458 259 459 252 459 253 459 241 460 242 460 254 460 241 461 254 461 253 461 258 462 242 462 241 462 259 463 253 463 254 463 242 464 243 464 255 464 242 465 255 465 254 465 258 466 243 466 242 466 259 467 254 467 255 467 243 468 244 468 256 468 243 469 256 469 255 469 258 470 244 470 243 470 259 471 255 471 256 471 244 472 245 472 257 472 244 473 257 473 256 473 258 474 245 474 244 474 259 475 256 475 257 475 245 476 234 476 246 476 245 477 246 477 257 477 258 478 234 478 245 478 259 479 257 479 246 479 260 480 261 480 273 480 260 481 273 481 272 481 284 482 261 482 260 482 285 483 272 483 273 483 261 484 262 484 274 484 261 485 274 485 273 485 284 486 262 486 261 486 285 487 273 487 274 487 262 488 263 488 275 488 262 489 275 489 274 489 284 490 263 490 262 490 285 491 274 491 275 491 263 492 264 492 276 492 263 493 276 493 275 493 284 494 264 494 263 494 285 495 275 495 276 495 264 496 265 496 277 496 264 497 277 497 276 497 284 498 265 498 264 498 285 499 276 499 277 499 265 500 266 500 278 500 265 501 278 501 277 501 284 502 266 502 265 502 285 503 277 503 278 503 266 504 267 504 279 504 266 505 279 505 278 505 284 506 267 506 266 506 285 507 278 507 279 507 267 508 268 508 280 508 267 509 280 509 279 509 284 510 268 510 267 510 285 511 279 511 280 511 268 512 269 512 281 512 268 513 281 513 280 513 284 514 269 514 268 514 285 515 280 515 281 515 269 516 270 516 282 516 269 517 282 517 281 517 284 518 270 518 269 518 285 519 281 519 282 519 270 520 271 520 283 520 270 521 283 521 282 521 284 522 271 522 270 522 285 523 282 523 283 523 271 524 260 524 272 524 271 525 272 525 283 525 284 526 260 526 271 526 285 527 283 527 272 527 286 528 287 528 299 528 286 529 299 529 298 529 310 530 287 530 286 530 311 531 298 531 299 531 287 532 288 532 300 532 287 533 300 533 299 533 310 534 288 534 287 534 311 535 299 535 300 535 288 536 289 536 301 536 288 537 301 537 300 537 310 538 289 538 288 538 311 539 300 539 301 539 289 540 290 540 302 540 289 541 302 541 301 541 310 542 290 542 289 542 311 543 301 543 302 543 290 544 291 544 303 544 290 545 303 545 302 545 310 546 291 546 290 546 311 547 302 547 303 547 291 548 292 548 304 548 291 549 304 549 303 549 310 550 292 550 291 550 311 551 303 551 304 551 292 552 293 552 305 552 292 553 305 553 304 553 310 554 293 554 292 554 311 555 304 555 305 555 293 556 294 556 306 556 293 557 306 557 305 557 310 558 294 558 293 558 311 559 305 559 306 559 294 560 295 560 307 560 294 561 307 561 306 561 310 562 295 562 294 562 311 563 306 563 307 563 295 564 296 564 308 564 295 565 308 565 307 565 310 566 296 566 295 566 311 567 307 567 308 567 296 568 297 568 309 568 296 569 309 569 308 569 310 570 297 570 296 570 311 571 308 571 309 571 297 572 286 572 298 572 297 573 298 573 309 573 310 574 286 574 297 574 311 575 309 575 298 575 312 576 313 576 325 576 312 577 325 577 324 577 336 578 313 578 312 578 337 579 324 579 325 579 313 580 314 580 326 580 313 581 326 581 325 581 336 582 314 582 313 582 337 583 325 583 326 583 314 584 315 584 327 584 314 585 327 585 326 585 336 586 315 586 314 586 337 587 326 587 327 587 315 588 316 588 328 588 315 589 328 589 327 589 336 590 316 590 315 590 337 591 327 591 328 591 316 592 317 592 329 592 316 593 329 593 328 593 336 594 317 594 316 594 337 595 328 595 329 595 317 596 318 596 330 596 317 597 330 597 329 597 336 598 318 598 317 598 337 599 329 599 330 599 318 600 319 600 331 600 318 601 331 601 330 601 336 602 319 602 318 602 337 603 330 603 331 603 319 604 320 604 332 604 319 605 332 605 331 605 336 606 320 606 319 606 337 607 331 607 332 607 320 608 321 608 333 608 320 609 333 609 332 609 336 610 321 610 320 610 337 611 332 611 333 611 321 612 322 612 334 612 321 613 334 613 333 613 336 614 322 614 321 614 337 615 333 615 334 615 322 616 323 616 335 616 322 617 335 617 334 617 336 618 323 618 322 618 337 619 334 619 335 619 323 620 312 620 324 620 323 621 324 621 335 621 336 622 312 622 323 622 337 623 335 623 324 623 338 624 339 624 351 624 338 625 351 625 350 625 362 626 339 626 338 626 363 627 350 627 351 627 339 628 340 628 352 628 339 629 352 629 351 629 362 630 340 630 339 630 363 631 351 631 352 631 340 632 341 632 353 632 340 633 353 633 352 633 362 634 341 634 340 634 363 635 352 635 353 635 341 636 342 636 354 636 341 637 354 637 353 637 362 638 342 638 341 638 363 639 353 639 354 639 342 640 343 640 355 640 342 641 355 641 354 641 362 642 343 642 342 642 363 643 354 643 355 643 343 644 344 644 356 644 343 645 356 645 355 645 362 646 344 646 343 646 363 647 355 647 356 647 344 648 345 648 357 648 344 649 357 649 356 649 362 650 345 650 344 650 363 651 356 651 357 651 345 652 346 652 358 652 345 653 358 653 357 653 362 654 346 654 345 654 363 655 357 655 358 655 346 656 347 656 359 656 346 657 359 657 358 657 362 658 347 658 346 658 363 659 358 659 359 659 347 660 348 660 360 660 347 661 360 661 359 661 362 662 348 662 347 662 363 663 359 663 360 663 348 664 349 664 361 664 348 665 361 665 360 665 362 666 349 666 348 666 363 667 360 667 361 667 349 668 338 668 350 668 349 669 350 669 361 669 362 670 338 670 349 670 363 671 361 671 350 671 364 672 365 672 377 672 364 673 377 673 376 673 388 674 365 674 364 674 389 675 376 675 377 675 365 676 366 676 378 676 365 677 378 677 377 677 388 678 366 678 365 678 389 679 377 679 378 679 366 680 367 680 379 680 366 681 379 681 378 681 388 682 367 682 366 682 389 683 378 683 379 683 367 684 368 684 380 684 367 685 380 685 379 685 388 686 368 686 367 686 389 687 379 687 380 687 368 688 369 688 381 688 368 689 381 689 380 689 388 690 369 690 368 690 389 691 380 691 381 691 369 692 370 692 382 692 369 693 382 693 381 693 388 694 370 694 369 694 389 695 381 695 382 695 370 696 371 696 383 696 370 697 383 697 382 697 388 698 371 698 370 698 389 699 382 699 383 699 371 700 372 700 384 700 371 701 384 701 383 701 388 702 372 702 371 702 389 703 383 703 384 703 372 704 373 704 385 704 372 705 385 705 384 705 388 706 373 706 372 706 389 707 384 707 385 707 373 708 374 708 386 708 373 709 386 709 385 709 388 710 374 710 373 710 389 711 385 711 386 711 374 712 375 712 387 712 374 713 387 713 386 713 388 714 375 714 374 714 389 715 386 715 387 715 375 716 364 716 376 716 375 717 376 717 387 717 388 718 364 718 375 718 389 719 387 719 376 719 390 720 391 720 403 720 390 721 403 721 402 721 414 722 391 722 390 722 415 723 402 723 403 723 391 724 392 724 404 724 391 725 404 725 403 725 414 726 392 726 391 726 415 727 403 727 404 727 392 728 393 728 405 728 392 729 405 729 404 729 414 730 393 730 392 730 415 731 404 731 405 731 393 732 394 732 406 732 393 733 406 733 405 733 414 734 394 734 393 734 415 735 405 735 406 735 394 736 395 736 407 736 394 737 407 737 406 737 414 738 395 738 394 738 415 739 406 739 407 739 395 740 396 740 408 740 395 741 408 741 407 741 414 742 396 742 395 742 415 743 407 743 408 743 396 744 397 744 409 744 396 745 409 745 408 745 414 746 397 746 396 746 415 747 408 747 409 747 397 748 398 748 410 748 397 749 410 749 409 749 414 750 398 750 397 750 415 751 409 751 410 751 398 752 399 752 411 752 398 753 411 753 410 753 414 754 399 754 398 754 415 755 410 755 411 755 399 756 400 756 412 756 399 757 412 757 411 757 414 758 400 758 399 758 415 759 411 759 412 759 400 760 401 760 413 760 400 761 413 761 412 761 414 762 401 762 400 762 415 763 412 763 413 763 401 764 390 764 402 764 401 765 402 765 413 765 414 766 390 766 401 766 415 767 413 767 402 767 416 768 417 768 429 768 416 769 429 769 428 769 440 770 417 770 416 770 441 771 428 771 429 771 417 772 418 772 430 772 417 773 430 773 429 773 440 774 418 774 417 774 441 775 429 775 430 775 418 776 419 776 431 776 418 777 431 777 430 777 440 778 419 778 418 778 441 779 430 779 431 779 419 780 420 780 432 780 419 781 432 781 431 781 440 782 420 782 419 782 441 783 431 783 432 783 420 784 421 784 433 784 420 785 433 785 432 785 440 786 421 786 420 786 441 787 432 787 433 787 421 788 422 788 434 788 421 789 434 789 433 789 440 790 422 790 421 790 441 791 433 791 434 791 422 792 423 792 435 792 422 793 435 793 434 793 440 794 423 794 422 794 441 795 434 795 435 795 423 796 424 796 436 796 423 797 436 797 435 797 440 798 424 798 423 798 441 799 435 799 436 799 424 800 425 800 437 800 424 801 437 801 436 801 440 802 425 802 424 802 441 803 436 803 437 803 425 804 426 804 438 804 425 805 438 805 437 805 440 806 426 806 425 806 441 807 437 807 438 807 426 808 427 808 439 808 426 809 439 809 438 809 440 810 427 810 426 810 441 811 438 811 439 811 427 812 416 812 428 812 427 813 428 813 439 813 440 814 416 814 427 814 441 815 439 815 428 815 442 816 443 816 455 816 442 817 455 817 454 817 466 818 443 818 442 818 467 819 454 819 455 819 443 820 444 820 456 820 443 821 456 821 455 821 466 822 444 822 443 822 467 823 455 823 456 823 444 824 445 824 457 824 444 825 457 825 456 825 466 826 445 826 444 826 467 827 456 827 457 827 445 828 446 828 458 828 445 829 458 829 457 829 466 830 446 830 445 830 467 831 457 831 458 831 446 832 447 832 459 832 446 833 459 833 458 833 466 834 447 834 446 834 467 835 458 835 459 835 447 836 448 836 460 836 447 837 460 837 459 837 466 838 448 838 447 838 467 839 459 839 460 839 448 840 449 840 461 840 448 841 461 841 460 841 466 842 449 842 448 842 467 843 460 843 461 843 449 844 450 844 462 844 449 845 462 845 461 845 466 846 450 846 449 846 467 847 461 847 462 847 450 848 451 848 463 848 450 849 463 849 462 849 466 850 451 850 450 850 467 851 462 851 463 851 451 852 452 852 464 852 451 853 464 853 463 853 466 854 452 854 451 854 467 855 463 855 464 855 452 856 453 856 465 856 452 857 465 857 464 857 466 858 453 858 452 858 467 859 464 859 465 859 453 860 442 860 454 860 453 861 454 861 465 861 466 862 442 862 453 862 467 863 465 863 454 863 468 864 469 864 481 864 468 865 481 865 480 865 492 866 469 866 468 866 493 867 480 867 481 867 469 868 470 868 482 868 469 869 482 869 481 869 492 870 470 870 469 870 493 871 481 871 482 871 470 872 471 872 483 872 470 873 483 873 482 873 492 874 471 874 470 874 493 875 482 875 483 875 471 876 472 876 484 876 471 877 484 877 483 877 492 878 472 878 471 878 493 879 483 879 484 879 472 880 473 880 485 880 472 881 485 881 484 881 492 882 473 882 472 882 493 883 484 883 485 883 473 884 474 884 486 884 473 885 486 885 485 885 492 886 474 886 473 886 493 887 485 887 486 887 474 888 475 888 487 888 474 889 487 889 486 889 492 890 475 890 474 890 493 891 486 891 487 891 475 892 476 892 488 892 475 893 488 893 487 893 492 894 476 894 475 894 493 895 487 895 488 895 476 896 477 896 489 896 476 897 489 897 488 897 492 898 477 898 476 898 493 899 488 899 489 899 477 900 478 900 490 900 477 901 490 901 489 901 492 902 478 902 477 902 493 903 489 903 490 903 478 904 479 904 491 904 478 905 491 905 490 905 492 906 479 906 478 906 493 907 490 907 491 907 479 908 468 908 480 908 479 909 480 909 491 909 492 910 468 910 479 910 493 911 491 911 480 911 494 912 495 912 507 912 494 913 507 913 506 913 518 914 495 914 494 914 519 915 506 915 507 915 495 916 496 916 508 916 495 917 508 917 507 917 518 918 496 918 495 918 519 919 507 919 508 919 496 920 497 920 509 920 496 921 509 921 508 921 518 922 497 922 496 922 519 923 508 923 509 923 497 924 498 924 510 924 497 925 510 925 509 925 518 926 498 926 497 926 519 927 509 927 510 927 498 928 499 928 511 928 498 929 511 929 510 929 518 930 499 930 498 930 519 931 510 931 511 931 499 932 500 932 512 932 499 933 512 933 511 933 518 934 500 934 499 934 519 935 511 935 512 935 500 936 501 936 513 936 500 937 513 937 512 937 518 938 501 938 500 938 519 939 512 939 513 939 501 940 502 940 514 940 501 941 514 941 513 941 518 942 502 942 501 942 519 943 513 943 514 943 502 944 503 944 515 944 502 945 515 945 514 945 518 946 503 946 502 946 519 947 514 947 515 947 503 948 504 948 516 948 503 949 516 949 515 949 518 950 504 950 503 950 519 951 515 951 516 951 504 952 505 952 517 952 504 953 517 953 516 953 518 954 505 954 504 954 519 955 516 955 517 955 505 956 494 956 506 956 505 957 506 957 517 957 518 958 494 958 505 958 519 959 517 959 506 959 520 960 521 960 533 960 520 961 533 961 532 961 544 962 521 962 520 962 545 963 532 963 533 963 521 964 522 964 534 964 521 965 534 965 533 965 544 966 522 966 521 966 545 967 533 967 534 967 522 968 523 968 535 968 522 969 535 969 534 969 544 970 523 970 522 970 545 971 534 971 535 971 523 972 524 972 536 972 523 973 536 973 535 973 544 974 524 974 523 974 545 975 535 975 536 975 524 976 525 976 537 976 524 977 537 977 536 977 544 978 525 978 524 978 545 979 536 979 537 979 525 980 526 980 538 980 525 981 538 981 537 981 544 982 526 982 525 982 545 983 537 983 538 983 526 984 527 984 539 984 526 985 539 985 538 985 544 986 527 986 526 986 545 987 538 987 539 987 527 988 528 988 540 988 527 989 540 989 539 989 544 990 528 990 527 990 545 991 539 991 540 991 528 992 529 992 541 992 528 993 541 993 540 993 544 994 529 994 528 994 545 995 540 995 541 995 529 996 530 996 542 996 529 997 542 997 541 997 544 998 530 998 529 998 545 999 541 999 542 999 530 1000 531 1000 543 1000 530 1001 543 1001 542 1001 544 1002 531 1002 530 1002 545 1003 542 1003 543 1003 531 1004 520 1004 532 1004 531 1005 532 1005 543 1005 544 1006 520 1006 531 1006 545 1007 543 1007 532 1007 546 1008 547 1008 559 1008 546 1009 559 1009 558 1009 570 1010 547 1010 546 1010 571 1011 558 1011 559 1011 547 1012 548 1012 560 1012 547 1013 560 1013 559 1013 570 1014 548 1014 547 1014 571 1015 559 1015 560 1015 548 1016 549 1016 561 1016 548 1017 561 1017 560 1017 570 1018 549 1018 548 1018 571 1019 560 1019 561 1019 549 1020 550 1020 562 1020 549 1021 562 1021 561 1021 570 1022 550 1022 549 1022 571 1023 561 1023 562 1023 550 1024 551 1024 563 1024 550 1025 563 1025 562 1025 570 1026 551 1026 550 1026 571 1027 562 1027 563 1027 551 1028 552 1028 564 1028 551 1029 564 1029 563 1029 570 1030 552 1030 551 1030 571 1031 563 1031 564 1031 552 1032 553 1032 565 1032 552 1033 565 1033 564 1033 570 1034 553 1034 552 1034 571 1035 564 1035 565 1035 553 1036 554 1036 566 1036 553 1037 566 1037 565 1037 570 1038 554 1038 553 1038 571 1039 565 1039 566 1039 554 1040 555 1040 567 1040 554 1041 567 1041 566 1041 570 1042 555 1042 554 1042 571 1043 566 1043 567 1043 555 1044 556 1044 568 1044 555 1045 568 1045 567 1045 570 1046 556 1046 555 1046 571 1047 567 1047 568 1047 556 1048 557 1048 569 1048 556 1049 569 1049 568 1049 570 1050 557 1050 556 1050 571 1051 568 1051 569 1051 557 1052 546 1052 558 1052 557 1053 558 1053 569 1053 570 1054 546 1054 557 1054 571 1055 569 1055 558 1055 572 1056 573 1056 585 1056 572 1057 585 1057 584 1057 596 1058 573 1058 572 1058 597 1059 584 1059 585 1059 573 1060 574 1060 586 1060 573 1061 586 1061 585 1061 596 1062 574 1062 573 1062 597 1063 585 1063 586 1063 574 1064 575 1064 587 1064 574 1065 587 1065 586 1065 596 1066 575 1066 574 1066 597 1067 586 1067 587 1067 575 1068 576 1068 588 1068 575 1069 588 1069 587 1069 596 1070 576 1070 575 1070 597 1071 587 1071 588 1071 576 1072 577 1072 589 1072 576 1073 589 1073 588 1073 596 1074 577 1074 576 1074 597 1075 588 1075 589 1075 577 1076 578 1076 590 1076 577 1077 590 1077 589 1077 596 1078 578 1078 577 1078 597 1079 589 1079 590 1079 578 1080 579 1080 591 1080 578 1081 591 1081 590 1081 596 1082 579 1082 578 1082 597 1083 590 1083 591 1083 579 1084 580 1084 592 1084 579 1085 592 1085 591 1085 596 1086 580 1086 579 1086 597 1087 591 1087 592 1087 580 1088 581 1088 593 1088 580 1089 593 1089 592 1089 596 1090 581 1090 580 1090 597 1091 592 1091 593 1091 581 1092 582 1092 594 1092 581 1093 594 1093 593 1093 596 1094 582 1094 581 1094 597 1095 593 1095 594 1095 582 1096 583 1096 595 1096 582 1097 595 1097 594 1097 596 1098 583 1098 582 1098 597 1099 594 1099 595 1099 583 1100 572 1100 584 1100 583 1101 584 1101 595 1101 596 1102 572 1102 583 1102 597 1103 595 1103 584 1103 598 1104 599 1104 611 1104 598 1105 611 1105 610 1105 622 1106 599 1106 598 1106 623 1107 610 1107 611 1107 599 1108 600 1108 612 1108 599 1109 612 1109 611 1109 622 1110 600 1110 599 1110 623 1111 611 1111 612 1111 600 1112 601 1112 613 1112 600 1113 613 1113 612 1113 622 1114 601 1114 600 1114 623 1115 612 1115 613 1115 601 1116 602 1116 614 1116 601 1117 614 1117 613 1117 622 1118 602 1118 601 1118 623 1119 613 1119 614 1119 602 1120 603 1120 615 1120 602 1121 615 1121 614 1121 622 1122 603 1122 602 1122 623 1123 614 1123 615 1123 603 1124 604 1124 616 1124 603 1125 616 1125 615 1125 622 1126 604 1126 603 1126 623 1127 615 1127 616 1127 604 1128 605 1128 617 1128 604 1129 617 1129 616 1129 622 1130 605 1130 604 1130 623 1131 616 1131 617 1131 605 1132 606 1132 618 1132 605 1133 618 1133 617 1133 622 1134 606 1134 605 1134 623 1135 617 1135 618 1135 606 1136 607 1136 619 1136 606 1137 619 1137 618 1137 622 1138 607 1138 606 1138 623 1139 618 1139 619 1139 607 1140 608 1140 620 1140 607 1141 620 1141 619 1141 622 1142 608 1142 607 1142 623 1143 619 1143 620 1143 608 1144 609 1144 621 1144 608 1145 621 1145 620 1145 622 1146 609 1146 608 1146 623 1147 620 1147 621 1147 609 1148 598 1148 610 1148 609 1149 610 1149 621 1149 622 1150 598 1150 609 1150 623 1151 621 1151 610 1151 624 1152 625 1152 637 1152 624 1153 637 1153 636 1153 648 1154 625 1154 624 1154 649 1155 636 1155 637 1155 625 1156 626 1156 638 1156 625 1157 638 1157 637 1157 648 1158 626 1158 625 1158 649 1159 637 1159 638 1159 626 1160 627 1160 639 1160 626 1161 639 1161 638 1161 648 1162 627 1162 626 1162 649 1163 638 1163 639 1163 627 1164 628 1164 640 1164 627 1165 640 1165 639 1165 648 1166 628 1166 627 1166 649 1167 639 1167 640 1167 628 1168 629 1168 641 1168 628 1169 641 1169 640 1169 648 1170 629 1170 628 1170 649 1171 640 1171 641 1171 629 1172 630 1172 642 1172 629 1173 642 1173 641 1173 648 1174 630 1174 629 1174 649 1175 641 1175 642 1175 630 1176 631 1176 643 1176 630 1177 643 1177 642 1177 648 1178 631 1178 630 1178 649 1179 642 1179 643 1179 631 1180 632 1180 644 1180 631 1181 644 1181 643 1181 648 1182 632 1182 631 1182 649 1183 643 1183 644 1183 632 1184 633 1184 645 1184 632 1185 645 1185 644 1185 648 1186 633 1186 632 1186 649 1187 644 1187 645 1187 633 1188 634 1188 646 1188 633 1189 646 1189 645 1189 648 1190 634 1190 633 1190 649 1191 645 1191 646 1191 634 1192 635 1192 647 1192 634 1193 647 1193 646 1193 648 1194 635 1194 634 1194 649 1195 646 1195 647 1195 635 1196 624 1196 636 1196 635 1197 636 1197 647 1197 648 1198 624 1198 635 1198 649 1199 647 1199 636 1199 650 1200 651 1200 663 1200 650 1201 663 1201 662 1201 674 1202 651 1202 650 1202 675 1203 662 1203 663 1203 651 1204 652 1204 664 1204 651 1205 664 1205 663 1205 674 1206 652 1206 651 1206 675 1207 663 1207 664 1207 652 1208 653 1208 665 1208 652 1209 665 1209 664 1209 674 1210 653 1210 652 1210 675 1211 664 1211 665 1211 653 1212 654 1212 666 1212 653 1213 666 1213 665 1213 674 1214 654 1214 653 1214 675 1215 665 1215 666 1215 654 1216 655 1216 667 1216 654 1217 667 1217 666 1217 674 1218 655 1218 654 1218 675 1219 666 1219 667 1219 655 1220 656 1220 668 1220 655 1221 668 1221 667 1221 674 1222 656 1222 655 1222 675 1223 667 1223 668 1223 656 1224 657 1224 669 1224 656 1225 669 1225 668 1225 674 1226 657 1226 656 1226 675 1227 668 1227 669 1227 657 1228 658 1228 670 1228 657 1229 670 1229 669 1229 674 1230 658 1230 657 1230 675 1231 669 1231 670 1231 658 1232 659 1232 671 1232 658 1233 671 1233 670 1233 674 1234 659 1234 658 1234 675 1235 670 1235 671 1235 659 1236 660 1236 672 1236 659 1237 672 1237 671 1237 674 1238 660 1238 659 1238 675 1239 671 1239 672 1239 660 1240 661 1240 673 1240 660 1241 673 1241 672 1241 674 1242 661 1242 660 1242 675 1243 672 1243 673 1243 661 1244 650 1244 662 1244 661 1245 662 1245 673 1245 674 1246 650 1246 661 1246 675 1247 673 1247 662 1247 676 1248 677 1248 689 1248 676 1249 689 1249 688 1249 700 1250 677 1250 676 1250 701 1251 688 1251 689 1251 677 1252 678 1252 690 1252 677 1253 690 1253 689 1253 700 1254 678 1254 677 1254 701 1255 689 1255 690 1255 678 1256 679 1256 691 1256 678 1257 691 1257 690 1257 700 1258 679 1258 678 1258 701 1259 690 1259 691 1259 679 1260 680 1260 692 1260 679 1261 692 1261 691 1261 700 1262 680 1262 679 1262 701 1263 691 1263 692 1263 680 1264 681 1264 693 1264 680 1265 693 1265 692 1265 700 1266 681 1266 680 1266 701 1267 692 1267 693 1267 681 1268 682 1268 694 1268 681 1269 694 1269 693 1269 700 1270 682 1270 681 1270 701 1271 693 1271 694 1271 682 1272 683 1272 695 1272 682 1273 695 1273 694 1273 700 1274 683 1274 682 1274 701 1275 694 1275 695 1275 683 1276 684 1276 696 1276 683 1277 696 1277 695 1277 700 1278 684 1278 683 1278 701 1279 695 1279 696 1279 684 1280 685 1280 697 1280 684 1281 697 1281 696 1281 700 1282 685 1282 684 1282 701 1283 696 1283 697 1283 685 1284 686 1284 698 1284 685 1285 698 1285 697 1285 700 1286 686 1286 685 1286 701 1287 697 1287 698 1287 686 1288 687 1288 699 1288 686 1289 699 1289 698 1289 700 1290 687 1290 686 1290 701 1291 698 1291 699 1291 687 1292 676 1292 688 1292 687 1293 688 1293 699 1293 700 1294 676 1294 687 1294 701 1295 699 1295 688 1295 702 1296 703 1296 715 1296 702 1297 715 1297 714 1297 726 1298 703 1298 702 1298 727 1299 714 1299 715 1299 703 1300 704 1300 716 1300 703 1301 716 1301 715 1301 726 1302 704 1302 703 1302 727 1303 715 1303 716 1303 704 1304 705 1304 717 1304 704 1305 717 1305 716 1305 726 1306 705 1306 704 1306 727 1307 716 1307 717 1307 705 1308 706 1308 718 1308 705 1309 718 1309 717 1309 726 1310 706 1310 705 1310 727 1311 717 1311 718 1311 706 1312 707 1312 719 1312 706 1313 719 1313 718 1313 726 1314 707 1314 706 1314 727 1315 718 1315 719 1315 707 1316 708 1316 720 1316 707 1317 720 1317 719 1317 726 1318 708 1318 707 1318 727 1319 719 1319 720 1319 708 1320 709 1320 721 1320 708 1321 721 1321 720 1321 726 1322 709 1322 708 1322 727 1323 720 1323 721 1323 709 1324 710 1324 722 1324 709 1325 722 1325 721 1325 726 1326 710 1326 709 1326 727 1327 721 1327 722 1327 710 1328 711 1328 723 1328 710 1329 723 1329 722 1329 726 1330 711 1330 710 1330 727 1331 722 1331 723 1331 711 1332 712 1332 724 1332 711 1333 724 1333 723 1333 726 1334 712 1334 711 1334 727 1335 723 1335 724 1335 712 1336 713 1336 725 1336 712 1337 725 1337 724 1337 726 1338 713 1338 712 1338 727 1339 724 1339 725 1339 713 1340 702 1340 714 1340 713 1341 714 1341 725 1341 726 1342 702 1342 713 1342 727 1343 725 1343 714 1343 728 1344 729 1344 741 1344 728 1345 741 1345 740 1345 752 1346 729 1346 728 1346 753 1347 740 1347 741 1347 729 1348 730 1348 742 1348 729 1349 742 1349 741 1349 752 1350 730 1350 729 1350 753 1351 741 1351 742 1351 730 1352 731 1352 743 1352 730 1353 743 1353 742 1353 752 1354 731 1354 730 1354 753 1355 742 1355 743 1355 731 1356 732 1356 744 1356 731 1357 744 1357 743 1357 752 1358 732 1358 731 1358 753 1359 743 1359 744 1359 732 1360 733 1360 745 1360 732 1361 745 1361 744 1361 752 1362 733 1362 732 1362 753 1363 744 1363 745 1363 733 1364 734 1364 746 1364 733 1365 746 1365 745 1365 752 1366 734 1366 733 1366 753 1367 745 1367 746 1367 734 1368 735 1368 747 1368 734 1369 747 1369 746 1369 752 1370 735 1370 734 1370 753 1371 746 1371 747 1371 735 1372 736 1372 748 1372 735 1373 748 1373 747 1373 752 1374 736 1374 735 1374 753 1375 747 1375 748 1375 736 1376 737 1376 749 1376 736 1377 749 1377 748 1377 752 1378 737 1378 736 1378 753 1379 748 1379 749 1379 737 1380 738 1380 750 1380 737 1381 750 1381 749 1381 752 1382 738 1382 737 1382 753 1383 749 1383 750 1383 738 1384 739 1384 751 1384 738 1385 751 1385 750 1385 752 1386 739 1386 738 1386 753 1387 750 1387 751 1387 739 1388 728 1388 740 1388 739 1389 740 1389 751 1389 752 1390 728 1390 739 1390 753 1391 751 1391 740 1391 754 1392 755 1392 767 1392 754 1393 767 1393 766 1393 778 1394 755 1394 754 1394 779 1395 766 1395 767 1395 755 1396 756 1396 768 1396 755 1397 768 1397 767 1397 778 1398 756 1398 755 1398 779 1399 767 1399 768 1399 756 1400 757 1400 769 1400 756 1401 769 1401 768 1401 778 1402 757 1402 756 1402 779 1403 768 1403 769 1403 757 1404 758 1404 770 1404 757 1405 770 1405 769 1405 778 1406 758 1406 757 1406 779 1407 769 1407 770 1407 758 1408 759 1408 771 1408 758 1409 771 1409 770 1409 778 1410 759 1410 758 1410 779 1411 770 1411 771 1411 759 1412 760 1412 772 1412 759 1413 772 1413 771 1413 778 1414 760 1414 759 1414 779 1415 771 1415 772 1415 760 1416 761 1416 773 1416 760 1417 773 1417 772 1417 778 1418 761 1418 760 1418 779 1419 772 1419 773 1419 761 1420 762 1420 774 1420 761 1421 774 1421 773 1421 778 1422 762 1422 761 1422 779 1423 773 1423 774 1423 762 1424 763 1424 775 1424 762 1425 775 1425 774 1425 778 1426 763 1426 762 1426 779 1427 774 1427 775 1427 763 1428 764 1428 776 1428 763 1429 776 1429 775 1429 778 1430 764 1430 763 1430 779 1431 775 1431 776 1431 764 1432 765 1432 777 1432 764 1433 777 1433 776 1433 778 1434 765 1434 764 1434 779 1435 776 1435 777 1435 765 1436 754 1436 766 1436 765 1437 766 1437 777 1437 778 1438 754 1438 765 1438 779 1439 777 1439 766 1439 780 1440 781 1440 793 1440 780 1441 793 1441 792 1441 804 1442 781 1442 780 1442 805 1443 792 1443 793 1443 781 1444 782 1444 794 1444 781 1445 794 1445 793 1445 804 1446 782 1446 781 1446 805 1447 793 1447 794 1447 782 1448 783 1448 795 1448 782 1449 795 1449 794 1449 804 1450 783 1450 782 1450 805 1451 794 1451 795 1451 783 1452 784 1452 796 1452 783 1453 796 1453 795 1453 804 1454 784 1454 783 1454 805 1455 795 1455 796 1455 784 1456 785 1456 797 1456 784 1457 797 1457 796 1457 804 1458 785 1458 784 1458 805 1459 796 1459 797 1459 785 1460 786 1460 798 1460 785 1461 798 1461 797 1461 804 1462 786 1462 785 1462 805 1463 797 1463 798 1463 786 1464 787 1464 799 1464 786 1465 799 1465 798 1465 804 1466 787 1466 786 1466 805 1467 798 1467 799 1467 787 1468 788 1468 800 1468 787 1469 800 1469 799 1469 804 1470 788 1470 787 1470 805 1471 799 1471 800 1471 788 1472 789 1472 801 1472 788 1473 801 1473 800 1473 804 1474 789 1474 788 1474 805 1475 800 1475 801 1475 789 1476 790 1476 802 1476 789 1477 802 1477 801 1477 804 1478 790 1478 789 1478 805 1479 801 1479 802 1479 790 1480 791 1480 803 1480 790 1481 803 1481 802 1481 804 1482 791 1482 790 1482 805 1483 802 1483 803 1483 791 1484 780 1484 792 1484 791 1485 792 1485 803 1485 804 1486 780 1486 791 1486 805 1487 803 1487 792 1487 806 1488 807 1488 819 1488 806 1489 819 1489 818 1489 830 1490 807 1490 806 1490 831 1491 818 1491 819 1491 807 1492 808 1492 820 1492 807 1493 820 1493 819 1493 830 1494 808 1494 807 1494 831 1495 819 1495 820 1495 808 1496 809 1496 821 1496 808 1497 821 1497 820 1497 830 1498 809 1498 808 1498 831 1499 820 1499 821 1499 809 1500 810 1500 822 1500 809 1501 822 1501 821 1501 830 1502 810 1502 809 1502 831 1503 821 1503 822 1503 810 1504 811 1504 823 1504 810 1505 823 1505 822 1505 830 1506 811 1506 810 1506 831 1507 822 1507 823 1507 811 1508 812 1508 824 1508 811 1509 824 1509 823 1509 830 1510 812 1510 811 1510 831 1511 823 1511 824 1511 812 1512 813 1512 825 1512 812 1513 825 1513 824 1513 830 1514 813 1514 812 1514 831 1515 824 1515 825 1515 813 1516 814 1516 826 1516 813 1517 826 1517 825 1517 830 1518 814 1518 813 1518 831 1519 825 1519 826 1519 814 1520 815 1520 827 1520 814 1521 827 1521 826 1521 830 1522 815 1522 814 1522 831 1523 826 1523 827 1523 815 1524 816 1524 828 1524 815 1525 828 1525 827 1525 830 1526 816 1526 815 1526 831 1527 827 1527 828 1527 816 1528 817 1528 829 1528 816 1529 829 1529 828 1529 830 1530 817 1530 816 1530 831 1531 828 1531 829 1531 817 1532 806 1532 818 1532 817 1533 818 1533 829 1533 830 1534 806 1534 817 1534 831 1535 829 1535 818 1535 832 1536 833 1536 845 1536 832 1537 845 1537 844 1537 856 1538 833 1538 832 1538 857 1539 844 1539 845 1539 833 1540 834 1540 846 1540 833 1541 846 1541 845 1541 856 1542 834 1542 833 1542 857 1543 845 1543 846 1543 834 1544 835 1544 847 1544 834 1545 847 1545 846 1545 856 1546 835 1546 834 1546 857 1547 846 1547 847 1547 835 1548 836 1548 848 1548 835 1549 848 1549 847 1549 856 1550 836 1550 835 1550 857 1551 847 1551 848 1551 836 1552 837 1552 849 1552 836 1553 849 1553 848 1553 856 1554 837 1554 836 1554 857 1555 848 1555 849 1555 837 1556 838 1556 850 1556 837 1557 850 1557 849 1557 856 1558 838 1558 837 1558 857 1559 849 1559 850 1559 838 1560 839 1560 851 1560 838 1561 851 1561 850 1561 856 1562 839 1562 838 1562 857 1563 850 1563 851 1563 839 1564 840 1564 852 1564 839 1565 852 1565 851 1565 856 1566 840 1566 839 1566 857 1567 851 1567 852 1567 840 1568 841 1568 853 1568 840 1569 853 1569 852 1569 856 1570 841 1570 840 1570 857 1571 852 1571 853 1571 841 1572 842 1572 854 1572 841 1573 854 1573 853 1573 856 1574 842 1574 841 1574 857 1575 853 1575 854 1575 842 1576 843 1576 855 1576 842 1577 855 1577 854 1577 856 1578 843 1578 842 1578 857 1579 854 1579 855 1579 843 1580 832 1580 844 1580 843 1581 844 1581 855 1581 856 1582 832 1582 843 1582 857 1583 855 1583 844 1583 858 1584 859 1584 871 1584 858 1585 871 1585 870 1585 882 1586 859 1586 858 1586 883 1587 870 1587 871 1587 859 1588 860 1588 872 1588 859 1589 872 1589 871 1589 882 1590 860 1590 859 1590 883 1591 871 1591 872 1591 860 1592 861 1592 873 1592 860 1593 873 1593 872 1593 882 1594 861 1594 860 1594 883 1595 872 1595 873 1595 861 1596 862 1596 874 1596 861 1597 874 1597 873 1597 882 1598 862 1598 861 1598 883 1599 873 1599 874 1599 862 1600 863 1600 875 1600 862 1601 875 1601 874 1601 882 1602 863 1602 862 1602 883 1603 874 1603 875 1603 863 1604 864 1604 876 1604 863 1605 876 1605 875 1605 882 1606 864 1606 863 1606 883 1607 875 1607 876 1607 864 1608 865 1608 877 1608 864 1609 877 1609 876 1609 882 1610 865 1610 864 1610 883 1611 876 1611 877 1611 865 1612 866 1612 878 1612 865 1613 878 1613 877 1613 882 1614 866 1614 865 1614 883 1615 877 1615 878 1615 866 1616 867 1616 879 1616 866 1617 879 1617 878 1617 882 1618 867 1618 866 1618 883 1619 878 1619 879 1619 867 1620 868 1620 880 1620 867 1621 880 1621 879 1621 882 1622 868 1622 867 1622 883 1623 879 1623 880 1623 868 1624 869 1624 881 1624 868 1625 881 1625 880 1625 882 1626 869 1626 868 1626 883 1627 880 1627 881 1627 869 1628 858 1628 870 1628 869 1629 870 1629 881 1629 882 1630 858 1630 869 1630 883 1631 881 1631 870 1631 884 1632 885 1632 897 1632 884 1633 897 1633 896 1633 908 1634 885 1634 884 1634 909 1635 896 1635 897 1635 885 1636 886 1636 898 1636 885 1637 898 1637 897 1637 908 1638 886 1638 885 1638 909 1639 897 1639 898 1639 886 1640 887 1640 899 1640 886 1641 899 1641 898 1641 908 1642 887 1642 886 1642 909 1643 898 1643 899 1643 887 1644 888 1644 900 1644 887 1645 900 1645 899 1645 908 1646 888 1646 887 1646 909 1647 899 1647 900 1647 888 1648 889 1648 901 1648 888 1649 901 1649 900 1649 908 1650 889 1650 888 1650 909 1651 900 1651 901 1651 889 1652 890 1652 902 1652 889 1653 902 1653 901 1653 908 1654 890 1654 889 1654 909 1655 901 1655 902 1655 890 1656 891 1656 903 1656 890 1657 903 1657 902 1657 908 1658 891 1658 890 1658 909 1659 902 1659 903 1659 891 1660 892 1660 904 1660 891 1661 904 1661 903 1661 908 1662 892 1662 891 1662 909 1663 903 1663 904 1663 892 1664 893 1664 905 1664 892 1665 905 1665 904 1665 908 1666 893 1666 892 1666 909 1667 904 1667 905 1667 893 1668 894 1668 906 1668 893 1669 906 1669 905 1669 908 1670 894 1670 893 1670 909 1671 905 1671 906 1671 894 1672 895 1672 907 1672 894 1673 907 1673 906 1673 908 1674 895 1674 894 1674 909 1675 906 1675 907 1675 895 1676 884 1676 896 1676 895 1677 896 1677 907 1677 908 1678 884 1678 895 1678 909 1679 907 1679 896 1679 910 1680 911 1680 923 1680 910 1681 923 1681 922 1681 934 1682 911 1682 910 1682 935 1683 922 1683 923 1683 911 1684 912 1684 924 1684 911 1685 924 1685 923 1685 934 1686 912 1686 911 1686 935 1687 923 1687 924 1687 912 1688 913 1688 925 1688 912 1689 925 1689 924 1689 934 1690 913 1690 912 1690 935 1691 924 1691 925 1691 913 1692 914 1692 926 1692 913 1693 926 1693 925 1693 934 1694 914 1694 913 1694 935 1695 925 1695 926 1695 914 1696 915 1696 927 1696 914 1697 927 1697 926 1697 934 1698 915 1698 914 1698 935 1699 926 1699 927 1699 915 1700 916 1700 928 1700 915 1701 928 1701 927 1701 934 1702 916 1702 915 1702 935 1703 927 1703 928 1703 916 1704 917 1704 929 1704 916 1705 929 1705 928 1705 934 1706 917 1706 916 1706 935 1707 928 1707 929 1707 917 1708 918 1708 930 1708 917 1709 930 1709 929 1709 934 1710 918 1710 917 1710 935 1711 929 1711 930 1711 918 1712 919 1712 931 1712 918 1713 931 1713 930 1713 934 1714 919 1714 918 1714 935 1715 930 1715 931 1715 919 1716 920 1716 932 1716 919 1717 932 1717 931 1717 934 1718 920 1718 919 1718 935 1719 931 1719 932 1719 920 1720 921 1720 933 1720 920 1721 933 1721 932 1721 934 1722 921 1722 920 1722 935 1723 932 1723 933 1723 921 1724 910 1724 922 1724 921 1725 922 1725 933 1725 934 1726 910 1726 921 1726 935 1727 933 1727 922 1727 936 1728 937 1728 949 1728 936 1729 949 1729 948 1729 960 1730 937 1730 936 1730 961 1731 948 1731 949 1731 937 1732 938 1732 950 1732 937 1733 950 1733 949 1733 960 1734 938 1734 937 1734 961 1735 949 1735 950 1735 938 1736 939 1736 951 1736 938 1737 951 1737 950 1737 960 1738 939 1738 938 1738 961 1739 950 1739 951 1739 939 1740 940 1740 952 1740 939 1741 952 1741 951 1741 960 1742 940 1742 939 1742 961 1743 951 1743 952 1743 940 1744 941 1744 953 1744 940 1745 953 1745 952 1745 960 1746 941 1746 940 1746 961 1747 952 1747 953 1747 941 1748 942 1748 954 1748 941 1749 954 1749 953 1749 960 1750 942 1750 941 1750 961 1751 953 1751 954 1751 942 1752 943 1752 955 1752 942 1753 955 1753 954 1753 960 1754 943 1754 942 1754 961 1755 954 1755 955 1755 943 1756 944 1756 956 1756 943 1757 956 1757 955 1757 960 1758 944 1758 943 1758 961 1759 955 1759 956 1759 944 1760 945 1760 957 1760 944 1761 957 1761 956 1761 960 1762 945 1762 944 1762 961 1763 956 1763 957 1763 945 1764 946 1764 958 1764 945 1765 958 1765 957 1765 960 1766 946 1766 945 1766 961 1767 957 1767 958 1767 946 1768 947 1768 959 1768 946 1769 959 1769 958 1769 960 1770 947 1770 946 1770 961 1771 958 1771 959 1771 947 1772 936 1772 948 1772 947 1773 948 1773 959 1773 960 1774 936 1774 947 1774 961 1775 959 1775 948 1775 962 1776 963 1776 975 1776 962 1777 975 1777 974 1777 986 1778 963 1778 962 1778 987 1779 974 1779 975 1779 963 1780 964 1780 976 1780 963 1781 976 1781 975 1781 986 1782 964 1782 963 1782 987 1783 975 1783 976 1783 964 1784 965 1784 977 1784 964 1785 977 1785 976 1785 986 1786 965 1786 964 1786 987 1787 976 1787 977 1787 965 1788 966 1788 978 1788 965 1789 978 1789 977 1789 986 1790 966 1790 965 1790 987 1791 977 1791 978 1791 966 1792 967 1792 979 1792 966 1793 979 1793 978 1793 986 1794 967 1794 966 1794 987 1795 978 1795 979 1795 967 1796 968 1796 980 1796 967 1797 980 1797 979 1797 986 1798 968 1798 967 1798 987 1799 979 1799 980 1799 968 1800 969 1800 981 1800 968 1801 981 1801 980 1801 986 1802 969 1802 968 1802 987 1803 980 1803 981 1803 969 1804 970 1804 982 1804 969 1805 982 1805 981 1805 986 1806 970 1806 969 1806 987 1807 981 1807 982 1807 970 1808 971 1808 983 1808 970 1809 983 1809 982 1809 986 1810 971 1810 970 1810 987 1811 982 1811 983 1811 971 1812 972 1812 984 1812 971 1813 984 1813 983 1813 986 1814 972 1814 971 1814 987 1815 983 1815 984 1815 972 1816 973 1816 985 1816 972 1817 985 1817 984 1817 986 1818 973 1818 972 1818 987 1819 984 1819 985 1819 973 1820 962 1820 974 1820 973 1821 974 1821 985 1821 986 1822 962 1822 973 1822 987 1823 985 1823 974 1823 988 1824 989 1824 1001 1824 988 1825 1001 1825 1000 1825 1012 1826 989 1826 988 1826 1013 1827 1000 1827 1001 1827 989 1828 990 1828 1002 1828 989 1829 1002 1829 1001 1829 1012 1830 990 1830 989 1830 1013 1831 1001 1831 1002 1831 990 1832 991 1832 1003 1832 990 1833 1003 1833 1002 1833 1012 1834 991 1834 990 1834 1013 1835 1002 1835 1003 1835 991 1836 992 1836 1004 1836 991 1837 1004 1837 1003 1837 1012 1838 992 1838 991 1838 1013 1839 1003 1839 1004 1839 992 1840 993 1840 1005 1840 992 1841 1005 1841 1004 1841 1012 1842 993 1842 992 1842 1013 1843 1004 1843 1005 1843 993 1844 994 1844 1006 1844 993 1845 1006 1845 1005 1845 1012 1846 994 1846 993 1846 1013 1847 1005 1847 1006 1847 994 1848 995 1848 1007 1848 994 1849 1007 1849 1006 1849 1012 1850 995 1850 994 1850 1013 1851 1006 1851 1007 1851 995 1852 996 1852 1008 1852 995 1853 1008 1853 1007 1853 1012 1854 996 1854 995 1854 1013 1855 1007 1855 1008 1855 996 1856 997 1856 1009 1856 996 1857 1009 1857 1008 1857 1012 1858 997 1858 996 1858 1013 1859 1008 1859 1009 1859 997 1860 998 1860 1010 1860 997 1861 1010 1861 1009 1861 1012 1862 998 1862 997 1862 1013 1863 1009 1863 1010 1863 998 1864 999 1864 1011 1864 998 1865 1011 1865 1010 1865 1012 1866 999 1866 998 1866 1013 1867 1010 1867 1011 1867 999 1868 988 1868 1000 1868 999 1869 1000 1869 1011 1869 1012 1870 988 1870 999 1870 1013 1871 1011 1871 1000 1871 1014 1872 1015 1872 1027 1872 1014 1873 1027 1873 1026 1873 1038 1874 1015 1874 1014 1874 1039 1875 1026 1875 1027 1875 1015 1876 1016 1876 1028 1876 1015 1877 1028 1877 1027 1877 1038 1878 1016 1878 1015 1878 1039 1879 1027 1879 1028 1879 1016 1880 1017 1880 1029 1880 1016 1881 1029 1881 1028 1881 1038 1882 1017 1882 1016 1882 1039 1883 1028 1883 1029 1883 1017 1884 1018 1884 1030 1884 1017 1885 1030 1885 1029 1885 1038 1886 1018 1886 1017 1886 1039 1887 1029 1887 1030 1887 1018 1888 1019 1888 1031 1888 1018 1889 1031 1889 1030 1889 1038 1890 1019 1890 1018 1890 1039 1891 1030 1891 1031 1891 1019 1892 1020 1892 1032 1892 1019 1893 1032 1893 1031 1893 1038 1894 1020 1894 1019 1894 1039 1895 1031 1895 1032 1895 1020 1896 1021 1896 1033 1896 1020 1897 1033 1897 1032 1897 1038 1898 1021 1898 1020 1898 1039 1899 1032 1899 1033 1899 1021 1900 1022 1900 1034 1900 1021 1901 1034 1901 1033 1901 1038 1902 1022 1902 1021 1902 1039 1903 1033 1903 1034 1903 1022 1904 1023 1904 1035 1904 1022 1905 1035 1905 1034 1905 1038 1906 1023 1906 1022 1906 1039 1907 1034 1907 1035 1907 1023 1908 1024 1908 1036 1908 1023 1909 1036 1909 1035 1909 1038 1910 1024 1910 1023 1910 1039 1911 1035 1911 1036 1911 1024 1912 1025 1912 1037 1912 1024 1913 1037 1913 1036 1913 1038 1914 1025 1914 1024 1914 1039 1915 1036 1915 1037 1915 1025 1916 1014 1916 1026 1916 1025 1917 1026 1917 1037 1917 1038 1918 1014 1918 1025 1918 1039 1919 1037 1919 1026 1919 1040 1920 1041 1920 1053 1920 1040 1921 1053 1921 1052 1921 1064 1922 1041 1922 1040 1922 1065 1923 1052 1923 1053 1923 1041 1924 1042 1924 1054 1924 1041 1925 1054 1925 1053 1925 1064 1926 1042 1926 1041 1926 1065 1927 1053 1927 1054 1927 1042 1928 1043 1928 1055 1928 1042 1929 1055 1929 1054 1929 1064 1930 1043 1930 1042 1930 1065 1931 1054 1931 1055 1931 1043 1932 1044 1932 1056 1932 1043 1933 1056 1933 1055 1933 1064 1934 1044 1934 1043 1934 1065 1935 1055 1935 1056 1935 1044 1936 1045 1936 1057 1936 1044 1937 1057 1937 1056 1937 1064 1938 1045 1938 1044 1938 1065 1939 1056 1939 1057 1939 1045 1940 1046 1940 1058 1940 1045 1941 1058 1941 1057 1941 1064 1942 1046 1942 1045 1942 1065 1943 1057 1943 1058 1943 1046 1944 1047 1944 1059 1944 1046 1945 1059 1945 1058 1945 1064 1946 1047 1946 1046 1946 1065 1947 1058 1947 1059 1947 1047 1948 1048 1948 1060 1948 1047 1949 1060 1949 1059 1949 1064 1950 1048 1950 1047 1950 1065 1951 1059 1951 1060 1951 1048 1952 1049 1952 1061 1952 1048 1953 1061 1953 1060 1953 1064 1954 1049 1954 1048 1954 1065 1955 1060 1955 1061 1955 1049 1956 1050 1956 1062 1956 1049 1957 1062 1957 1061 1957 1064 1958 1050 1958 1049 1958 1065 1959 1061 1959 1062 1959 1050 1960 1051 1960 1063 1960 1050 1961 1063 1961 1062 1961 1064 1962 1051 1962 1050 1962 1065 1963 1062 1963 1063 1963 1051 1964 1040 1964 1052 1964 1051 1965 1052 1965 1063 1965 1064 1966 1040 1966 1051 1966 1065 1967 1063 1967 1052 1967 1066 1968 1067 1968 1079 1968 1066 1969 1079 1969 1078 1969 1090 1970 1067 1970 1066 1970 1091 1971 1078 1971 1079 1971 1067 1972 1068 1972 1080 1972 1067 1973 1080 1973 1079 1973 1090 1974 1068 1974 1067 1974 1091 1975 1079 1975 1080 1975 1068 1976 1069 1976 1081 1976 1068 1977 1081 1977 1080 1977 1090 1978 1069 1978 1068 1978 1091 1979 1080 1979 1081 1979 1069 1980 1070 1980 1082 1980 1069 1981 1082 1981 1081 1981 1090 1982 1070 1982 1069 1982 1091 1983 1081 1983 1082 1983 1070 1984 1071 1984 1083 1984 1070 1985 1083 1985 1082 1985 1090 1986 1071 1986 1070 1986 1091 1987 1082 1987 1083 1987 1071 1988 1072 1988 1084 1988 1071 1989 1084 1989 1083 1989 1090 1990 1072 1990 1071 1990 1091 1991 1083 1991 1084 1991 1072 1992 1073 1992 1085 1992 1072 1993 1085 1993 1084 1993 1090 1994 1073 1994 1072 1994 1091 1995 1084 1995 1085 1995 1073 1996 1074 1996 1086 1996 1073 1997 1086 1997 1085 1997 1090 1998 1074 1998 1073 1998 1091 1999 1085 1999 1086 1999 1074 2000 1075 2000 1087 2000 1074 2001 1087 2001 1086 2001 1090 2002 1075 2002 1074 2002 1091 2003 1086 2003 1087 2003 1075 2004 1076 2004 1088 2004 1075 2005 1088 2005 1087 2005 1090 2006 1076 2006 1075 2006 1091 2007 1087 2007 1088 2007 1076 2008 1077 2008 1089 2008 1076 2009 1089 2009 1088 2009 1090 2010 1077 2010 1076 2010 1091 2011 1088 2011 1089 2011 1077 2012 1066 2012 1078 2012 1077 2013 1078 2013 1089 2013 1090 2014 1066 2014 1077 2014 1091 2015 1089 2015 1078 2015 1092 2016 1093 2016 1105 2016 1092 2017 1105 2017 1104 2017 1116 2018 1093 2018 1092 2018 1117 2019 1104 2019 1105 2019 1093 2020 1094 2020 1106 2020 1093 2021 1106 2021 1105 2021 1116 2022 1094 2022 1093 2022 1117 2023 1105 2023 1106 2023 1094 2024 1095 2024 1107 2024 1094 2025 1107 2025 1106 2025 1116 2026 1095 2026 1094 2026 1117 2027 1106 2027 1107 2027 1095 2028 1096 2028 1108 2028 1095 2029 1108 2029 1107 2029 1116 2030 1096 2030 1095 2030 1117 2031 1107 2031 1108 2031 1096 2032 1097 2032 1109 2032 1096 2033 1109 2033 1108 2033 1116 2034 1097 2034 1096 2034 1117 2035 1108 2035 1109 2035 1097 2036 1098 2036 1110 2036 1097 2037 1110 2037 1109 2037 1116 2038 1098 2038 1097 2038 1117 2039 1109 2039 1110 2039 1098 2040 1099 2040 1111 2040 1098 2041 1111 2041 1110 2041 1116 2042 1099 2042 1098 2042 1117 2043 1110 2043 1111 2043 1099 2044 1100 2044 1112 2044 1099 2045 1112 2045 1111 2045 1116 2046 1100 2046 1099 2046 1117 2047 1111 2047 1112 2047 1100 2048 1101 2048 1113 2048 1100 2049 1113 2049 1112 2049 1116 2050 1101 2050 1100 2050 1117 2051 1112 2051 1113 2051 1101 2052 1102 2052 1114 2052 1101 2053 1114 2053 1113 2053 1116 2054 1102 2054 1101 2054 1117 2055 1113 2055 1114 2055 1102 2056 1103 2056 1115 2056 1102 2057 1115 2057 1114 2057 1116 2058 1103 2058 1102 2058 1117 2059 1114 2059 1115 2059 1103 2060 1092 2060 1104 2060 1103 2061 1104 2061 1115 2061 1116 2062 1092 2062 1103 2062 1117 2063 1115 2063 1104 2063 1118 2064 1119 2064 1131 2064 1118 2065 1131 2065 1130 2065 1142 2066 1119 2066 1118 2066 1143 2067 1130 2067 1131 2067 1119 2068 1120 2068 1132 2068 1119 2069 1132 2069 1131 2069 1142 2070 1120 2070 1119 2070 1143 2071 1131 2071 1132 2071 1120 2072 1121 2072 1133 2072 1120 2073 1133 2073 1132 2073 1142 2074 1121 2074 1120 2074 1143 2075 1132 2075 1133 2075 1121 2076 1122 2076 1134 2076 1121 2077 1134 2077 1133 2077 1142 2078 1122 2078 1121 2078 1143 2079 1133 2079 1134 2079 1122 2080 1123 2080 1135 2080 1122 2081 1135 2081 1134 2081 1142 2082 1123 2082 1122 2082 1143 2083 1134 2083 1135 2083 1123 2084 1124 2084 1136 2084 1123 2085 1136 2085 1135 2085 1142 2086 1124 2086 1123 2086 1143 2087 1135 2087 1136 2087 1124 2088 1125 2088 1137 2088 1124 2089 1137 2089 1136 2089 1142 2090 1125 2090 1124 2090 1143 2091 1136 2091 1137 2091 1125 2092 1126 2092 1138 2092 1125 2093 1138 2093 1137 2093 1142 2094 1126 2094 1125 2094 1143 2095 1137 2095 1138 2095 1126 2096 1127 2096 1139 2096 1126 2097 1139 2097 1138 2097 1142 2098 1127 2098 1126 2098 1143 2099 1138 2099 1139 2099 1127 2100 1128 2100 1140 2100 1127 2101 1140 2101 1139 2101 1142 2102 1128 2102 1127 2102 1143 2103 1139 2103 1140 2103 1128 2104 1129 2104 1141 2104 1128 2105 1141 2105 1140 2105 1142 2106 1129 2106 1128 2106 1143 2107 1140 2107 1141 2107 1129 2108 1118 2108 1130 2108 1129 2109 1130 2109 1141 2109 1142 2110 1118 2110 1129 2110 1143 2111 1141 2111 1130 2111 1144 2112 1145 2112 1157 2112 1144 2113 1157 2113 1156 2113 1168 2114 1145 2114 1144 2114 1169 2115 1156 2115 1157 2115 1145 2116 1146 2116 1158 2116 1145 2117 1158 2117 1157 2117 1168 2118 1146 2118 1145 2118 1169 2119 1157 2119 1158 2119 1146 2120 1147 2120 1159 2120 1146 2121 1159 2121 1158 2121 1168 2122 1147 2122 1146 2122 1169 2123 1158 2123 1159 2123 1147 2124 1148 2124 1160 2124 1147 2125 1160 2125 1159 2125 1168 2126 1148 2126 1147 2126 1169 2127 1159 2127 1160 2127 1148 2128 1149 2128 1161 2128 1148 2129 1161 2129 1160 2129 1168 2130 1149 2130 1148 2130 1169 2131 1160 2131 1161 2131 1149 2132 1150 2132 1162 2132 1149 2133 1162 2133 1161 2133 1168 2134 1150 2134 1149 2134 1169 2135 1161 2135 1162 2135 1150 2136 1151 2136 1163 2136 1150 2137 1163 2137 1162 2137 1168 2138 1151 2138 1150 2138 1169 2139 1162 2139 1163 2139 1151 2140 1152 2140 1164 2140 1151 2141 1164 2141 1163 2141 1168 2142 1152 2142 1151 2142 1169 2143 1163 2143 1164 2143 1152 2144 1153 2144 1165 2144 1152 2145 1165 2145 1164 2145 1168 2146 1153 2146 1152 2146 1169 2147 1164 2147 1165 2147 1153 2148 1154 2148 1166 2148 1153 2149 1166 2149 1165 2149 1168 2150 1154 2150 1153 2150 1169 2151 1165 2151 1166 2151 1154 2152 1155 2152 1167 2152 1154 2153 1167 2153 1166 2153 1168 2154 1155 2154 1154 2154 1169 2155 1166 2155 1167 2155 1155 2156 1144 2156 1156 2156 1155 2157 1156 2157 1167 2157 1168 2158 1144 2158 1155 2158 1169 2159 1167 2159 1156 2159 1170 2160 1171 2160 1183 2160 1170 2161 1183 2161 1182 2161 1194 2162 1171 2162 1170 2162 1195 2163 1182 2163 1183 2163 1171 2164 1172 2164 1184 2164 1171 2165 1184 2165 1183 2165 1194 2166 1172 2166 1171 2166 1195 2167 1183 2167 1184 2167 1172 2168 1173 2168 1185 2168 1172 2169 1185 2169 1184 2169 1194 2170 1173 2170 1172 2170 1195 2171 1184 2171 1185 2171 1173 2172 1174 2172 1186 2172 1173 2173 1186 2173 1185 2173 1194 2174 1174 2174 1173 2174 1195 2175 1185 2175 1186 2175 1174 2176 1175 2176 1187 2176 1174 2177 1187 2177 1186 2177 1194 2178 1175 2178 1174 2178 1195 2179 1186 2179 1187 2179 1175 2180 1176 2180 1188 2180 1175 2181 1188 2181 1187 2181 1194 2182 1176 2182 1175 2182 1195 2183 1187 2183 1188 2183 1176 2184 1177 2184 1189 2184 1176 2185 1189 2185 1188 2185 1194 2186 1177 2186 1176 2186 1195 2187 1188 2187 1189 2187 1177 2188 1178 2188 1190 2188 1177 2189 1190 2189 1189 2189 1194 2190 1178 2190 1177 2190 1195 2191 1189 2191 1190 2191 1178 2192 1179 2192 1191 2192 1178 2193 1191 2193 1190 2193 1194 2194 1179 2194 1178 2194 1195 2195 1190 2195 1191 2195 1179 2196 1180 2196 1192 2196 1179 2197 1192 2197 1191 2197 1194 2198 1180 2198 1179 2198 1195 2199 1191 2199 1192 2199 1180 2200 1181 2200 1193 2200 1180 2201 1193 2201 1192 2201 1194 2202 1181 2202 1180 2202 1195 2203 1192 2203 1193 2203 1181 2204 1170 2204 1182 2204 1181 2205 1182 2205 1193 2205 1194 2206 1170 2206 1181 2206 1195 2207 1193 2207 1182 2207 1196 2208 1197 2208 1209 2208 1196 2209 1209 2209 1208 2209 1220 2210 1197 2210 1196 2210 1221 2211 1208 2211 1209 2211 1197 2212 1198 2212 1210 2212 1197 2213 1210 2213 1209 2213 1220 2214 1198 2214 1197 2214 1221 2215 1209 2215 1210 2215 1198 2216 1199 2216 1211 2216 1198 2217 1211 2217 1210 2217 1220 2218 1199 2218 1198 2218 1221 2219 1210 2219 1211 2219 1199 2220 1200 2220 1212 2220 1199 2221 1212 2221 1211 2221 1220 2222 1200 2222 1199 2222 1221 2223 1211 2223 1212 2223 1200 2224 1201 2224 1213 2224 1200 2225 1213 2225 1212 2225 1220 2226 1201 2226 1200 2226 1221 2227 1212 2227 1213 2227 1201 2228 1202 2228 1214 2228 1201 2229 1214 2229 1213 2229 1220 2230 1202 2230 1201 2230 1221 2231 1213 2231 1214 2231 1202 2232 1203 2232 1215 2232 1202 2233 1215 2233 1214 2233 1220 2234 1203 2234 1202 2234 1221 2235 1214 2235 1215 2235 1203 2236 1204 2236 1216 2236 1203 2237 1216 2237 1215 2237 1220 2238 1204 2238 1203 2238 1221 2239 1215 2239 1216 2239 1204 2240 1205 2240 1217 2240 1204 2241 1217 2241 1216 2241 1220 2242 1205 2242 1204 2242 1221 2243 1216 2243 1217 2243 1205 2244 1206 2244 1218 2244 1205 2245 1218 2245 1217 2245 1220 2246 1206 2246 1205 2246 1221 2247 1217 2247 1218 2247 1206 2248 1207 2248 1219 2248 1206 2249 1219 2249 1218 2249 1220 2250 1207 2250 1206 2250 1221 2251 1218 2251 1219 2251 1207 2252 1196 2252 1208 2252 1207 2253 1208 2253 1219 2253 1220 2254 1196 2254 1207 2254 1221 2255 1219 2255 1208 2255 1222 2256 1223 2256 1235 2256 1222 2257 1235 2257 1234 2257 1246 2258 1223 2258 1222 2258 1247 2259 1234 2259 1235 2259 1223 2260 1224 2260 1236 2260 1223 2261 1236 2261 1235 2261 1246 2262 1224 2262 1223 2262 1247 2263 1235 2263 1236 2263 1224 2264 1225 2264 1237 2264 1224 2265 1237 2265 1236 2265 1246 2266 1225 2266 1224 2266 1247 2267 1236 2267 1237 2267 1225 2268 1226 2268 1238 2268 1225 2269 1238 2269 1237 2269 1246 2270 1226 2270 1225 2270 1247 2271 1237 2271 1238 2271 1226 2272 1227 2272 1239 2272 1226 2273 1239 2273 1238 2273 1246 2274 1227 2274 1226 2274 1247 2275 1238 2275 1239 2275 1227 2276 1228 2276 1240 2276 1227 2277 1240 2277 1239 2277 1246 2278 1228 2278 1227 2278 1247 2279 1239 2279 1240 2279 1228 2280 1229 2280 1241 2280 1228 2281 1241 2281 1240 2281 1246 2282 1229 2282 1228 2282 1247 2283 1240 2283 1241 2283 1229 2284 1230 2284 1242 2284 1229 2285 1242 2285 1241 2285 1246 2286 1230 2286 1229 2286 1247 2287 1241 2287 1242 2287 1230 2288 1231 2288 1243 2288 1230 2289 1243 2289 1242 2289 1246 2290 1231 2290 1230 2290 1247 2291 1242 2291 1243 2291 1231 2292 1232 2292 1244 2292 1231 2293 1244 2293 1243 2293 1246 2294 1232 2294 1231 2294 1247 2295 1243 2295 1244 2295 1232 2296 1233 2296 1245 2296 1232 2297 1245 2297 1244 2297 1246 2298 1233 2298 1232 2298 1247 2299 1244 2299 1245 2299 1233 2300 1222 2300 1234 2300 1233 2301 1234 2301 1245 2301 1246 2302 1222 2302 1233 2302 1247 2303 1245 2303 1234 2303 1248 2304 1249 2304 1261 2304 1248 2305 1261 2305 1260 2305 1272 2306 1249 2306 1248 2306 1273 2307 1260 2307 1261 2307 1249 2308 1250 2308 1262 2308 1249 2309 1262 2309 1261 2309 1272 2310 1250 2310 1249 2310 1273 2311 1261 2311 1262 2311 1250 2312 1251 2312 1263 2312 1250 2313 1263 2313 1262 2313 1272 2314 1251 2314 1250 2314 1273 2315 1262 2315 1263 2315 1251 2316 1252 2316 1264 2316 1251 2317 1264 2317 1263 2317 1272 2318 1252 2318 1251 2318 1273 2319 1263 2319 1264 2319 1252 2320 1253 2320 1265 2320 1252 2321 1265 2321 1264 2321 1272 2322 1253 2322 1252 2322 1273 2323 1264 2323 1265 2323 1253 2324 1254 2324 1266 2324 1253 2325 1266 2325 1265 2325 1272 2326 1254 2326 1253 2326 1273 2327 1265 2327 1266 2327 1254 2328 1255 2328 1267 2328 1254 2329 1267 2329 1266 2329 1272 2330 1255 2330 1254 2330 1273 2331 1266 2331 1267 2331 1255 2332 1256 2332 1268 2332 1255 2333 1268 2333 1267 2333 1272 2334 1256 2334 1255 2334 1273 2335 1267 2335 1268 2335 1256 2336 1257 2336 1269 2336 1256 2337 1269 2337 1268 2337 1272 2338 1257 2338 1256 2338 1273 2339 1268 2339 1269 2339 1257 2340 1258 2340 1270 2340 1257 2341 1270 2341 1269 2341 1272 2342 1258 2342 1257 2342 1273 2343 1269 2343 1270 2343 1258 2344 1259 2344 1271 2344 1258 2345 1271 2345 1270 2345 1272 2346 1259 2346 1258 2346 1273 2347 1270 2347 1271 2347 1259 2348 1248 2348 1260 2348 1259 2349 1260 2349 1271 2349 1272 2350 1248 2350 1259 2350 1273 2351 1271 2351 1260 2351 1274 2352 1275 2352 1287 2352 1274 2353 1287 2353 1286 2353 1298 2354 1275 2354 1274 2354 1299 2355 1286 2355 1287 2355 1275 2356 1276 2356 1288 2356 1275 2357 1288 2357 1287 2357 1298 2358 1276 2358 1275 2358 1299 2359 1287 2359 1288 2359 1276 2360 1277 2360 1289 2360 1276 2361 1289 2361 1288 2361 1298 2362 1277 2362 1276 2362 1299 2363 1288 2363 1289 2363 1277 2364 1278 2364 1290 2364 1277 2365 1290 2365 1289 2365 1298 2366 1278 2366 1277 2366 1299 2367 1289 2367 1290 2367 1278 2368 1279 2368 1291 2368 1278 2369 1291 2369 1290 2369 1298 2370 1279 2370 1278 2370 1299 2371 1290 2371 1291 2371 1279 2372 1280 2372 1292 2372 1279 2373 1292 2373 1291 2373 1298 2374 1280 2374 1279 2374 1299 2375 1291 2375 1292 2375 1280 2376 1281 2376 1293 2376 1280 2377 1293 2377 1292 2377 1298 2378 1281 2378 1280 2378 1299 2379 1292 2379 1293 2379 1281 2380 1282 2380 1294 2380 1281 2381 1294 2381 1293 2381 1298 2382 1282 2382 1281 2382 1299 2383 1293 2383 1294 2383 1282 2384 1283 2384 1295 2384 1282 2385 1295 2385 1294 2385 1298 2386 1283 2386 1282 2386 1299 2387 1294 2387 1295 2387 1283 2388 1284 2388 1296 2388 1283 2389 1296 2389 1295 2389 1298 2390 1284 2390 1283 2390 1299 2391 1295 2391 1296 2391 1284 2392 1285 2392 1297 2392 1284 2393 1297 2393 1296 2393 1298 2394 1285 2394 1284 2394 1299 2395 1296 2395 1297 2395 1285 2396 1274 2396 1286 2396 1285 2397 1286 2397 1297 2397 1298 2398 1274 2398 1285 2398 1299 2399 1297 2399 1286 2399 1300 2400 1301 2400 1313 2400 1300 2401 1313 2401 1312 2401 1324 2402 1301 2402 1300 2402 1325 2403 1312 2403 1313 2403 1301 2404 1302 2404 1314 2404 1301 2405 1314 2405 1313 2405 1324 2406 1302 2406 1301 2406 1325 2407 1313 2407 1314 2407 1302 2408 1303 2408 1315 2408 1302 2409 1315 2409 1314 2409 1324 2410 1303 2410 1302 2410 1325 2411 1314 2411 1315 2411 1303 2412 1304 2412 1316 2412 1303 2413 1316 2413 1315 2413 1324 2414 1304 2414 1303 2414 1325 2415 1315 2415 1316 2415 1304 2416 1305 2416 1317 2416 1304 2417 1317 2417 1316 2417 1324 2418 1305 2418 1304 2418 1325 2419 1316 2419 1317 2419 1305 2420 1306 2420 1318 2420 1305 2421 1318 2421 1317 2421 1324 2422 1306 2422 1305 2422 1325 2423 1317 2423 1318 2423 1306 2424 1307 2424 1319 2424 1306 2425 1319 2425 1318 2425 1324 2426 1307 2426 1306 2426 1325 2427 1318 2427 1319 2427 1307 2428 1308 2428 1320 2428 1307 2429 1320 2429 1319 2429 1324 2430 1308 2430 1307 2430 1325 2431 1319 2431 1320 2431 1308 2432 1309 2432 1321 2432 1308 2433 1321 2433 1320 2433 1324 2434 1309 2434 1308 2434 1325 2435 1320 2435 1321 2435 1309 2436 1310 2436 1322 2436 1309 2437 1322 2437 1321 2437 1324 2438 1310 2438 1309 2438 1325 2439 1321 2439 1322 2439 1310 2440 1311 2440 1323 2440 1310 2441 1323 2441 1322 2441 1324 2442 1311 2442 1310 2442 1325 2443 1322 2443 1323 2443 1311 2444 1300 2444 1312 2444 1311 2445 1312 2445 1323 2445 1324 2446 1300 2446 1311 2446 1325 2447 1323 2447 1312 2447 1326 2448 1327 2448 1339 2448 1326 2449 1339 2449 1338 2449 1350 2450 1327 2450 1326 2450 1351 2451 1338 2451 1339 2451 1327 2452 1328 2452 1340 2452 1327 2453 1340 2453 1339 2453 1350 2454 1328 2454 1327 2454 1351 2455 1339 2455 1340 2455 1328 2456 1329 2456 1341 2456 1328 2457 1341 2457 1340 2457 1350 2458 1329 2458 1328 2458 1351 2459 1340 2459 1341 2459 1329 2460 1330 2460 1342 2460 1329 2461 1342 2461 1341 2461 1350 2462 1330 2462 1329 2462 1351 2463 1341 2463 1342 2463 1330 2464 1331 2464 1343 2464 1330 2465 1343 2465 1342 2465 1350 2466 1331 2466 1330 2466 1351 2467 1342 2467 1343 2467 1331 2468 1332 2468 1344 2468 1331 2469 1344 2469 1343 2469 1350 2470 1332 2470 1331 2470 1351 2471 1343 2471 1344 2471 1332 2472 1333 2472 1345 2472 1332 2473 1345 2473 1344 2473 1350 2474 1333 2474 1332 2474 1351 2475 1344 2475 1345 2475 1333 2476 1334 2476 1346 2476 1333 2477 1346 2477 1345 2477 1350 2478 1334 2478 1333 2478 1351 2479 1345 2479 1346 2479 1334 2480 1335 2480 1347 2480 1334 2481 1347 2481 1346 2481 1350 2482 1335 2482 1334 2482 1351 2483 1346 2483 1347 2483 1335 2484 1336 2484 1348 2484 1335 2485 1348 2485 1347 2485 1350 2486 1336 2486 1335 2486 1351 2487 1347 2487 1348 2487 1336 2488 1337 2488 1349 2488 1336 2489 1349 2489 1348 2489 1350 2490 1337 2490 1336 2490 1351 2491 1348 2491 1349 2491 1337 2492 1326 2492 1338 2492 1337 2493 1338 2493 1349 2493 1350 2494 1326 2494 1337 2494 1351 2495 1349 2495 1338 2495 1352 2496 1353 2496 1365 2496 1352 2497 1365 2497 1364 2497 1376 2498 1353 2498 1352 2498 1377 2499 1364 2499 1365 2499 1353 2500 1354 2500 1366 2500 1353 2501 1366 2501 1365 2501 1376 2502 1354 2502 1353 2502 1377 2503 1365 2503 1366 2503 1354 2504 1355 2504 1367 2504 1354 2505 1367 2505 1366 2505 1376 2506 1355 2506 1354 2506 1377 2507 1366 2507 1367 2507 1355 2508 1356 2508 1368 2508 1355 2509 1368 2509 1367 2509 1376 2510 1356 2510 1355 2510 1377 2511 1367 2511 1368 2511 1356 2512 1357 2512 1369 2512 1356 2513 1369 2513 1368 2513 1376 2514 1357 2514 1356 2514 1377 2515 1368 2515 1369 2515 1357 2516 1358 2516 1370 2516 1357 2517 1370 2517 1369 2517 1376 2518 1358 2518 1357 2518 1377 2519 1369 2519 1370 2519 1358 2520 1359 2520 1371 2520 1358 2521 1371 2521 1370 2521 1376 2522 1359 2522 1358 2522 1377 2523 1370 2523 1371 2523 1359 2524 1360 2524 1372 2524 1359 2525 1372 2525 1371 2525 1376 2526 1360 2526 1359 2526 1377 2527 1371 2527 1372 2527 1360 2528 1361 2528 1373 2528 1360 2529 1373 2529 1372 2529 1376 2530 1361 2530 1360 2530 1377 2531 1372 2531 1373 2531 1361 2532 1362 2532 1374 2532 1361 2533 1374 2533 1373 2533 1376 2534 1362 2534 1361 2534 1377 2535 1373 2535 1374 2535 1362 2536 1363 2536 1375 2536 1362 2537 1375 2537 1374 2537 1376 2538 1363 2538 1362 2538 1377 2539 1374 2539 1375 2539 1363 2540 1352 2540 1364 2540 1363 2541 1364 2541 1375 2541 1376 2542 1352 2542 1363 2542 1377 2543 1375 2543 1364 2543 1378 2544 1379 2544 1391 2544 1378 2545 1391 2545 1390 2545 1402 2546 1379 2546 1378 2546 1403 2547 1390 2547 1391 2547 1379 2548 1380 2548 1392 2548 1379 2549 1392 2549 1391 2549 1402 2550 1380 2550 1379 2550 1403 2551 1391 2551 1392 2551 1380 2552 1381 2552 1393 2552 1380 2553 1393 2553 1392 2553 1402 2554 1381 2554 1380 2554 1403 2555 1392 2555 1393 2555 1381 2556 1382 2556 1394 2556 1381 2557 1394 2557 1393 2557 1402 2558 1382 2558 1381 2558 1403 2559 1393 2559 1394 2559 1382 2560 1383 2560 1395 2560 1382 2561 1395 2561 1394 2561 1402 2562 1383 2562 1382 2562 1403 2563 1394 2563 1395 2563 1383 2564 1384 2564 1396 2564 1383 2565 1396 2565 1395 2565 1402 2566 1384 2566 1383 2566 1403 2567 1395 2567 1396 2567 1384 2568 1385 2568 1397 2568 1384 2569 1397 2569 1396 2569 1402 2570 1385 2570 1384 2570 1403 2571 1396 2571 1397 2571 1385 2572 1386 2572 1398 2572 1385 2573 1398 2573 1397 2573 1402 2574 1386 2574 1385 2574 1403 2575 1397 2575 1398 2575 1386 2576 1387 2576 1399 2576 1386 2577 1399 2577 1398 2577 1402 2578 1387 2578 1386 2578 1403 2579 1398 2579 1399 2579 1387 2580 1388 2580 1400 2580 1387 2581 1400 2581 1399 2581 1402 2582 1388 2582 1387 2582 1403 2583 1399 2583 1400 2583 1388 2584 1389 2584 1401 2584 1388 2585 1401 2585 1400 2585 1402 2586 1389 2586 1388 2586 1403 2587 1400 2587 1401 2587 1389 2588 1378 2588 1390 2588 1389 2589 1390 2589 1401 2589 1402 2590 1378 2590 1389 2590 1403 2591 1401 2591 1390 2591 1404 2592 1405 2592 1417 2592 1404 2593 1417 2593 1416 2593 1428 2594 1405 2594 1404 2594 1429 2595 1416 2595 1417 2595 1405 2596 1406 2596 1418 2596 1405 2597 1418 2597 1417 2597 1428 2598 1406 2598 1405 2598 1429 2599 1417 2599 1418 2599 1406 2600 1407 2600 1419 2600 1406 2601 1419 2601 1418 2601 1428 2602 1407 2602 1406 2602 1429 2603 1418 2603 1419 2603 1407 2604 1408 2604 1420 2604 1407 2605 1420 2605 1419 2605 1428 2606 1408 2606 1407 2606 1429 2607 1419 2607 1420 2607 1408 2608 1409 2608 1421 2608 1408 2609 1421 2609 1420 2609 1428 2610 1409 2610 1408 2610 1429 2611 1420 2611 1421 2611 1409 2612 1410 2612 1422 2612 1409 2613 1422 2613 1421 2613 1428 2614 1410 2614 1409 2614 1429 2615 1421 2615 1422 2615 1410 2616 1411 2616 1423 2616 1410 2617 1423 2617 1422 2617 1428 2618 1411 2618 1410 2618 1429 2619 1422 2619 1423 2619 1411 2620 1412 2620 1424 2620 1411 2621 1424 2621 1423 2621 1428 2622 1412 2622 1411 2622 1429 2623 1423 2623 1424 2623 1412 2624 1413 2624 1425 2624 1412 2625 1425 2625 1424 2625 1428 2626 1413 2626 1412 2626 1429 2627 1424 2627 1425 2627 1413 2628 1414 2628 1426 2628 1413 2629 1426 2629 1425 2629 1428 2630 1414 2630 1413 2630 1429 2631 1425 2631 1426 2631 1414 2632 1415 2632 1427 2632 1414 2633 1427 2633 1426 2633 1428 2634 1415 2634 1414 2634 1429 2635 1426 2635 1427 2635 1415 2636 1404 2636 1416 2636 1415 2637 1416 2637 1427 2637 1428 2638 1404 2638 1415 2638 1429 2639 1427 2639 1416 2639 1430 2640 1431 2640 1443 2640 1430 2641 1443 2641 1442 2641 1454 2642 1431 2642 1430 2642 1455 2643 1442 2643 1443 2643 1431 2644 1432 2644 1444 2644 1431 2645 1444 2645 1443 2645 1454 2646 1432 2646 1431 2646 1455 2647 1443 2647 1444 2647 1432 2648 1433 2648 1445 2648 1432 2649 1445 2649 1444 2649 1454 2650 1433 2650 1432 2650 1455 2651 1444 2651 1445 2651 1433 2652 1434 2652 1446 2652 1433 2653 1446 2653 1445 2653 1454 2654 1434 2654 1433 2654 1455 2655 1445 2655 1446 2655 1434 2656 1435 2656 1447 2656 1434 2657 1447 2657 1446 2657 1454 2658 1435 2658 1434 2658 1455 2659 1446 2659 1447 2659 1435 2660 1436 2660 1448 2660 1435 2661 1448 2661 1447 2661 1454 2662 1436 2662 1435 2662 1455 2663 1447 2663 1448 2663 1436 2664 1437 2664 1449 2664 1436 2665 1449 2665 1448 2665 1454 2666 1437 2666 1436 2666 1455 2667 1448 2667 1449 2667 1437 2668 1438 2668 1450 2668 1437 2669 1450 2669 1449 2669 1454 2670 1438 2670 1437 2670 1455 2671 1449 2671 1450 2671 1438 2672 1439 2672 1451 2672 1438 2673 1451 2673 1450 2673 1454 2674 1439 2674 1438 2674 1455 2675 1450 2675 1451 2675 1439 2676 1440 2676 1452 2676 1439 2677 1452 2677 1451 2677 1454 2678 1440 2678 1439 2678 1455 2679 1451 2679 1452 2679 1440 2680 1441 2680 1453 2680 1440 2681 1453 2681 1452 2681 1454 2682 1441 2682 1440 2682 1455 2683 1452 2683 1453 2683 1441 2684 1430 2684 1442 2684 1441 2685 1442 2685 1453 2685 1454 2686 1430 2686 1441 2686 1455 2687 1453 2687 1442 2687 1456 2688 1457 2688 1469 2688 1456 2689 1469 2689 1468 2689 1480 2690 1457 2690 1456 2690 1481 2691 1468 2691 1469 2691 1457 2692 1458 2692 1470 2692 1457 2693 1470 2693 1469 2693 1480 2694 1458 2694 1457 2694 1481 2695 1469 2695 1470 2695 1458 2696 1459 2696 1471 2696 1458 2697 1471 2697 1470 2697 1480 2698 1459 2698 1458 2698 1481 2699 1470 2699 1471 2699 1459 2700 1460 2700 1472 2700 1459 2701 1472 2701 1471 2701 1480 2702 1460 2702 1459 2702 1481 2703 1471 2703 1472 2703 1460 2704 1461 2704 1473 2704 1460 2705 1473 2705 1472 2705 1480 2706 1461 2706 1460 2706 1481 2707 1472 2707 1473 2707 1461 2708 1462 2708 1474 2708 1461 2709 1474 2709 1473 2709 1480 2710 1462 2710 1461 2710 1481 2711 1473 2711 1474 2711 1462 2712 1463 2712 1475 2712 1462 2713 1475 2713 1474 2713 1480 2714 1463 2714 1462 2714 1481 2715 1474 2715 1475 2715 1463 2716 1464 2716 1476 2716 1463 2717 1476 2717 1475 2717 1480 2718 1464 2718 1463 2718 1481 2719 1475 2719 1476 2719 1464 2720 1465 2720 1477 2720 1464 2721 1477 2721 1476 2721 1480 2722 1465 2722 1464 2722 1481 2723 1476 2723 1477 2723 1465 2724 1466 2724 1478 2724 1465 2725 1478 2725 1477 2725 1480 2726 1466 2726 1465 2726 1481 2727 1477 2727 1478 2727 1466 2728 1467 2728 1479 2728 1466 2729 1479 2729 1478 2729 1480 2730 1467 2730 1466 2730 1481 2731 1478 2731 1479 2731 1467 2732 1456 2732 1468 2732 1467 2733 1468 2733 1479 2733 1480 2734 1456 2734 1467 2734 1481 2735 1479 2735 1468 2735 1482 2736 1483 2736 1495 2736 1482 2737 1495 2737 1494 2737 1506 2738 1483 2738 1482 2738 1507 2739 1494 2739 1495 2739 1483 2740 1484 2740 1496 2740 1483 2741 1496 2741 1495 2741 1506 2742 1484 2742 1483 2742 1507 2743 1495 2743 1496 2743 1484 2744 1485 2744 1497 2744 1484 2745 1497 2745 1496 2745 1506 2746 1485 2746 1484 2746 1507 2747 1496 2747 1497 2747 1485 2748 1486 2748 1498 2748 1485 2749 1498 2749 1497 2749 1506 2750 1486 2750 1485 2750 1507 2751 1497 2751 1498 2751 1486 2752 1487 2752 1499 2752 1486 2753 1499 2753 1498 2753 1506 2754 1487 2754 1486 2754 1507 2755 1498 2755 1499 2755 1487 2756 1488 2756 1500 2756 1487 2757 1500 2757 1499 2757 1506 2758 1488 2758 1487 2758 1507 2759 1499 2759 1500 2759 1488 2760 1489 2760 1501 2760 1488 2761 1501 2761 1500 2761 1506 2762 1489 2762 1488 2762 1507 2763 1500 2763 1501 2763 1489 2764 1490 2764 1502 2764 1489 2765 1502 2765 1501 2765 1506 2766 1490 2766 1489 2766 1507 2767 1501 2767 1502 2767 1490 2768 1491 2768 1503 2768 1490 2769 1503 2769 1502 2769 1506 2770 1491 2770 1490 2770 1507 2771 1502 2771 1503 2771 1491 2772 1492 2772 1504 2772 1491 2773 1504 2773 1503 2773 1506 2774 1492 2774 1491 2774 1507 2775 1503 2775 1504 2775 1492 2776 1493 2776 1505 2776 1492 2777 1505 2777 1504 2777 1506 2778 1493 2778 1492 2778 1507 2779 1504 2779 1505 2779 1493 2780 1482 2780 1494 2780 1493 2781 1494 2781 1505 2781 1506 2782 1482 2782 1493 2782 1507 2783 1505 2783 1494 2783</p>
      </triangles>
      </mesh>
    </geometry>
  </library_geometries>
  <library_visual_scenes>
    <visual_scene id="Scene" name="Scene">
        <node id="alu-node" name="alu" type="NODE">
          <instance_geometry url="#alu-geo">
            <bind_material><technique_common>
              <instance_material symbol="alu-sym" target="#alu-mat"/>
            </technique_common></bind_material>
          </instance_geometry>
        </node>
    </visual_scene>
  </library_visual_scenes>
  <scene><instance_visual_scene url="#Scene"/></scene>
</COLLADA>
